"Company Name","Website","HQ Country","Industry / Market","Employee Count","Last Funding Stage","Last Funding Amount","Last Funding Date","Total Funding","Key Investors","HQ Countries","Team Countries","Intl Hiring (Countries)","Open Jobs (Last 3 Mo)","Remote Hiring %","Hiring Keywords","Data Source","Targeting Rationale (AGS Context)","CHROs","Director + HR","All C-Suite","Update People Search (Find people Table) - 2026-06-03T21:47:33.031Z","Update People Search (Find people Table) - 2026-06-04T14:41:11.370Z","Update People Search (Find people Table) - 2026-06-04T17:32:01.701Z","Update People Search (Find people Table) - 2026-06-05T19:59:24.770Z"
"Aidoc","aidoc.com","United States","Artificial Intelligence (AI);Health Care;Machine Learning;Medical Device",579,"Series E","$150M","2026-04-29","$560M","Alpha Intelligence Capital;General Catalyst;Goldman Sachs Alternatives;Mercy;NVentures;SoftBank Investment Advisers;Square Peg Capital;Sutter Health;TCV;TLV Partners","United States","Israel;United States;United Kingdom;Spain;France;Malaysia;Thailand;Brazil;Canada;Denmark;Germany;India;Puerto Rico;South Africa;Turkey",1,32,"24%","remote","GoodFit","Recent funding: $150M Series E (2026-04-29) | Hiring in 1 countries outside HQ | 32 open roles (last 3 mo) | Source: GoodFit",,,,,,,
"Aiper","aiper.com","United States","Cleaning Products;Outdoors;Robotics",84,"Venture - Series UNKNOWN","$138M","2025-04-01","$213M","Borchid Capital;CMB International Capital Corporation;Fengqiao Capital;Fluidra;Fosun RZ Capital;XVC;Yunqi Partners","United States","China;France;United States;Canada;Singapore;Australia;Spain;Brazil;Germany;Philippines;Romania;Saudi Arabia",4,14,"20%","remote","GoodFit","Recent funding: $138M Venture - Series UNKNOWN (2025-04-01) | Hiring in 4 countries outside HQ | 14 open roles (last 3 mo) | Source: GoodFit",,,,,,,
"AliveCor","alivecor.com","United States","Health Care;Information Technology;Medical Device;Mobile;Software",209,"Series F","","2022-08-16","$154M","Bold Capital Partners;Burrill & Company;GE Healthcare;Khosla Ventures;Mayo Clinic;Omron Healthcare;Oxford Finance LLC;Pegasus Tech Ventures;Qualcomm Ventures;Sweetwater Capital Partners;WP Global Partners","United States","United States;India;United Kingdom;Australia;Germany;Italy;Japan;South Africa;South Korea;Spain;Venezuela",2,12,"12%","remote","GoodFit","Recent funding:  Series F (2022-08-16) | Hiring in 2 countries outside HQ | 12 open roles (last 3 mo) | Source: GoodFit",,,,,,,
"Alloy Therapeutics, Inc.","alloytx.com","United States","Biopharma;Biotechnology;Life Science;Therapeutics",140,"Series E","$40M","2026-04-15","$168M","8VC;Alexandria Venture Investments;Echo Capital;Founders Fund;Gaingels;JIC Venture Growth Investments;Mubadala Capital Ventures;Peter Thiel;Presight Capital;Thiel Capital;Ulysses Holdings","United Kingdom;United States","United States;United Kingdom;Japan;Switzerland;Canada;France;Jersey;Togo",,13,"14%","remote","GoodFit","Recent funding: $40M Series E (2026-04-15) | 13 open roles (last 3 mo) | Source: GoodFit",,,,,,,
"Altia","altia.com","United States","Computer;Manufacturing;Navigation;Robotics;Software",69,"Venture - Series UNKNOWN","$2M","2022-08-04","$3M","FirstMile Ventures","United States","United States;Japan;France;Germany;South Korea;India;Poland;Spain;United Kingdom",,,"","","GoodFit","Recent funding: $2M Venture - Series UNKNOWN (2022-08-04) | Source: GoodFit",,,,,,,
"Asieris Pharmaceuticals","asieris.com","United States","Biotechnology;Health Care;Medical;Pharmaceutical",60,"Series D","$106M","2020-11-11","$176M","C&D Emerging Investment;CICC;China Highrun Capital Limited;Gopher Asset Management;Haoshuo Zhier Fund;Homsun Capital;Lapam Capital;Qiming Venture Partners;SAIC Capital;TriWise Capital;Xiamen C&D Corporation;YF Capital;Yanchuang Capital","United States","China;United States;Australia;United Kingdom",1,34,"","","GoodFit","Recent funding: $106M Series D (2020-11-11) | Hiring in 1 countries outside HQ | 34 open roles (last 3 mo) | Source: GoodFit",,,,,,,
"Astera Labs","asteralabs.com","United States","Automotive;Electronics;Intelligent Systems;Semiconductor",939,"Series D","$150M","2022-11-17","$206M","Atreides Management;Edelweiss Capital;Employee Stock Option Fund;Fidelity;Going Investment S.A.;Intel Capital;Oceanic Partners;Sutter Hill Ventures;VentureTech Alliance","Canada;China;India;Israel;Taiwan;United States","United States;India;Canada;Israel;Taiwan;Vietnam;Germany;China;Singapore;Bangladesh;Netherlands;Pakistan;South Korea;Thailand;United Arab Emirates",3,203,"0%","remote;global team","GoodFit","Recent funding: $150M Series D (2022-11-17) | Hiring in 3 countries outside HQ | 203 open roles (last 3 mo) | Source: GoodFit",,,,,,,
"Atmosic Technologies","atmosic.com","United States","Industrial Manufacturing;Manufacturing;Semiconductor;Wireless",67,"Series D","$40M","2025-03-03","$140M","Arden Road Investment;Clear Ventures;Dolby Family Ventures;Quantum Innovation Fund;Sutter Hill Ventures;Walden International","United States","United States;Taiwan;Canada;China;South Korea;Sweden",1,6,"","","GoodFit","Recent funding: $40M Series D (2025-03-03) | Hiring in 1 countries outside HQ | 6 open roles (last 3 mo) | Source: GoodFit",,,,,,,
"Auterion","auterion.com","United States","Artificial Intelligence (AI);Drone Management;Drones;Information Technology;Open Source;Operating Systems;Robotics;Software",182,"Corporate Round","","2025-11-18","$184M","Bessemer Venture Partners;Costanoa Ventures;Lakestar;Mosaic Ventures;Rheinmetall;Tectonic Ventures;U.S. Department of Defense","Germany;Switzerland;United States","Switzerland;United States;Germany;United Kingdom;Australia;Austria;Canada;Poland;Rwanda;Slovakia;Slovenia;Ukraine",2,96,"7%","remote;global team","GoodFit","Recent funding:  Corporate Round (2025-11-18) | Hiring in 2 countries outside HQ | 96 open roles (last 3 mo) | Source: GoodFit",,,,,,,
"Automated Architecture (AUAR)","auar.io","United Kingdom","Architecture;Manufacturing;Robotics;Web Development",38,"Venture - Series UNKNOWN","$7M","2025-06-04","$11M","Carmel Rafaeli;Common Magic;Concrete Venture Capital;Dorothy Chou;Inclusive Ventures Lab;Innovate UK;Luke Appleby;Margarita Skarkou;Miles Ahead;Nicolas Bearelle;Planet A Ventures;Shadow Ventures","United Kingdom","United Kingdom;United States;Belgium;Germany;Greece",1,12,"25%","remote","GoodFit","Recent funding: $7M Venture - Series UNKNOWN (2025-06-04) | Hiring in 1 countries outside HQ | 12 open roles (last 3 mo) | Source: GoodFit",,,,,,,
"Axelera AI","axelera.ai","Netherlands","AI Infrastructure;Artificial Intelligence (AI);Machine Learning;Semiconductor;Software",270,"Series C","$250M","2026-02-24","$453M","Bitfury Group;BlackRock;CDP Venture Capital;EIC Scaling Club;EuroHPC Joint Undertaking;European Innovation Council Fund;Innovation Industries;Invest-NL;Netherlands Enterprise Agency;SFPI-FPIM;Samsung Catalyst Fund;SiteGround Capital;Verve Ventures","Belgium;Netherlands;Switzerland","Netherlands;Switzerland;Italy;United Kingdom;United States;Belgium;France;Romania;Germany;Bulgaria;Greece;Spain;Austria;India;Poland;Portugal;Albania;Taiwan;Canada;Hungary;Indonesia;Ireland;Luxembourg;Mexico;Pakistan",36,598,"99%","remote;fully remote","GoodFit","Recent funding: $250M Series C (2026-02-24) | Hiring in 36 countries outside HQ | 598 open roles (last 3 mo) | 99% remote hiring | Source: GoodFit",,,,,,,
"BRINC Drones","brincdrones.com","United States","Aerospace;Artificial Intelligence (AI);Drones;Law Enforcement;Public Safety;Robotics",206,"Series B","$75M","2025-04-08","$157M","Adam Guild;Alameda Research;Dylan Field;Index Ventures;Mike Volpi;Motorola Solutions;Next Play Ventures;Ryan Petersen;Sam Altman;The Thiel Foundation","United States","United States;Brazil;Hong Kong",,44,"12%","remote","GoodFit","Recent funding: $75M Series B (2025-04-08) | 44 open roles (last 3 mo) | Source: GoodFit",,,,,,,
"Bear Robotics","bearrobotics.ai","United States","Artificial Intelligence (AI);Hospitality;Machine Learning;Robotics;Software",257,"Series C","$60M","2024-03-11","$176M","Cleveland Avenue;DSC Investment;IMM;IMM Private Equity;KT;LG Electronics;Lotte Accelerator;Smilegate Investment;SoftBank;Vela Partners","United States","South Korea;United States;Japan;Ireland;Taiwan;United Kingdom;Canada;Hong Kong;Vietnam",4,78,"","global team","GoodFit","Recent funding: $60M Series C (2024-03-11) | Hiring in 4 countries outside HQ | 78 open roles (last 3 mo) | Source: GoodFit",,,,,,,
"BlueSpace.ai","bluespace.ai","United States","Artificial Intelligence (AI);Automotive;Autonomous Vehicles;Transportation",13,"Venture - Series UNKNOWN","","2021-01-01","$4M","Alumni Ventures;Atinum Partners;Blue Ivy Ventures;Fusion Fund;GDP Venture;Kakao Ventures;Plug and Play;Steve Chen;UMC Capital;Wasabi Ventures","United States","United States;Brazil;India;Netherlands",,,"","","GoodFit","Recent funding:  Venture - Series UNKNOWN (2021-01-01) | Source: GoodFit",,,,,,,
"Carbon Robotics","carbonrobotics.com","United States","AgTech;Artificial Intelligence (AI);Robotics;Software",293,"Series D","$21M","2025-10-22","$21M","Anthos Capital;Bolt;Bond;FUSE;Giant Ventures;Ignition Partners;NVentures;Revolution;Sozo Ventures;Voyager Capital","United States","United States;Netherlands;Canada;Australia;Germany;France;Austria;Spain;Italy;United Kingdom;Denmark;India;Switzerland",5,49,"41%","remote","GoodFit","Recent funding: $21M Series D (2025-10-22) | Hiring in 5 countries outside HQ | 49 open roles (last 3 mo) | 41% remote hiring | Source: GoodFit",,,,,,,
"Ceribell │ AI-Powered Point-of-Care EEG","ceribell.com","United States","Biotechnology;Health Care;Health Diagnostics;Medical Device",402,"Series C","$50M","2022-09-21","$171M","Ally Bridge Group;Horizon Technology Finance;LivaNova;Longitude Capital;Optimas Capital Partners Fund;RA Capital Management;Red Tree Venture Capital;Redmile Group;The Rise Fund","United States","United States;Italy;Armenia;Canada;China;Egypt;Germany;Kenya;Peru",,99,"37%","remote","GoodFit","Recent funding: $50M Series C (2022-09-21) | 99 open roles (last 3 mo) | 37% remote hiring | Source: GoodFit",,,,,,,
"Cradle","cradle.bio","Netherlands","Artificial Intelligence (AI);Biotechnology;Life Science;Product Research",117,"Series B","$73M","2024-11-26","$103M","Chris Gibson;Emily Leproust;IVP;Index Ventures;John Zimmer;Kindred Capital;Thomas Glocer","Netherlands;Switzerland","Switzerland;Netherlands;United States;Germany;United Kingdom;Sweden;Bangladesh;Czechia;Denmark;India;New Zealand;Portugal;Trinidad and Tobago",1,19,"11%","remote","GoodFit","Recent funding: $73M Series B (2024-11-26) | Hiring in 1 countries outside HQ | 19 open roles (last 3 mo) | Source: GoodFit",,,,,,,
"Cyted Health","cytedhealth.com","United Kingdom","Artificial Intelligence (AI);Biotechnology;Health Care;Medical Device",75,"Series B","$44M","2025-09-01","$83M","5Y Capital;Advent Life Sciences;BGF Ventures;British Business Bank;EQT Life Sciences;Innovate UK;MedTech Innovator;Morningside;NHS England;SBRI Healthcare","United Kingdom","United Kingdom;United States;Argentina",1,15,"20%","remote","GoodFit","Recent funding: $44M Series B (2025-09-01) | Hiring in 1 countries outside HQ | 15 open roles (last 3 mo) | Source: GoodFit",,,,,,,
"Deep Origin","deeporigin.com","United States","Analytics;Biotechnology;Life Science;Software",98,"Venture - Series UNKNOWN","$29M","2024-03-13","$29M","","Armenia;United States","United States;Armenia;Colombia;Ukraine;Brazil;Canada;Germany;India;Italy;Portugal;United Kingdom;Cyprus;France;Mexico;Serbia",3,52,"50%","remote","GoodFit","Recent funding: $29M Venture - Series UNKNOWN (2024-03-13) | Hiring in 3 countries outside HQ | 52 open roles (last 3 mo) | 50% remote hiring | Source: GoodFit",,,,,,,
"Derq","derq.com","United States","Artificial Intelligence (AI);Automotive;Autonomous Vehicles;Enterprise Software;Internet of Things;Machine Learning;Predictive Analytics;Public Safety;Smart Cities",73,"Venture - Series UNKNOWN","","2024-10-28","$4M","AT&T Ventures;Austin Ogilvie;Techstars;Wadi Makkah Ventures;e& capital","United Arab Emirates;United States","United States;United Arab Emirates;India;Lebanon;Pakistan;Colombia;Nigeria",4,37,"","","GoodFit","Recent funding:  Venture - Series UNKNOWN (2024-10-28) | Hiring in 4 countries outside HQ | 37 open roles (last 3 mo) | Source: GoodFit",,,,,,,
"Dexory","dexory.com","United Kingdom","Artificial Intelligence (AI);Data Visualization;Logistics;Retail Technology;Warehouse Automation;Warehousing",221,"Series C","$11M","2026-03-26","$291M","Atomico;Bootstrap Europe;British Business Bank;Capnamic;DTCP;Elaia;Endeavor Catalyst;Eurazeo;Kindred Capital;LTS Investments;Lakestar;Latitude Ventures;Schenker Ventures;WaVe-X","United Kingdom","United Kingdom;United States;France;Germany;Portugal;Austria;Brazil;Canada;Greece;India;Italy;Poland;Romania",2,127,"19%","remote","GoodFit","Recent funding: $11M Series C (2026-03-26) | Hiring in 2 countries outside HQ | 127 open roles (last 3 mo) | Source: GoodFit",,,,,,,
"Dot Compliance","dotcompliance.com","United States","Cloud Management;Compliance;Information Technology;Life Science;Medical Device;Pharmaceutical",224,"Series B","$18M","2024-04-15","$50M","Israel Growth Partners;TPY Capital;Vertex Ventures","Israel;United Kingdom;United States","Israel;United States;United Kingdom;Canada;South Africa;Germany;Australia;Austria;Netherlands;Nigeria;Spain",2,50,"33%","remote;global team;fully remote","GoodFit","Recent funding: $18M Series B (2024-04-15) | Hiring in 2 countries outside HQ | 50 open roles (last 3 mo) | 33% remote hiring | Source: GoodFit",,,,,,,
"Eko Health","ekohealth.com","United States","Artificial Intelligence (AI);Health Care;Health Diagnostics;Machine Learning;Medical Device;Software;mHealth",209,"Series D","$41M","2024-06-05","$170M","Artis Ventures;Dreamit Ventures;EDBI;Highland Capital Partners;Longevity Vision Fund;Morningside;NTT Venture Capital;National Institutes of Health;PROOF;Peak XV Partners;Questa Capital Management;Sand Hill Angels;What If Ventures","United States","United States;Nigeria;India;Greece;Canada;Germany;Poland;China;Malaysia;Turkey;Albania;Colombia;Costa Rica;Cyprus;Ecuador;France;Haiti;Hungary;Indonesia;Mexico;Montenegro;Pakistan;Singapore;Sweden;Ukraine;United Arab Emirates;United Kingdom",1,22,"","","GoodFit","Recent funding: $41M Series D (2024-06-05) | Hiring in 1 countries outside HQ | 22 open roles (last 3 mo) | Source: GoodFit",,,,,,,
"Element Biosciences","elementbiosciences.com","United States","Biotechnology;Genetics;Health Diagnostics;Life Science",435,"Series D","$277M","2024-07-11","$678M","Fidelity;Foresite Capital;JS Capital Management;Samsung Electronics;T. Rowe Price;Venrock;Wellington Management","United States","United States;Germany;Netherlands;France;United Kingdom;Canada;China;Japan;Singapore;Switzerland;Hong Kong;Indonesia;Poland;Spain;Taiwan",4,37,"38%","remote;global team","GoodFit","Recent funding: $277M Series D (2024-07-11) | Hiring in 4 countries outside HQ | 37 open roles (last 3 mo) | 38% remote hiring | Source: GoodFit",,,,,,,
"EnCharge AI","enchargeai.com","United States","AI Infrastructure;Artificial Intelligence (AI);Embedded Software;Semiconductor;Software",92,"Series B","$100M","2025-02-13","$163M","AlleyCorp;Anzu Partners;CTBC Capital;Constellation Technology Ventures;DARPA;Maverick Silicon;SIP Global Partners;Samsung Ventures;Scout Ventures;Tiger Global Management;Vanderbilt University;VentureTech Alliance","United States","United States;Canada;Germany;India;Norway;South Korea",1,163,"18%","remote","GoodFit","Recent funding: $100M Series B (2025-02-13) | Hiring in 1 countries outside HQ | 163 open roles (last 3 mo) | Source: GoodFit",,,,,,,
"Etched","etched.com","United States","AI Infrastructure;Artificial Intelligence (AI);Computer;Hardware;Semiconductor",405,"Venture - Series UNKNOWN","$500M","2026-01-19","$505M","Dolik Ventures;Fundomo;Lightscape Partners;Mei Z.;Oceans;Palantir Technologies;Peter Thiel;Positive Sum;Primary Venture Partners;Ribbit Capital;Stripes","United States","United States;Taiwan;Canada;Brazil;Bulgaria;Nepal;Serbia;United Kingdom",1,196,"3%","remote","GoodFit","Recent funding: $500M Venture - Series UNKNOWN (2026-01-19) | Hiring in 1 countries outside HQ | 196 open roles (last 3 mo) | Source: GoodFit",,,,,,,
"FORT Robotics","fortrobotics.com","United States","Cyber Security;Industrial Automation;Robotics;Security",52,"Series B","$25M","2022-07-12","$38M","Ahoy Capital;Compound;Creative Ventures;FundersClub;GRIDS Capital;Lemnos VC;Mark Cuban;Prime Movers Lab;Prologis Ventures;Tiger Global Management","United States","United States;Brazil;United Kingdom",2,66,"100%","remote","GoodFit","Recent funding: $25M Series B (2022-07-12) | Hiring in 2 countries outside HQ | 66 open roles (last 3 mo) | 100% remote hiring | Source: GoodFit",,,,,,,
"FieldAI","fieldai.com","United States","Enterprise Software;Robotic Process Automation (RPA);Robotics",249,"Corporate Round","","2026-02-22","$405M","BHP Ventures;Bezos Expeditions;Canaan Partners;Emerson Collective;Hyundai Motor Group;Intel Capital;Khosla Ventures;NVentures;Prysm Capital;Samsung NEXT;Temasek Holdings","United States","United States;India;Japan;Singapore;Spain;Canada;Denmark;Kenya;United Kingdom",4,151,"35%","remote;global team","GoodFit","Recent funding:  Corporate Round (2026-02-22) | Hiring in 4 countries outside HQ | 151 open roles (last 3 mo) | 35% remote hiring | Source: GoodFit",,,,,,,
"Formic","formic.co","United States","Industrial Automation;Manufacturing;Robotics;Software",105,"Corporate Round","$100K","2025-10-21","$99M","Alumni Ventures;Blackhorn Ventures;Evolution Ventures;FJ Labs;Gaingels;Humanoid Global;Initialized Capital;Lux Capital;Mitsubishi Electric Innovation Fund;Roman Smolevskiy;Trajectory Ventures","United States","United States;Canada;Colombia;India",,78,"81%","remote;fully remote","GoodFit","Recent funding: $100K Corporate Round (2025-10-21) | 78 open roles (last 3 mo) | 81% remote hiring | Source: GoodFit",,,,,,,
"Foxglove","foxglove.dev","United States","Artificial Intelligence (AI);Computer;Information Technology;Robotics;Software",88,"Series B","$40M","2025-11-12","$59M","Alex Kendall;Amplify Partners;Bessemer Venture Partners;Boris Sofman;Brad Porter;Chris Walti;Eclipse;Icehouse Ventures;Lindon Gao;Milan Kovac;Tobias Lütke","United States","United States;Australia;United Kingdom;Argentina;Canada;France;Germany;Poland;Portugal;Spain;Thailand",1,28,"100%","remote","GoodFit","Recent funding: $40M Series B (2025-11-12) | Hiring in 1 countries outside HQ | 28 open roles (last 3 mo) | 100% remote hiring | Source: GoodFit",,,,,,,
"Fractile","fractile.ai","United Kingdom","AI Infrastructure;Artificial Intelligence (AI);Hardware;Semiconductor",95,"Series B","$220M","2026-05-13","$241M","01 Advisors;8VC;ARIA;Accel;Buckley Ventures;Conviction;Factorial Funds;Felicis;Founders Fund;Kindred Capital;NATO Innovation Fund;Oxford Science Enterprises;Patrick Gelsinger","United Kingdom","United Kingdom;United States;Belgium",1,58,"5%","remote","GoodFit","Recent funding: $220M Series B (2026-05-13) | Hiring in 1 countries outside HQ | 58 open roles (last 3 mo) | Source: GoodFit",,,,,,,
"Gather AI","gather.ai","United States","Artificial Intelligence (AI);Drones;Logistics;Robotics;Supply Chain Management",99,"Series B","$40M","2026-02-09","$74M","Bain Capital Ventures;Bling Capital;Dundee Venture Capital;Smith Point Capital;The Hillman Company;Tribeca Venture Partners;XRC Ventures","United States","United States;India;Malaysia;Philippines",1,43,"7%","remote","GoodFit","Recent funding: $40M Series B (2026-02-09) | Hiring in 1 countries outside HQ | 43 open roles (last 3 mo) | Source: GoodFit",,,,,,,
"Hesai Technology","hesaitech.com","United States","Autonomous Vehicles;Laser;Manufacturing;Sensor;Transportation",254,"Series D","$70M","2021-11-17","$603M","Baidu;Bosch;CPE;GL Ventures LLC;Hillhouse Investment;Huatai Securities;Lightspeed China Partners;Lightspeed Venture Partners;Meituan;Pagoda Investment;Qiming Venture Partners;Xiaomi","China;Germany;United States","China;United States;Germany;Japan;Hong Kong;Australia;Canada;Ireland;Singapore;South Korea;Thailand;Turkey;United Kingdom",1,14,"","global team","GoodFit","Recent funding: $70M Series D (2021-11-17) | Hiring in 1 countries outside HQ | 14 open roles (last 3 mo) | Source: GoodFit",,,,,,,
"Hydrosat","hydrosat.com","United States","Aerospace;AgTech;Analytics;Artificial Intelligence (AI);Big Data;Geospatial;Information Services;Machine Learning",105,"Series B","$60M","2026-01-15","$96M","Cultivation Capital;European Investment Fund;Hartree Partners;OTB Ventures;Santa Barbara Venture Partners;Source Agriventures Inc.;Space4Earth;Statkraft Ventures;Subutai Capital Partners;Synovia Capital;Techstars;The Luxembourg Future Fund;Truffle Capital","United States","United States;Luxembourg;Netherlands;France;Germany;Belgium;Canada;Colombia;Guatemala;India;Kazakhstan;Spain;United Arab Emirates;United Kingdom",1,18,"64%","remote","GoodFit","Recent funding: $60M Series B (2026-01-15) | Hiring in 1 countries outside HQ | 18 open roles (last 3 mo) | 64% remote hiring | Source: GoodFit",,,,,,,
"HyperLight","hyperlightcorp.com","United States","Electronics;Internet;Semiconductor;Software",78,"Series B","$37M","2024-09-23","$37M","Foothill Ventures;Summit Partners;The Engine;UMC Capital;Xora Innovation","United States","United States;Singapore;Canada",1,53,"4%","remote;global team","GoodFit","Recent funding: $37M Series B (2024-09-23) | Hiring in 1 countries outside HQ | 53 open roles (last 3 mo) | Source: GoodFit",,,,,,,
"Iambic","iambic.ai","United States","Artificial Intelligence (AI);Health Care;Machine Learning;Software;Therapeutics",153,"Venture - Series UNKNOWN","$99M","2025-11-10","$302M","Abingworth;Alumni Ventures;Ascenta Capital;Catalio Capital Management;Coatue;EXOR N.V.;Freeflow Ventures;Illumina Ventures;Mubadala Capital;Pegasus Tech Ventures;Qatar Investment Authority;Regeneron Ventures;Sequoia Capital;Wilson Sonsini Goodrich & Rosati","United States","United States;United Kingdom;Brazil;Canada;Denmark;Germany;Poland;Sweden",1,45,"26%","remote","GoodFit","Recent funding: $99M Venture - Series UNKNOWN (2025-11-10) | Hiring in 1 countries outside HQ | 45 open roles (last 3 mo) | Source: GoodFit",,,,,,,
"Imagen Technologies","imagen.ai","United States","Artificial Intelligence (AI);Biotechnology;Health Care;Health Diagnostics;Primary and Urgent Care;Software",166,"Series C","$75M","2021-02-05","$134M","Allen & Company;Casdin Capital;Expanding Capital;Google Ventures;Kli Capital;Teamworthy Ventures;Threshold;Zach Weinberg","United States","United States;Argentina;Brazil;Mexico;Pakistan",,104,"82%","remote;work from anywhere;fully remote","GoodFit","Recent funding: $75M Series C (2021-02-05) | 104 open roles (last 3 mo) | 82% remote hiring | Source: GoodFit",,,,,,,
"Kernel","kernel.com","United States","Intelligent Systems;Life Science;Neuroscience",55,"Venture - Series UNKNOWN","$5M","2023-12-01","$158M","Bryan Johnson;Eldridge Industries;General Catalyst;Khosla Ventures;Manta Ray Ventures;Tiny Blue Dot","United States","United States;India;Mexico;Ukraine;United Kingdom;Albania;Germany;Kenya;Nigeria;Spain",1,16,"","","GoodFit","Recent funding: $5M Venture - Series UNKNOWN (2023-12-01) | Hiring in 1 countries outside HQ | 16 open roles (last 3 mo) | Source: GoodFit",,,,,,,
"Lifebit","lifebit.ai","United States","Artificial Intelligence (AI);Bioinformatics;Biotechnology;Cloud Data Services;Genetics;Life Science;Machine Learning;Pharmaceutical;Software",68,"Series B","$60M","2021-09-28","$71M","Beacon Capital;Connect Ventures;Eurazeo;Idinvest Partners;Pentech Ventures;Techstars;Tiger Global Management;Tiny VC","United States","United Kingdom;United States;Greece;Portugal;Spain;Germany;Gibraltar;Hong Kong;Moldova;Netherlands;Serbia;Singapore",2,11,"100%","remote;work from anywhere;fully remote","GoodFit","Recent funding: $60M Series B (2021-09-28) | Hiring in 2 countries outside HQ | 11 open roles (last 3 mo) | 100% remote hiring | Source: GoodFit",,,,,,,
"LightForce","lf.co","United States","3D Printing;Advanced Materials;Dental;Health Care",351,"Series D","$80M","2023-08-02","$151M","AM Ventures;Ally Bridge Group;American Association of Orthodontists;CareCapital;Kleiner Perkins;Matrix;Matter Venture Partners;Omega Venture Partners;Transformation Capital;Tyche Partners","United States","United States;Costa Rica;Ukraine;Canada;Israel;Australia;Estonia;Austria;New Zealand;Poland",1,22,"23%","remote","GoodFit","Recent funding: $80M Series D (2023-08-02) | Hiring in 1 countries outside HQ | 22 open roles (last 3 mo) | Source: GoodFit",,,,,,,
"Locus Robotics","locusrobotics.com","United States","E-Commerce;Industrial Automation;Logistics;Robotics;Warehouse Automation;Warehousing",475,"Series F","$117M","2022-11-29","$416M","Bond;G2 Venture Partners;Goldman Sachs Asset Management;HESTA;Hercules Capital;Newton Investment Management;Scale Venture Partners;Silicon Valley Bank;Stack Capital;Stafford Capital Partners;SuRo Capital;Tiger Global Management;Zebra Ventures","Netherlands;United States","United States;United Kingdom;Netherlands;Canada;Germany;Spain;India;Portugal;Australia;Belgium;France;Poland;Argentina;Bosnia and Herzegovina;Denmark;Greece;Hong Kong;Italy;Lithuania;Pakistan;Paraguay;Singapore",4,41,"27%","remote","GoodFit","Recent funding: $117M Series F (2022-11-29) | Hiring in 4 countries outside HQ | 41 open roles (last 3 mo) | Source: GoodFit",,,,,,,
"Loft Orbital","loftorbital.com","United States","Aerospace;Satellite Communication;Space Travel",349,"Series C","$170M","2025-01-14","$336M","AXIAL Partners;Arkenstone Partners;BlackRock;Bpifrance;Foundation Capital;GSBackers;Starburst Ventures;Supernova Invest;Temasek Holdings;Tikehau Capital;Tribeca Venture Partners;Uncork Capital","France;United States","United States;France;Canada;Switzerland;United Kingdom;Italy;Ukraine;Australia;Czechia;Turkey;United Arab Emirates",2,70,"3%","remote;global team","GoodFit","Recent funding: $170M Series C (2025-01-14) | Hiring in 2 countries outside HQ | 70 open roles (last 3 mo) | Source: GoodFit",,,,,,,
"Lumotive","lumotive.com","United States","Autonomous Vehicles;Drones;Electronics;Robotics;Semiconductor;Sensor",81,"Corporate Round","","2025-05-07","$58M","BIRD Foundation;Eastbridge Group;Gates Frontier Fund;Grazia Equity;Himax Technologies;Hokuyo Capital;ITHCA group;MetaVC Partners;Samsung Ventures;Swisscom Ventures;TSVC;USAA","Canada;United States","United States;Canada;Oman;France;Singapore",2,10,"10%","remote","GoodFit","Recent funding:  Corporate Round (2025-05-07) | Hiring in 2 countries outside HQ | 10 open roles (last 3 mo) | Source: GoodFit",,,,,,,
"Maneva","maneva.ai","Canada","Artificial Intelligence (AI);Industrial Automation;Machinery Manufacturing;Robotics",77,"Venture - Series UNKNOWN","$38M","2026-05-13","$48M","Behind Genius;Bling Capital;Evolution VC Partners;Freestyle Capital;Henry Shi;N49P;Seguin Ventures","Canada","",1,19,"18%","remote","GoodFit","Recent funding: $38M Venture - Series UNKNOWN (2026-05-13) | Hiring in 1 countries outside HQ | 19 open roles (last 3 mo) | Source: GoodFit",,,,,,,
"Manna Air Delivery","manna.aero","Ireland","Drones;E-Commerce;Food Delivery;Logistics",157,"Series B","$50M","2026-04-01","$80M","ARK Investment Management;Coca-Cola Hellenic Bottling Company;Dynamo;EIC Scaling Club;Enterprise Ireland;Gaingels;Ireland Strategic Investment Fund;Molten Ventures;Schooner Capital;Tapestry VC;ff Venture Capital","Ireland","Ireland;United States;India;Finland;United Kingdom;Nigeria;Spain;United Arab Emirates;Vietnam",2,38,"","","GoodFit","Recent funding: $50M Series B (2026-04-01) | Hiring in 2 countries outside HQ | 38 open roles (last 3 mo) | Source: GoodFit",,,,,,,
"Matternet","matternet.com","United States","Drones;Logistics;Transportation",55,"Venture - Series UNKNOWN","","2024-09-04","$74M","5G Ventures;Boeing HorizonX Ventures;Levitate Capital;McKesson Ventures;Mercedes-Benz Group AG;Sahin Boydas;Sony Innovation Fund;Swiss Post Ventures;Wealthing VC Club","United States","United States;Saudi Arabia;Switzerland;United Kingdom;Monaco",,6,"","","GoodFit","Recent funding:  Venture - Series UNKNOWN (2024-09-04) | 6 open roles (last 3 mo) | Source: GoodFit",,,,,,,
"Mecademic Industrial Robotics","mecademic.com","Canada","Manufacturing;Robotics",54,"Venture - Series UNKNOWN","$15M","2026-02-18","$15M","Business Development Bank of Canada;Centech;Export Development Canada;Investissement Quebec","Canada","Canada;United States;Brazil;France;Hong Kong;Italy",,36,"75%","remote","GoodFit","Recent funding: $15M Venture - Series UNKNOWN (2026-02-18) | 36 open roles (last 3 mo) | 75% remote hiring | Source: GoodFit",,,,,,,
"Medable","medable.com","United States","Clinical Trials;Health Care;Medical Device;Messaging;Pharmaceutical",351,"Series D","$304M","2021-10-26","$507M","Blackstone Accelerates Growth;GSR Ventures;HealthX Ventures;Launchpad Digital Health;Obvious Ventures;PPD clinical research business of Thermo Fisher Scientific;Sapphire Ventures;Streamlined;Western Technology Investment","United States","United States;United Kingdom;India;United Arab Emirates;Argentina;Ireland;Croatia;Canada;Germany;Spain;Bulgaria;Denmark;Netherlands;Brazil;Chile;China;Colombia;Ghana;Greece;Japan;Puerto Rico;Turkey",3,48,"69%","remote;global team","GoodFit","Recent funding: $304M Series D (2021-10-26) | Hiring in 3 countries outside HQ | 48 open roles (last 3 mo) | 69% remote hiring | Source: GoodFit",,,,,,,
"Mira","miracare.com","United States","Artificial Intelligence (AI);Fertility;Hardware;Health Care;Internet of Things;Medical Device;mHealth",171,"Venture - Series UNKNOWN","$2M","2017-09-01","$4M","CSC Upshot","United States","United States;India;Poland;Spain;United Kingdom;Canada;Georgia;Netherlands;Belarus;Cameroon;China;Italy;Turkey;Ukraine;Angola;Argentina;Bangladesh;Belgium;Brazil;Czechia;Egypt;Finland;France;Hong Kong;Iraq;Israel;Kosovo;Lithuania;Malta;Mexico;Nigeria;Philippines;Romania;South Africa",4,47,"100%","remote;fully remote","GoodFit","Recent funding: $2M Venture - Series UNKNOWN (2017-09-01) | Hiring in 4 countries outside HQ | 47 open roles (last 3 mo) | 100% remote hiring | Source: GoodFit",,,,,,,
"Momo Medical","momomedical.com","Netherlands","Health Care;Hospital;Medical Device;Sensor",136,"Venture - Series UNKNOWN","$9M","2024-09-16","$9M","AWS Healthcare Accelerator;FundiQare;PROTOCOL — by GETTYLAB;Y Combinator","Netherlands","Netherlands;Germany;United States;Canada;India;United Kingdom",2,39,"9%","remote","GoodFit","Recent funding: $9M Venture - Series UNKNOWN (2024-09-16) | Hiring in 2 countries outside HQ | 39 open roles (last 3 mo) | Source: GoodFit",,,,,,,
"Mythic","mythic.ai","United States","AI Infrastructure;Artificial Intelligence (AI);Computer Vision;Machine Learning;Semiconductor;Software Engineering",80,"Series D","$125M","2025-12-17","$290M","Atreides Management;BlackRock;Catapult Ventures;DCVC;Future Ventures;Hewlett Packard Enterprise;Infinitum;Linse Capital;Lockheed Martin Ventures;Lux Capital;One Madison Group;SBVA;SoftBank Group;Threshold;UDC Ventures;Valor Equity Partners","Canada;United States","United States;India;Canada;Belgium;France;Singapore;South Korea",1,28,"","","GoodFit","Recent funding: $125M Series D (2025-12-17) | Hiring in 1 countries outside HQ | 28 open roles (last 3 mo) | Source: GoodFit",,,,,,,
"Onera Health","onerahealth.com","Netherlands","Health Care;Health Diagnostics;Medical;Medical Device;Nanotechnology;Wearables",69,"Series C","$33M","2024-01-16","$57M","15th Rock;BOM;EQT Life Sciences;European Innovation Council;Eurostars;Gimv;Innovation Industries;Invest-NL;Jazz Pharmaceuticals;imec.xpand","Netherlands;United States","Netherlands;United States;Germany;Belgium;United Kingdom;Andorra;France;Greece;India;Ireland;Romania",1,10,"100%","remote","GoodFit","Recent funding: $33M Series C (2024-01-16) | Hiring in 1 countries outside HQ | 10 open roles (last 3 mo) | 100% remote hiring | Source: GoodFit",,,,,,,
"OrganOx","organox.com","United Kingdom","Health Care;Medical;Medical Device",224,"Venture - Series UNKNOWN","$160M","2025-02-24","$207M","Avidity Partners;Business Growth Fund;HealthQuest Capital;Intuitive Ventures;Lauxera Capital Partners;Oxford Technology Management;Piper Heartland Healthcare Capital;Sofina;Soleus Capital;Technikos;Terumo Ventures","United Kingdom","United Kingdom;United States;France;Germany;Japan;South Africa;Switzerland",1,44,"40%","remote;global team","GoodFit","Recent funding: $160M Venture - Series UNKNOWN (2025-02-24) | Hiring in 1 countries outside HQ | 44 open roles (last 3 mo) | 40% remote hiring | Source: GoodFit",,,,,,,
"Parse Biosciences","parsebiosciences.com","United States","Bioinformatics;Biotechnology;Genetics;Life Science",130,"Series C","$50M","2023-12-14","$100M","Bioeconomy Capital;Horizon Technology Finance;Janus Henderson Investors;Logos Capital;Marshall Wace;National Science Foundation;Sahsen Ventures;Saras Capital;Soleus Capital","United States","United States;United Kingdom;Austria;France;India;Iran;Spain;Sweden;Argentina;Belgium;Germany;Italy;Lithuania;Singapore",6,20,"93%","remote","GoodFit","Recent funding: $50M Series C (2023-12-14) | Hiring in 6 countries outside HQ | 20 open roles (last 3 mo) | 93% remote hiring | Source: GoodFit",,,,,,,
"Percepto","percepto.co","United States","Drones;Enterprise;Industrial Automation;Robotics;Software",180,"Venture - Series UNKNOWN","","2026-04-28","$140M","Arkin Holdings;Atento Capital;Benhamou Global Ventures;Delek Group;Federal Aviation Administration;Koch Disruptive Technologies;Spider Capital;State of Mind Ventures;U.S. Venture Partners;Zimmer Lucas Partners","Israel;United States","Israel;United States;Brazil;Colombia;Portugal",1,30,"11%","remote;global team","GoodFit","Recent funding:  Venture - Series UNKNOWN (2026-04-28) | Hiring in 1 countries outside HQ | 30 open roles (last 3 mo) | Source: GoodFit",,,,,,,
"Phagenesis","phagenesis.com","United Kingdom","Biotechnology;Health Care;Medical;Neuroscience",79,"Series D","$42M","2024-03-04","$71M","Aphelion Capital;British Patient Capital;EQT Life Sciences;Inventages Venture Capital Investment Inc.;MedTech Innovator;Northern Gritstone;Sectoral Asset Management","United Kingdom","United States;United Kingdom;Germany;Austria;Switzerland",1,16,"46%","remote;global team","GoodFit","Recent funding: $42M Series D (2024-03-04) | Hiring in 1 countries outside HQ | 16 open roles (last 3 mo) | 46% remote hiring | Source: GoodFit",,,,,,,
"Point One Navigation","pointonenav.com","United States","Automotive;Autonomous Vehicles;Industrial Automation;Robotics",55,"Series C","$35M","2025-11-20","$45M","Alumni Ventures;Bolt;Ethos Family Office;IA Ventures;Khosla Ventures;Team Builder Ventures;UP Partners","United States","United States;France;Japan;Switzerland",1,22,"28%","remote","GoodFit","Recent funding: $35M Series C (2025-11-20) | Hiring in 1 countries outside HQ | 22 open roles (last 3 mo) | Source: GoodFit",,,,,,,
"QCraft AI","qcraft.ai","United States","Artificial Intelligence (AI);Automotive;Autonomous Vehicles",120,"Series D","$100M","2026-03-23","$338M","Broad Vision Funds;Chery Automobile;Genesis Capital;Guoding Capital;Huade Science and Technology;IDG Capital;LUXSHARE-ICT;Lenovo Capital and Incubator Group (LCIG);Ningbo Ninghai Xingtaihe Fund;Wonderland Capital;YF Capital;Zhongguancun Science City Science;Zhulu Juhang Fund","China;United States","China;United States;Hong Kong;Canada;Germany;Singapore;United Kingdom",1,14,"","","GoodFit","Recent funding: $100M Series D (2026-03-23) | Hiring in 1 countries outside HQ | 14 open roles (last 3 mo) | Source: GoodFit",,,,,,,
"Quadric","quadric.ai","United States","Artificial Intelligence (AI);Computer;Semiconductor;Software",65,"Series C","$30M","2026-01-14","$74M","BEENEXT;Denso;Gentree Fund;MESH;NSITEXE;Pear VC;Pivotal Corporation;Silicon Catalyst Ventures;Uncork Capital;Volta Ventures;Wanxiang America;Xerox Venture Capital","United States","United States;India;Japan;South Korea;Taiwan",3,61,"15%","remote;fully remote","GoodFit","Recent funding: $30M Series C (2026-01-14) | Hiring in 3 countries outside HQ | 61 open roles (last 3 mo) | Source: GoodFit",,,,,,,
"Quantum Machines","quantum-machines.co","United States","Quantum Computing;Semiconductor;Software;Software Engineering",302,"Series C","$170M","2025-02-25","$263M","Avigdor Willenz;Battery Ventures;Harel Insurance and Financial;Intel Capital;Meron Capital;OurCrowd;PSG Equity;Qualcomm Ventures;Red Dot Capital Partners;TLV Partners;Union Tech Ventures","Israel;United States","Israel;Denmark;Germany;United States;France;Singapore;India;Netherlands;South Korea;United Kingdom;Japan;Switzerland;Australia;Austria;Canada;Italy;Poland;Serbia;Slovenia;Spain;Taiwan;Ukraine",8,64,"13%","remote;global team","GoodFit","Recent funding: $170M Series C (2025-02-25) | Hiring in 8 countries outside HQ | 64 open roles (last 3 mo) | Source: GoodFit",,,,,,,
"Robotiq","robotiq.com","Canada","Automotive;Industrial Automation;Robotics",163,"Venture - Series UNKNOWN","$23M","2018-12-11","$23M","Battery Ventures","Canada","Canada;United States;France;Germany;India;Taiwan;China;Indonesia;Mexico;Netherlands;South Korea;Belgium;Brazil;Czechia;Egypt;Greece;Italy;Kenya;Malaysia;Poland;Spain;Switzerland;United Kingdom",2,23,"","","GoodFit","Recent funding: $23M Venture - Series UNKNOWN (2018-12-11) | Hiring in 2 countries outside HQ | 23 open roles (last 3 mo) | Source: GoodFit",,,,,,,
"Rocoto","amimon.com","United States","Semiconductor;Video;Wireless",69,"Venture - Series UNKNOWN","$4M","2015-06-11","$50M","Argonaut Private Equity;Argonaut Ventures;Cedar Fund;Evergreen Pacific Partners;Evergreen Venture Partners;Motorola Solutions Venture Capital;Stata Venture Partners (SVP);Walden Israel Venture Capital","United States","Israel;United States;China;Canada;Germany;Japan;Serbia;Sweden;Taiwan",3,7,"20%","remote","GoodFit","Recent funding: $4M Venture - Series UNKNOWN (2015-06-11) | Hiring in 3 countries outside HQ | 7 open roles (last 3 mo) | Source: GoodFit",,,,,,,
"Salvia BioElectronics","salviabioelectronics.com","Netherlands","Biotechnology;Medical Device;Therapeutics",76,"Series B","","2025-05-27","$0","BOM;Dolby Family Ventures;EIC Accelerator;European Innovation Council Fund;Inkef;Innovation Industries;Invest-NL;MedTech Innovator;Panakes Partners;SHS Capital;Thuja Capital","Netherlands","Netherlands;Belgium;United States;Spain;Switzerland",1,12,"25%","remote","GoodFit","Recent funding:  Series B (2025-05-27) | Hiring in 1 countries outside HQ | 12 open roles (last 3 mo) | Source: GoodFit",,,,,,,
"Shield AI","shield.ai","United States","Artificial Intelligence (AI);Autonomous Vehicles;Drones;Machine Learning;National Security",1534,"Series G","$2.0B","2026-03-26","$3.0B","Advent International;Apandion;Blackstone Group;Disruptive;Hanwha Aerospace;Hercules Capital;InnovationX;JP Morgan Chase;L3Harris Technologies;Riot Ventures;Snowpoint Ventures;US Innovative Technology Fund;Washington Harbour Partners","Australia;Norway;Taiwan;Ukraine;United Arab Emirates;United States","United States;Australia;India;United Kingdom;South Korea;Taiwan;Singapore;Norway;United Arab Emirates;Germany;Netherlands;Canada;Italy;Pakistan;Poland;South Africa;Sri Lanka;Ukraine;Argentina;Austria;Brazil;China;Czechia;France;Greece;Hong Kong;Japan;Jordan;Malaysia;Peru;Saudi Arabia;Spain;Sweden;Tanzania;Trinidad and Tobago",10,502,"2%","remote","GoodFit","Recent funding: $2.0B Series G (2026-03-26) | Hiring in 10 countries outside HQ | 502 open roles (last 3 mo) | Source: GoodFit",,,,,,,
"Simbe","simberobotics.com","United States","Artificial Intelligence (AI);Retail Technology;Robotics;Sales Automation",105,"Series C","$50M","2024-10-24","$104M","Eastward Capital Partners;Eclipse Ventures;Future Shape;Goldman Sachs Alternatives;HAX;SOSV;Valo Ventures;Venrock","United States","United States;Canada;Ireland;Mexico;Netherlands;Portugal;Turkey;United Kingdom",,21,"47%","remote","GoodFit","Recent funding: $50M Series C (2024-10-24) | 21 open roles (last 3 mo) | 47% remote hiring | Source: GoodFit",,,,,,,
"Skild AI","skild.ai","United States","Artificial Intelligence (AI);Information Technology;Robotics",93,"Series C","$1.4B","2026-01-14","$1.4B","Andra Capital;Bezos Expeditions;Coatue;IQT;Korea Investment Corp;Lightspeed Venture Partners;NVIDIA;NVentures;Salesforce Ventures;Samsung Electronics;Schneider Electric;Sequoia Capital;SoftBank;SoftBank Group","United States","United States;India;Bangladesh;Canada;Indonesia;Saudi Arabia;Singapore;United Kingdom",1,57,"1%","remote","GoodFit","Recent funding: $1.4B Series C (2026-01-14) | Hiring in 1 countries outside HQ | 57 open roles (last 3 mo) | Source: GoodFit",,,,,,,
"Skycatch","skycatch.com","United States","Artificial Intelligence (AI);Cloud Data Services;Drones;Machine Learning;Robotics;Software",42,"Series C","$25M","2021-03-21","$72M","ADB Ventures;Akkadian Ventures;Entrée Capital;Falkon Ventures;Gaingels;I2BF Global Ventures;MS&AD Ventures;Sherpalo Ventures;WND Ventures;Wavemaker Partners;Wealthing VC Club","United States","Mexico;United States;Philippines;Chile;Canada;India",2,4,"50%","remote;remote first","GoodFit","Recent funding: $25M Series C (2021-03-21) | Hiring in 2 countries outside HQ | 4 open roles (last 3 mo) | 50% remote hiring | Source: GoodFit",,,,,,,
"Skydio","skydio.com","United States","Artificial Intelligence (AI);Drone Management;Drones;Machine Learning;Robotics",989,"Series F","$110M","2026-04-23","$850M","Andreessen Horowitz;Axon;DoCoMo Capital;Gaingels;Hercules Capital;IVP;KDDI;Linse Capital;N47;Playground Global;Walton Family Foundation","United States","United States;India;Canada;Japan;United Kingdom;Switzerland;Australia;Finland;Spain;Norway;Poland;Taiwan;Bangladesh;France;Germany;Kenya;Mexico;Nigeria;Pakistan;Serbia;Thailand;U.S. Outlying Islands;Ukraine;Venezuela",6,151,"10%","remote","GoodFit","Recent funding: $110M Series F (2026-04-23) | Hiring in 6 countries outside HQ | 151 open roles (last 3 mo) | Source: GoodFit",,,,,,,
"Slingshot Aerospace","slingshot.space","United States","Aerospace;Analytics;Simulation;Software",202,"Venture - Series UNKNOWN","","2025-10-01","$140M","ATX Venture Partners;Air Force Life Cycle Management Center;C16 Ventures;Dcode Capital;Draper Associates;Gaingels;Horizon Technology Finance;Lockheed Martin Ventures;Sway Ventures;Trinity Capital;United States Space Force;Valor Equity Partners","United States","United States;United Kingdom;India;Argentina;Taiwan",1,93,"90%","remote","GoodFit","Recent funding:  Venture - Series UNKNOWN (2025-10-01) | Hiring in 1 countries outside HQ | 93 open roles (last 3 mo) | 90% remote hiring | Source: GoodFit",,,,,,,
"Slip Robotics","sliprobotics.com","United States","Automotive;Industrial;Industrial Automation;Last Mile Transportation;Logistics;Manufacturing;Robotics",82,"Series B","$28M","2024-12-17","$44M","Catalystrix Ventures;DCVC;EVE Atlas;Hyde Park Venture Partners;Overline;Pathbreaker Ventures;Tech Square Ventures","United States","United States;Argentina;Mexico",1,45,"13%","remote","GoodFit","Recent funding: $28M Series B (2024-12-17) | Hiring in 1 countries outside HQ | 45 open roles (last 3 mo) | Source: GoodFit",,,,,,,
"SpaceBridge","spacebridge.com","Canada","Product Design;Semiconductor;Wireless",74,"Venture - Series UNKNOWN","$21M","2002-07-09","$21M","SGF Tech","Canada","Canada;Russia;United States;Australia;Brazil;Hong Kong;India;Indonesia;Kenya;Portugal;Turkey",,19,"10%","remote","GoodFit","Recent funding: $21M Venture - Series UNKNOWN (2002-07-09) | 19 open roles (last 3 mo) | Source: GoodFit",,,,,,,
"Syntiant Corp.","syntiant.com","United States","AI Infrastructure;Artificial Intelligence (AI);Machine Learning;Semiconductor;Sensor",273,"Series D","","2024-12-27","$91M","AXIAL Partners;Alumni Ventures;Amazon Alexa Fund;Applied Ventures;Bosch Ventures;Intel Capital;Khazanah Nasional;M12 - Microsoft's Venture Fund;Millennium Technology Value Partners;Mirae Asset Capital;Renesas Electronics Corporation;Sunstone Management","United States","United States;Malaysia;India;Taiwan;Switzerland;China;South Korea;Austria;Japan;Mexico;Sweden",3,35,"5%","remote;global team","GoodFit","Recent funding:  Series D (2024-12-27) | Hiring in 3 countries outside HQ | 35 open roles (last 3 mo) | Source: GoodFit",,,,,,,
"Tenstorrent","tenstorrent.com","Canada","AI Infrastructure;Application Specific Integrated Circuit (ASIC);Artificial Intelligence (AI);Electronics;Machine Learning;Semiconductor",1212,"Series D","$693M","2024-12-02","$1.0B","AFW Partners;Baillie Gifford;Bezos Expeditions;EPIQ Capital Group;Eclipse;Fidelity;Healthcare of Ontario Pension Plan (HOOPP);Hyundai Motor Group;K2 Global;MESH;Plug and Play;Samsung Catalyst Fund;Samsung Securities","Canada;India;Serbia;United States","United States;Canada;Serbia;India;Japan;Taiwan;Poland;Australia;Germany;South Korea;Greece;United Kingdom;Singapore;Switzerland;Cyprus;Spain;Austria;Czechia;France;Hong Kong;Malaysia;United Arab Emirates",5,162,"23%","remote;global team","GoodFit","Recent funding: $693M Series D (2024-12-02) | Hiring in 5 countries outside HQ | 162 open roles (last 3 mo) | Source: GoodFit",,,,,,,
"TetraScience","tetrascience.com","United States","Biotechnology;Data Integration;Data Management;Internet of Things;Life Science;Pharmaceutical;Software",215,"Series B","$80M","2021-04-15","$99M","Alkeon Capital;Digital Science;First Round Capital;Floodgate;Founder Collective;Impetus Capital;Insight Partners;Underscore VC;Waters;Y Combinator","United States","United States;United Kingdom;Austria;Germany;Canada;Switzerland;Denmark;Hungary;India;Ireland;Poland;Brazil;Finland;Japan;Netherlands;Pakistan;Portugal;Romania;Sri Lanka",4,67,"70%","remote","GoodFit","Recent funding: $80M Series B (2021-04-15) | Hiring in 4 countries outside HQ | 67 open roles (last 3 mo) | 70% remote hiring | Source: GoodFit",,,,,,,
"TraceAir Technologies","traceair.net","United States","Analytics;Cloud Computing;Construction;Drones;Software",160,"Series B","$25M","2024-05-29","$37M","ENGEO;Flashpoint;GPS Ventures GmbH;Independent Construction Co;KG Ventures;Liquid 2 Ventures;PeakSpan Capital;XTX Ventures","Armenia;Spain;United States","United States;Spain;Armenia;Kazakhstan;Colombia;Georgia;Germany;Portugal;Serbia;Kyrgyzstan;Peru;Brazil;Cyprus;Finland;Netherlands;Nigeria;North Macedonia;Puerto Rico;Russia;Turkey;United Arab Emirates;United Kingdom;Uzbekistan",,12,"33%","remote","GoodFit","Recent funding: $25M Series B (2024-05-29) | 12 open roles (last 3 mo) | 33% remote hiring | Source: GoodFit",,,,,,,
"bit.bio","bit.bio","United Kingdom","Analytics;Biotechnology;Health Care;Test and Measurement",166,"Series C","$50M","2026-01-09","$80M","ARCH Venture Partners;BlueYard Capital;Jonathan Milner;M&G Investments;Metaplanet;Milky Way Ventures;Puhua Capital;Resilience;Rick Klausner;Tencent;ZAKA VC","United Kingdom","United Kingdom;United States;Austria;India;South Africa;Spain;Switzerland",,,"","","GoodFit","Recent funding: $50M Series C (2026-01-09) | Source: GoodFit",,,,,,,
"care.ai","care.ai","United States","Artificial Intelligence (AI);Health Care;Medical Device;Real Time;Software",63,"Venture - Series UNKNOWN","$27M","2022-11-21","$27M","Crescent Cove Advisors","United States","United States;India;China;Kuwait;Nigeria;Saudi Arabia;United Kingdom",1,4,"","","GoodFit","Recent funding: $27M Venture - Series UNKNOWN (2022-11-21) | Hiring in 1 countries outside HQ | 4 open roles (last 3 mo) | Source: GoodFit",,,,,,,
"d-Matrix","d-matrix.ai","United States","AI Infrastructure;Artificial Intelligence (AI);Cloud Infrastructure;Data Center;Semiconductor",287,"Series C","$275M","2025-11-12","$429M","Bullhound Capital;EDBI;Industry Ventures;M12 - Microsoft's Venture Fund;Mirae Asset;Nautilus Venture Partners;Playground Global;Qatar Investment Authority;SK Hynix;TSVC;Temasek Holdings;Triatomic Capital","United States","United States;India;Canada;Australia;United Kingdom;Brazil;Colombia;Mali;Poland;Portugal;Singapore",3,56,"5%","remote","GoodFit","Recent funding: $275M Series C (2025-11-12) | Hiring in 3 countries outside HQ | 56 open roles (last 3 mo) | Source: GoodFit",,,,,,,
"1GLOBAL","1global.com","Netherlands","Internet;Internet of Things;Mobile;Telecommunications",607,"Venture - Series UNKNOWN","$38M","2020-04-14","$622M","Acton Capital;Emerson Collective;Millhouse;Minden;Vollin Holdings;Wellington Partners","Australia;Brazil;France;Germany;Hong Kong;Ireland;Japan;Netherlands;Philippines;Poland;Portugal;Singapore;Spain;Trinidad And Tobago;United Kingdom;United States","Portugal;Germany;United Kingdom;Philippines;Brazil;Poland;Netherlands;United States;Spain;Hong Kong;Ireland;Jersey;Algeria;Australia;France;Russia;Albania;Belgium;Chile;China;Colombia;Egypt;Finland;India;Morocco;Singapore;Switzerland;Tunisia",1,218,"3%","remote;global team","GoodFit","Recent funding: $38M Venture - Series UNKNOWN (2020-04-14) | Hiring in 1 countries outside HQ | 218 open roles (last 3 mo) | Source: GoodFit",,,,,,,
"Analyte Health","analytehealth.com","United States","Health Care;Health Diagnostics;Information Technology;Wellness",75,"Venture - Series UNKNOWN","$27M","2017-09-19","$72M","Apex Venture Partners;DFJ Portage Ventures;Mohr Davidow Ventures;Pritzker Group Venture Capital;Warren Packard","United States","United States;Brazil;Philippines;Argentina;Mexico;Canada;Costa Rica;India",4,11,"","","GoodFit","Recent funding: $27M Venture - Series UNKNOWN (2017-09-19) | Hiring in 4 countries outside HQ | 11 open roles (last 3 mo) | Source: GoodFit",,,,,,,
"Arize AI","arize.com","United States","AI Infrastructure;Artificial Intelligence (AI);Information Technology;Machine Learning;Software",192,"Series C","$70M","2025-02-20","$131M","Adams Street Partners;Archerman Capital;Battery Ventures;Datadog;Foundation Capital;M12 - Microsoft's Venture Fund;OMERS Ventures;PagerDuty;SineWave Ventures;Swift Ventures;TCV","United States","United States;India;United Kingdom;Argentina;Canada;Singapore;Brazil;France;Germany;Netherlands;Poland;South Africa;Thailand",2,44,"87%","remote;fully remote;remote company","GoodFit","Recent funding: $70M Series C (2025-02-20) | Hiring in 2 countries outside HQ | 44 open roles (last 3 mo) | 87% remote hiring | Source: GoodFit",,,,,,,
"Armada","armada.ai","United States","Artificial Intelligence (AI);Cloud Computing;Data Center;Software",596,"Series B","$230M","2026-05-19","$469M","8090 Industries;BlackRock;Felicis;Founders Fund;Lux Capital;M12 - Microsoft's Venture Fund;Marlinspike Capital;Mitsui & Co;NightDragon;Overmatch Ventures;Shield Capital;Silent Ventures;Veriten","India;United States","United States;India;United Arab Emirates;Saudi Arabia;Canada;Argentina;Egypt;Singapore;Bahrain;Colombia;Ecuador;Kuwait;Netherlands;Qatar;Venezuela;Azerbaijan;Brazil;Chile;Ireland;Norway;Pakistan;Palestine State;South Korea;Spain;Sri Lanka",5,245,"69%","remote","GoodFit","Recent funding: $230M Series B (2026-05-19) | Hiring in 5 countries outside HQ | 245 open roles (last 3 mo) | 69% remote hiring | Source: GoodFit",,,,,,,
"Armis","armis.com","United States","Compliance;Cyber Security;Information Technology;Internet of Things;Network Security;Risk Management",1292,"Venture - Series UNKNOWN","$435M","2025-11-05","$1.3B","Alkeon Capital;Bain Capital Ventures;Brookfield Growth;CapitalG;Evolution Equity Partners;G Squared;General Catalyst;Georgian;Goldman Sachs Growth Equity;One Equity Partners;Red Dot Capital Partners;Sequoia Capital;Sequoia Capital Israel","Israel;United States","United States;Israel;United Kingdom;India;Costa Rica;Romania;Germany;Canada;France;Australia;Mexico;Netherlands;Italy;Singapore;Ireland;Spain;Denmark;Switzerland;Algeria;Belgium;Japan;Moldova;Nepal;South Africa;Sweden;Brazil;Pakistan;Turkey;Austria;Colombia;Dominican Republic;Iran;Kenya;Lebanon;Poland;Saudi Arabia;Serbia;Ukraine;United Arab Emirates;Venezuela",13,113,"13%","remote","GoodFit","Recent funding: $435M Venture - Series UNKNOWN (2025-11-05) | Hiring in 13 countries outside HQ | 113 open roles (last 3 mo) | Source: GoodFit",,,,,,,
"AssemblyAI","assemblyai.com","United States","Artificial Intelligence (AI);Developer APIs;Foundational AI;Generative AI;Information Technology;Speech Recognition",101,"Series C","$50M","2023-12-03","$158M","Accel;Daniel Gross;Insight Partners;John Collison;Keith Block;Nat Friedman;Smith Point Capital;TechNexus Venture Collaborative;Y Combinator","United States","United States;United Kingdom;India;Canada;Germany;Brazil;France;Switzerland;Australia;Bangladesh;Denmark;Egypt;Lithuania;Nigeria;Poland;Singapore;Spain",1,16,"50%","remote;fully remote","GoodFit","Recent funding: $50M Series C (2023-12-03) | Hiring in 1 countries outside HQ | 16 open roles (last 3 mo) | 50% remote hiring | Source: GoodFit",,,,,,,
"Baseten","baseten.co","United States","AI Infrastructure;Artificial Intelligence (AI);Developer Tools;Machine Learning;Software;Software Engineering",266,"Series E","$300M","2026-02-05","$585M","01 Advisors;Altimeter;BOND;Battery Ventures;Blackbird Ventures;Bond;BoxGroup;CapitalG;Conviction;Greylock;IVP;NVIDIA;South Park Commons;Spark Capital","United States","United States;Canada;United Kingdom;Colombia;Turkey",1,154,"","","GoodFit","Recent funding: $300M Series E (2026-02-05) | Hiring in 1 countries outside HQ | 154 open roles (last 3 mo) | Source: GoodFit",,,,,,,
"Blitzy","blitzy.com","United States","Artificial Intelligence (AI);Developer Tools;Enterprise Software;Generative AI;Software",108,"Venture - Series UNKNOWN","$200M","2026-05-05","$209M","Battery Ventures;Defiant;Flybridge;Jump Capital;Liberty Mutual Strategic Ventures;NFX;Northzone;PSG;Picus Capital;Venture Guides","United States","United States;India;Canada;United Kingdom",,28,"","","GoodFit","Recent funding: $200M Venture - Series UNKNOWN (2026-05-05) | 28 open roles (last 3 mo) | Source: GoodFit",,,,,,,
"Botpress","botpress.com","Canada","Artificial Intelligence (AI);Computer;Natural Language Processing;PaaS;Software;Virtual Assistant",124,"Series B","$25M","2025-06-23","$40M","Decibel Partners;Deloitte Ventures;Framework Venture Partners;Hike Ventures;HubSpot Ventures;Inovia Capital;Panache Ventures;Real Ventures;overtime.vc","Canada","Canada;United States;India;Brazil;Egypt;Mexico;Netherlands;Poland;United Arab Emirates;Zimbabwe",1,23,"","","GoodFit","Recent funding: $25M Series B (2025-06-23) | Hiring in 1 countries outside HQ | 23 open roles (last 3 mo) | Source: GoodFit",,,,,,,
"Causaly","causaly.com","United Kingdom","Artificial Intelligence (AI);Life Science;Pharmaceutical;Semantic Search;Software",130,"Series B","$60M","2023-07-13","$93M","Alex Gorsky;ICONIQ Growth;Index Ventures;Marathon Venture Capital;Olivier Pomel;Pentech Ventures;Visionaries Club","United Kingdom","United Kingdom;Greece;United States;Spain;Germany;Ireland;Japan;Mexico;Netherlands;Portugal;Sweden;Switzerland",2,17,"","","GoodFit","Recent funding: $60M Series B (2023-07-13) | Hiring in 2 countries outside HQ | 17 open roles (last 3 mo) | Source: GoodFit",,,,,,,
"Claroty","claroty.com","United States","Cyber Security;Internet of Things;Network Security;Security",855,"Series F","$150M","2026-01-22","$890M","40 North Ventures;Bessemer Venture Partners;Bosch Ventures;Chevron Technology Ventures;Constellation Technology Ventures;Delta-v Capital;Golub Growth;Princeville Capital;Rockwell Automation;SE Ventures;Schneider Electric;SoftBank Vision Fund;Standard Investments;Temasek Holdings","Israel;Singapore;United Kingdom;United States","Israel;United States;United Kingdom;India;Germany;Australia;Brazil;Singapore;Italy;France;Greece;Japan;South Korea;Spain;Canada;Colombia;Mexico;Netherlands;Philippines;South Africa;Switzerland;Taiwan;Argentina;Chile;Denmark;Namibia;Panama;Peru;Puerto Rico;Sweden;Thailand;United Arab Emirates",6,86,"12%","remote;global team","GoodFit","Recent funding: $150M Series F (2026-01-22) | Hiring in 6 countries outside HQ | 86 open roles (last 3 mo) | Source: GoodFit",,,,,,,
"Common Room","commonroom.io","United States","Artificial Intelligence (AI);Contact Management;Generative AI;Marketing Automation;Sales Automation",179,"Series B","$32M","2021-04-01","$53M","01 Advisors;Dick Costolo;Elena Donio;Greylock;Index Ventures;Madrona;Next Play Ventures","United States","United States;Canada;India;United Kingdom;Papua New Guinea;South Africa;Turkey;United Arab Emirates",1,15,"100%","remote","GoodFit","Recent funding: $32M Series B (2021-04-01) | Hiring in 1 countries outside HQ | 15 open roles (last 3 mo) | 100% remote hiring | Source: GoodFit",,,,,,,
"Converge","converge.io","United Kingdom","Artificial Intelligence (AI);Construction;Machine Learning;Predictive Analytics;Sensor;Software;Wireless",75,"Venture - Series UNKNOWN","$23M","2025-05-21","$23M","ABN AMRO Sustainable Impact Fund;Climate Investment;Force Over Mass Capital;J-Impact;Move Energy;PI-Impact;Scalar North Capital;TO Ventures;Theo Osborne","United Kingdom","United Kingdom;United States;Philippines;Canada;Australia;India;Netherlands",,4,"33%","remote","GoodFit","Recent funding: $23M Venture - Series UNKNOWN (2025-05-21) | 4 open roles (last 3 mo) | 33% remote hiring | Source: GoodFit",,,,,,,
"Cresta","cresta.com","United States","Artificial Intelligence (AI);Intelligent Systems;Machine Learning;Natural Language Processing;Telecommunications",679,"Series D","$125M","2024-11-19","$276M","Andreessen Horowitz;Comcast Ventures;EnvisionX Capital;Greylock;LG Technology Ventures;Qatar Investment Authority;Qualcomm Ventures;SAV (Scale Asia Ventures);Sequoia Capital;Tiger Global Management;Workday Ventures;World Innovation Lab","Canada;United States","United States;Canada;Romania;Germany;United Kingdom;India;Australia;Botswana;South Africa;Zimbabwe;Algeria;Belgium;China;Lithuania;Mexico;Moldova;New Zealand;Nigeria;Pakistan;Poland;Spain;Taiwan;United Arab Emirates;Zambia",6,137,"75%","remote;global team","GoodFit","Recent funding: $125M Series D (2024-11-19) | Hiring in 6 countries outside HQ | 137 open roles (last 3 mo) | 75% remote hiring | Source: GoodFit",,,,,,,
"DataRobot","datarobot.com","United States","AI Infrastructure;Enterprise Software;Machine Learning",873,"Series G","$300M","2021-06-27","$1.1B","Altimeter Capital;Ballistic Ventures;Counterpoint Global;Franklin Templeton;IQT;J17 Ventures;Meritech Capital Partners;New Enterprise Associates;Page One Ventures;Salesforce Ventures;Sapphire Ventures;ServiceNow Ventures;Snowflake Ventures;Sutter Hill Ventures;Tiger Global Management","Ukraine;United Kingdom;United States","United States;Ukraine;India;Japan;Canada;Germany;United Kingdom;Poland;Ireland;United Arab Emirates;Pakistan;Singapore;Turkey;Australia;Austria;Italy;Saudi Arabia;Spain;Brazil;Indonesia;Bangladesh;Czechia;Denmark;Egypt;France;Philippines;Algeria;Belgium;Georgia;Greece;Hong Kong;Iran;Kenya;Latvia;Malaysia;Nepal;Netherlands;Niger;Nigeria;Peru;Portugal;Slovenia;South Africa;South Korea;Uganda;Vietnam",6,127,"7%","remote;fully remote","GoodFit","Recent funding: $300M Series G (2021-06-27) | Hiring in 6 countries outside HQ | 127 open roles (last 3 mo) | Source: GoodFit",,,,,,,
"Daybreak Health","daybreakhealth.com","United States","Health Care;Mental Health;Mobile Apps;Personal Health;Therapeutics",207,"Series B","$13M","2023-08-08","$25M","Alexi Robichaux;Atacama Ventures;Deborah Quazzo;Lightspeed Venture Partners;Lux Capital;Maven Ventures;SignalRank;Union Square Ventures;Y Combinator","United States","United States;Philippines;Colombia;Nicaragua;Peru",,115,"100%","remote;work from anywhere;fully remote","GoodFit","Recent funding: $13M Series B (2023-08-08) | 115 open roles (last 3 mo) | 100% remote hiring | Source: GoodFit",,,,,,,
"Deepgram","deepgram.com","United States","Artificial Intelligence (AI);Data Collection and Labeling;Machine Learning;Natural Language Processing;Speech Recognition",322,"Series C","$130M","2026-01-13","$216M","AVP;Alkeon Capital;Alumni Ventures;BlackRock;Boost VC;Citi Ventures;Columbia University;Compound;IQT;Madrona;ServiceNow Ventures;Stanford University;Tiger Global Management;Wing Venture Capital;Y Combinator","United States","United States;Philippines;United Kingdom;Germany;India;Brazil;Canada;Spain;Sri Lanka;Argentina;Italy;Netherlands;Nigeria;Norway;Australia;Croatia;France;Hungary;Ireland;Japan;Kuwait;Mali;Mexico;North Macedonia",3,64,"96%","remote;global team","GoodFit","Recent funding: $130M Series C (2026-01-13) | Hiring in 3 countries outside HQ | 64 open roles (last 3 mo) | 96% remote hiring | Source: GoodFit",,,,,,,
"Distyl","distyl.ai","United States","Artificial Intelligence (AI);Generative AI;Information Technology;Software",153,"Series B","$175M","2025-09-22","$202M","Coatue;DST Global;Dell Technologies Capital;Khosla Ventures;Lightspeed Venture Partners;Nat Friedman","United States","United States;India;United Kingdom",1,61,"2%","remote","GoodFit","Recent funding: $175M Series B (2025-09-22) | Hiring in 1 countries outside HQ | 61 open roles (last 3 mo) | Source: GoodFit",,,,,,,
"Doctronic","doctronic.ai","United States","Artificial Intelligence (AI);Chatbot;Generative AI;Health Care;Health Diagnostics;Machine Learning;Personal Health",57,"Series B","$40M","2026-03-24","$65M","Abstract;Fei-Fei Li;Lightspeed Venture Partners;MANTIS Venture Capital;Seven Stars;Tusk Venture Partners;Union Square Ventures","United States","United States;Belarus;Australia;Latvia",1,16,"28%","remote;fully remote","GoodFit","Recent funding: $40M Series B (2026-03-24) | Hiring in 1 countries outside HQ | 16 open roles (last 3 mo) | Source: GoodFit",,,,,,,
"Domino Data Lab","domino.ai","United States","AI Infrastructure;Analytics;Artificial Intelligence (AI);Big Data;Data Mining;Enterprise Applications;Enterprise Software;Machine Learning;Software",259,"Venture - Series UNKNOWN","$10M","2025-08-21","$234M","Coatue;Empede Capital;Great Hill Partners;HOF Capital;Highland Capital Partners;NVIDIA;Sequoia Capital;Snowflake Ventures;UBS;Verdure Capital Management;Zetta Venture Partners","Argentina;United Kingdom;United States","United States;Argentina;United Kingdom;India;Canada;France;Germany;Australia;Belgium;Nigeria;Philippines;South Korea;Switzerland;Ukraine",,13,"","","GoodFit","Recent funding: $10M Venture - Series UNKNOWN (2025-08-21) | 13 open roles (last 3 mo) | Source: GoodFit",,,,,,,
"Dott","ridedott.com","Netherlands","Electric Vehicle;Mobile Apps;Ride Sharing;Transportation",625,"Series D","$17M","2025-10-28","$328M","Aberdeen Standard Investments;EQT Ventures;Estari Group;FJ Labs;Prosus;Prosus Ventures;Sofina;White Star Capital","Belgium;France;Germany;Israel;Italy;Netherlands;Poland","France;Netherlands;Poland;Germany;Italy;United Kingdom;Belgium;Finland;Spain;Hungary;India;Israel;Sweden;Switzerland;United Arab Emirates;Canada;Denmark;Jordan;Saudi Arabia;Uganda;Albania;Brazil;Egypt;Greece;Norway;Taiwan;Turkey;United States",4,69,"39%","remote","GoodFit","Recent funding: $17M Series D (2025-10-28) | Hiring in 4 countries outside HQ | 69 open roles (last 3 mo) | 39% remote hiring | Source: GoodFit",,,,,,,
"Echodyne","echodyne.com","United States","Electronics;National Security;Sensor;Software",253,"Series C","$135M","2022-06-13","$199M","Baillie Gifford;Bill Gates;Madrona;New Enterprise Associates;Northrop Grumman;Vanedge Capital;Vulcan Capital","United States","United States;United Kingdom;Singapore;Canada;Spain;Switzerland;Togo",1,52,"","","GoodFit","Recent funding: $135M Series C (2022-06-13) | Hiring in 1 countries outside HQ | 52 open roles (last 3 mo) | Source: GoodFit",,,,,,,
"First Street","firststreet.org","United States","Environmental Consulting;Non Profit;Real Estate",94,"Venture - Series UNKNOWN","$55M","2024-03-11","$55M","Congruent Ventures","United States","United States;Canada;United Kingdom;Singapore",,7,"","","GoodFit","Recent funding: $55M Venture - Series UNKNOWN (2024-03-11) | 7 open roles (last 3 mo) | Source: GoodFit",,,,,,,
"Focal Systems","focal.systems","United States","Artificial Intelligence (AI);Computer Vision;Retail Technology",126,"Series B","$26M","2021-11-01","$42M","Costanoa Ventures;Point72 Ventures;Seabed VC;Uncork Capital;Y Combinator;Zetta Venture Partners","Canada;United Kingdom;United States","United Kingdom;United States;Canada;Poland;Portugal;France;Kenya;Moldova;Turkey",2,17,"70%","remote","GoodFit","Recent funding: $26M Series B (2021-11-01) | Hiring in 2 countries outside HQ | 17 open roles (last 3 mo) | 70% remote hiring | Source: GoodFit",,,,,,,
"Gigs","gigs.com","United States","Software;Subscription Service;Telecommunications;Wireless",265,"Series B","$73M","2024-12-12","$97M","Crane Venture Partners;Dara Khosrowshahi;Fidji Simo;Gradient;Max Tayenthal;Ribbit Capital;Speedinvest;Y Combinator;Y Combinator Continuity Fund","Germany;United Kingdom;United States","United States;Germany;United Kingdom;Netherlands;Spain;Brazil;India;Italy;Poland;Switzerland;Denmark;France;South Africa;Sweden;Belgium;Canada;Finland;Hungary;Indonesia;Kuwait;Lithuania;Malta;North Macedonia;Norway;Pakistan;Portugal;Romania;Tunisia",6,119,"100%","remote;global team","GoodFit","Recent funding: $73M Series B (2024-12-12) | Hiring in 6 countries outside HQ | 119 open roles (last 3 mo) | 100% remote hiring | Source: GoodFit",,,,,,,
"Hud","hud.io","United States","Artificial Intelligence (AI);Machine Learning;Sensor",50,"Venture - Series UNKNOWN","$21M","2025-12-11","$21M","Aleph;Square Peg Capital","United States","Israel;United States;Canada;Kosovo;Taiwan",1,25,"","","GoodFit","Recent funding: $21M Venture - Series UNKNOWN (2025-12-11) | Hiring in 1 countries outside HQ | 25 open roles (last 3 mo) | Source: GoodFit",,,,,,,
"Incode","incode.com","United States","AI Infrastructure;Biometrics;Compliance;Identity Management;Machine Learning;Software",666,"Series B","$220M","2021-12-07","$257M","3L Capital;Capital One Ventures;Coinbase Ventures;DILA Capital;DN Capital;Framework Venture Partners;General Atlantic;Silicon Valley CISO Investments;SoftBank;Walter Ventures","Mexico;Serbia;Spain;United States","Mexico;Serbia;United States;Spain;Colombia;United Kingdom;Argentina;India;United Arab Emirates;Netherlands;Brazil;Canada;Estonia;Italy;Nigeria;Peru;Philippines;Austria;Belgium;Chile;Croatia;Georgia;Guatemala;Japan;North Macedonia;Portugal;Puerto Rico;South Africa;Ukraine;Uruguay",2,36,"","global team","GoodFit","Recent funding: $220M Series B (2021-12-07) | Hiring in 2 countries outside HQ | 36 open roles (last 3 mo) | Source: GoodFit",,,,,,,
"Jump - Advisor AI","jump.ai","United States","Artificial Intelligence (AI);FinTech;Financial Services;Generative AI;SaaS;Wealth Management",231,"Series B","$80M","2026-02-20","$109M","Aaron Skonnard;Allianz Life Ventures;Battery Ventures;F-Prime;Hans Tung;Insight Partners;Pelion Venture Partners;Peterson Partners;Ryan Anderson;Sorenson Capital","United States","United States;Brazil;Poland;Romania;India;Kazakhstan;Turkey;Ukraine",1,27,"58%","remote;fully remote","GoodFit","Recent funding: $80M Series B (2026-02-20) | Hiring in 1 countries outside HQ | 27 open roles (last 3 mo) | 58% remote hiring | Source: GoodFit",,,,,,,
"Klarity","klarity.ai","United States","Accounting;Artificial Intelligence (AI);Document Management;Document Preparation;Generative AI;Machine Learning;SaaS;Software",178,"Series B","$70M","2024-06-24","$90M","Brad Lightcap;Germaine Cota;Invus;Ironwood Ventures;NFDG Ventures;Nat Friedman;Picus Capital;Sam Wilson;Scale Venture Partners;Tola Capital;Y Combinator","United States","United States;India;United Kingdom;Germany;Canada;Japan;Netherlands;Singapore",,50,"29%","remote","GoodFit","Recent funding: $70M Series B (2024-06-24) | 50 open roles (last 3 mo) | Source: GoodFit",,,,,,,
"LangChain","langchain.com","United States","Agentic AI;Artificial Intelligence (AI);Database;Developer APIs;Developer Tools;Generative AI",321,"Series B","$125M","2025-10-20","$160M","Amplify Partners;Benchmark;Cisco Investments;Databricks Ventures;Datadog;Frontline Ventures;IVP;Sequoia Capital;ServiceNow Ventures;Workday Ventures","Netherlands;United Kingdom;United States","United States;United Kingdom;India;Netherlands;Germany;Canada;Switzerland;Australia;Brazil;Czechia;Nigeria;Pakistan;Philippines;Rwanda;South Korea;Sri Lanka;Sweden;Thailand;Ukraine",5,161,"11%","remote","GoodFit","Recent funding: $125M Series B (2025-10-20) | Hiring in 5 countries outside HQ | 161 open roles (last 3 mo) | Source: GoodFit",,,,,,,
"Luma","lumalabs.ai","United States","Artificial Intelligence (AI);Foundational AI;Generative AI;Video;Video Editing",331,"Series C","$900M","2025-11-19","$1.1B","AMD;AMD Ventures;Amplify Partners;Andreessen Horowitz;Factorial Funds;HUMAIN;Hanwha;Matrix;Omniva","United States","United States;Canada;India;United Arab Emirates;United Kingdom;Italy;Brazil;Pakistan;Argentina;Austria;France;Georgia;Ghana;Israel;Nigeria;Spain;Australia;Bahrain;Bulgaria;China;Colombia;Denmark;Egypt;Finland;Indonesia;Iran;Ireland;Japan;Kenya;Nepal;New Zealand;Norway;Portugal;Puerto Rico;Romania;Russia;Slovenia;South Africa;Sweden;Switzerland;Thailand;Turkey",3,92,"3%","remote","GoodFit","Recent funding: $900M Series C (2025-11-19) | Hiring in 3 countries outside HQ | 92 open roles (last 3 mo) | Source: GoodFit",,,,,,,
"Mashgin","mashgin.com","United States","3D Technology;Artificial Intelligence (AI);Computer Vision;Retail Technology;Software",123,"Series B","$62M","2022-05-09","$74M","Eclipse Ventures;Four Cities Capital;Highway1;Matrix;New Enterprise Associates;Qasar Younis;Root Ventures;TenOneTen Ventures;Y Combinator","United States","United States;Brazil;Sweden;Australia;Portugal;South Africa",,20,"18%","remote","GoodFit","Recent funding: $62M Series B (2022-05-09) | 20 open roles (last 3 mo) | Source: GoodFit",,,,,,,
"Movandi","movandi.com","United States","Internet;Mobile;Wireless",43,"Venture - Series UNKNOWN","$40M","2025-10-14","$97M","4G Capital;5G Ventures;Celesta Capital;Cota Capital;DNX Ventures;ITHCA group;Murata Manufacturing;Sierra Ventures;VentureTech Alliance","Australia;United States","United States;Australia;Oman;China;Sweden",2,12,"","","GoodFit","Recent funding: $40M Venture - Series UNKNOWN (2025-10-14) | Hiring in 2 countries outside HQ | 12 open roles (last 3 mo) | Source: GoodFit",,,,,,,
"Niantic, Inc.","nianticlabs.com","United States","Apps;Augmented Reality;Gaming;Software;Virtual Reality",664,"Series D","$300M","2021-11-22","$770M","AXiomatic;Alsop Louie Partners;Battery Ventures;CRV;Causeway Media Partners;Coatue;ID8 Investments;IVP;Pure Imagination Brands;SMVentures;Samsung Ventures;Spark Capital","Germany;Japan;Switzerland;United Kingdom;United States","United States;Japan;India;United Kingdom;Switzerland;South Korea;Brazil;Canada;Indonesia;Mexico;Spain;Taiwan;Australia;Germany;Italy;Singapore;Belgium;France;Malaysia;Chile;Hong Kong;New Zealand;Nigeria;Philippines;Bolivia;China;Greece;Hungary;Iran;Lithuania;Qatar;Russia;Saudi Arabia;Sweden;Tanzania;Turkey;Venezuela;Vietnam",,,"","","GoodFit","Recent funding: $300M Series D (2021-11-22) | Source: GoodFit",,,,,,,
"Nscale","nscale.com","United Kingdom","AI Infrastructure;Artificial Intelligence (AI);Data Center;GPU;Information Technology;Internet;Telecommunications",564,"Series C","$2.0B","2026-03-09","$5.1B","8090 Industries;Aker;Astra Capital Management;Blue Owl;Citadel;Dell;Jane Street Capital;Lenovo;Linden Advisors;LuminArx Capital Management LP;NVIDIA;Nokia;PIMCO;Point72;Sandton Capital Partners","United Kingdom","United Kingdom;United States;Norway;Singapore;Netherlands;Ireland;Australia;Germany;Portugal;Spain;Canada;United Arab Emirates;Austria;Belgium;Finland;Italy;Jersey;Mexico;New Zealand;Poland;Romania;Switzerland;Taiwan;Thailand",9,562,"31%","remote;global team","GoodFit","Recent funding: $2.0B Series C (2026-03-09) | Hiring in 9 countries outside HQ | 562 open roles (last 3 mo) | 31% remote hiring | Source: GoodFit",,,,,,,
"OXIO","oxio.com","United States","Cloud Data Services;Infrastructure;Telecommunications;Wireless",102,"Series B","$40M","2022-03-16","$55M","Allan Green;Ascend Venture Capital;Atlantico;Digital Currency Group;FinTech Collective;King River Capital;Leyden Ventures;MONASHEES;Multicoin Capital;ParaFi Capital;Unshackled Ventures","Canada;Mexico;United States","United States;Canada;Mexico;France;United Kingdom;Bangladesh;Brazil;Colombia;India;Kenya",,16,"","","GoodFit","Recent funding: $40M Series B (2022-03-16) | 16 open roles (last 3 mo) | Source: GoodFit",,,,,,,
"Opensignal","opensignal.com","United States","Analytics;Mobile;Telecommunications;Wireless",329,"Venture - Series UNKNOWN","","2018-09-28","$13M","Frog Capital;Future Fifty;Octopus Ventures;Oreilly AlphaTech Ventures;Passion Capital;Qualcomm Ventures","Canada;United Kingdom;United States","United States;United Kingdom;Canada;Poland;Singapore;Spain;Colombia;Hungary;Japan;Malaysia;Netherlands;United Arab Emirates;Bolivia;Brazil;Czechia;Georgia;India;Indonesia;Ireland;Italy;New Zealand;Philippines;Romania;South Africa;South Korea",3,14,"100%","remote","GoodFit","Recent funding:  Venture - Series UNKNOWN (2018-09-28) | Hiring in 3 countries outside HQ | 14 open roles (last 3 mo) | 100% remote hiring | Source: GoodFit",,,,,,,
"Phamily","phamily.com","United States","Health Care;Health Diagnostics;Information Technology;Internet;Virtual Assistant",184,"Venture - Series UNKNOWN","$10M","2025-06-24","$25M","Darwin Venture Management;Level Equity Management;Mentors Fund","United States","United States;Canada;India;Australia;Côte d'Ivoire;France;Ghana;Vietnam",,52,"54%","remote","GoodFit","Recent funding: $10M Venture - Series UNKNOWN (2025-06-24) | 52 open roles (last 3 mo) | 54% remote hiring | Source: GoodFit",,,,,,,
"Photoroom","photoroom.com","United States","Artificial Intelligence (AI);Generative AI;Machine Learning;Mobile Apps;Photo Editing;Photography",694,"Series B","$43M","2024-02-27","$43M","Adjacent;Aglaé Ventures;Balderton Capital;FJ Labs;Holger Seim;Hugging Face;Meta;Y Combinator;Yann LeCun","France;United States","India;France;United Kingdom;United States;Bangladesh;Pakistan;Germany;Nigeria;Italy;Sri Lanka;Algeria;Egypt;Iran;Morocco;Philippines;Spain;Ethiopia;Nepal;Netherlands;Poland;Brazil;Indonesia;Portugal;Slovakia;Sweden;Turkey;United Arab Emirates;Vietnam;Afghanistan;Australia;Belgium;Bulgaria;Estonia;Georgia;Kyrgyzstan;Lebanon;Malaysia;Maldives;Myanmar;Romania;Saudi Arabia;Serbia;Somalia;South Africa;South Korea;Switzerland;Tunisia;Ukraine;Zimbabwe",7,135,"100%","remote;work from anywhere;global team;fully remote","GoodFit","Recent funding: $43M Series B (2024-02-27) | Hiring in 7 countries outside HQ | 135 open roles (last 3 mo) | 100% remote hiring | Source: GoodFit",,,,,,,
"Picsart","picsart.com","United States","Artificial Intelligence (AI);Consumer;Generative AI;Graphic Design;Photo Editing;Photography;Software;Video Editing",1428,"Series C","$130M","2021-08-26","$195M","3VC;Antenna Ventures;DCM Ventures;EBRD Venture Capital;G Squared;Graph Ventures;Insight Partners;Sequoia Capital;Siguler Guff & Company;SoftBank Vision Fund;Tribe Capital","Armenia;Germany;Romania;Spain;United Kingdom;United States","Armenia;India;Colombia;United States;Germany;Pakistan;Spain;United Kingdom;Bangladesh;Romania;Philippines;United Arab Emirates;Brazil;Egypt;Algeria;Mexico;Saudi Arabia;China;France;Indonesia;Morocco;Russia;Sri Lanka;Argentina;Georgia;Nigeria;Canada;Iran;Italy;Nepal;Portugal;Syria;Turkey;Albania;Australia;Belgium;Bolivia;Bosnia and Herzegovina;Cambodia;Cameroon;Chile;Estonia;Ghana;Haiti;Japan;Kazakhstan;Kenya;Kosovo;Lebanon;Mauritania;Mongolia;Myanmar;Panama;Poland;Puerto Rico;Senegal;Singapore;South Korea;Sudan;Tunisia;Venezuela;Vietnam;Zimbabwe",1,2,"","global team","GoodFit","Recent funding: $130M Series C (2021-08-26) | Hiring in 1 countries outside HQ | 2 open roles (last 3 mo) | Source: GoodFit",,,,,,,
"Portnox","portnox.com","United States","Security;Software;Wireless",98,"Series B","$38M","2025-04-08","$60M","Elsewhere Partners;Updata Partners","United States","United States;Czechia;Israel;Philippines;Canada;Ireland;Malta;Nicaragua;Portugal;Spain",1,11,"75%","remote;fully remote","GoodFit","Recent funding: $38M Series B (2025-04-08) | Hiring in 1 countries outside HQ | 11 open roles (last 3 mo) | 75% remote hiring | Source: GoodFit",,,,,,,
"ProGlove","proglove.com","Germany","Industrial;Internet of Things;Manufacturing;Wearables",248,"Venture - Series UNKNOWN","","2022-01-01","$49M","Bayern Kapital;DI Technology;GETTYLAB;Intel Capital;Nordic Capital;Summit Partners","Germany;Serbia;United Kingdom;United States","Germany;Serbia;United States;France;Spain;United Kingdom;Austria;Canada;Italy;Sweden;South Africa;Switzerland;China;Czechia;Egypt;Finland;Mexico;Netherlands;Romania",,9,"","","GoodFit","Recent funding:  Venture - Series UNKNOWN (2022-01-01) | 9 open roles (last 3 mo) | Source: GoodFit",,,,,,,
"Profound","tryprofound.com","United States","Analytics;Artificial Intelligence (AI);Generative AI;SEO",259,"Series C","$96M","2026-02-24","$154M","Evantic Capital;Kleiner Perkins;Lightspeed Venture Partners;Saga Ventures;Sequoia Capital;South Park Commons","United States","United States;United Kingdom;Argentina;India;Brazil;Algeria;Australia;Canada;Kenya;Spain;Ukraine",2,259,"3%","remote","GoodFit","Recent funding: $96M Series C (2026-02-24) | Hiring in 2 countries outside HQ | 259 open roles (last 3 mo) | Source: GoodFit",,,,,,,
"Proxy (acquired by ŌURA)","proxy.com","United States","Augmented Reality;Blockchain;Consumer;Identity Management;Information Technology;Mobile;Mobile Apps;Software",18,"Series B","$42M","2020-03-16","$59M","Blackbird Ventures;Coatue;Justin Mateen;Kleiner Perkins;Scale Venture Partners;Silicon Valley Bank;WeWork Creator Fund;West;Y Combinator","China;Sweden;United States","United States;Armenia;Botswana;Egypt;France;Nigeria;Qatar;Taiwan",1,5,"","","GoodFit","Recent funding: $42M Series B (2020-03-16) | Hiring in 1 countries outside HQ | 5 open roles (last 3 mo) | Source: GoodFit",,,,,,,
"RadiusAI","radius.ai","United States","Artificial Intelligence (AI);Computer Vision;Machine Learning;Retail Technology;Software",45,"Venture - Series UNKNOWN","$1M","2026-05-21","$25M","","United States","United States;India;Turkey;Mexico",,,"","","GoodFit","Recent funding: $1M Venture - Series UNKNOWN (2026-05-21) | Source: GoodFit",,,,,,,
"RealSense","realsenseai.com","United States","Artificial Intelligence (AI);Computer;Electronics;Manufacturing",111,"Corporate Round","$60M","2025-11-19","$110M","Intel Capital;MediaTek Ventures;dormakaba Holding","United States","Israel;United States;China;Japan",1,14,"","","GoodFit","Recent funding: $60M Corporate Round (2025-11-19) | Hiring in 1 countries outside HQ | 14 open roles (last 3 mo) | Source: GoodFit",,,,,,,
"RealWear","realwear.com","United States","Artificial Intelligence (AI);Augmented Reality;Electronics;Industrial;Software;Wearables",74,"Venture - Series UNKNOWN","$650K","2025-07-28","$129M","Columbia Ventures Corporation;Fortive;Foundry Group;JP Morgan Chase;Kopin;Qualcomm Ventures;Runway Growth Capital;Teradyne;Trog Hawley Capital","China;India;Netherlands;Switzerland;United States","United States;Switzerland;India;China;Romania;Netherlands;South Korea;United Kingdom;Germany;Greece;Indonesia;Israel;Japan;Mexico",1,10,"11%","remote","GoodFit","Recent funding: $650K Venture - Series UNKNOWN (2025-07-28) | Hiring in 1 countries outside HQ | 10 open roles (last 3 mo) | Source: GoodFit",,,,,,,
"Redpanda Data","redpanda.com","United States","AI Infrastructure;Analytics;Artificial Intelligence (AI);Big Data;Developer Tools;Information Technology;Software",204,"Series D","$100M","2025-04-03","$266M","Google Ventures;Haystack;Lightspeed Venture Partners","Poland;United States","United States;United Kingdom;Poland;Canada;Colombia;Greece;Spain;Argentina;Czechia;Germany;Italy;Japan;Nepal;Netherlands;Portugal;South Africa",3,39,"54%","remote;fully remote;remote first","GoodFit","Recent funding: $100M Series D (2025-04-03) | Hiring in 3 countries outside HQ | 39 open roles (last 3 mo) | 54% remote hiring | Source: GoodFit",,,,,,,
"Reka AI","reka.ai","United States","Artificial Intelligence (AI);Foundational AI;Generative AI;Information Technology;Software",62,"Series B","$110M","2025-07-22","$170M","DST Global;NVIDIA;Nat Friedman;Radical Ventures;Snowflake;Snowflake Ventures","United States","United States;Singapore;Canada;United Kingdom;India;Spain;France;Hong Kong;Italy",,11,"80%","remote","GoodFit","Recent funding: $110M Series B (2025-07-22) | 11 open roles (last 3 mo) | 80% remote hiring | Source: GoodFit",,,,,,,
"Rogo","rogo.ai","United States","Analytics;Artificial Intelligence (AI);Business Intelligence;FinTech;Financial Services;Generative AI",164,"Series D","$160M","2026-04-29","$345M","AlleyCorp;BoxGroup;Evantic Capital;FinTech Sandbox;J.P. Morgan Growth Equity Partners;Jack Altman;Khosla Ventures;Kleiner Perkins;MANTIS Venture Capital;Positive Sum;Sequoia Capital;Thrive Capital","United States","United States;United Kingdom;Canada;India;Australia;Germany;Ireland",2,62,"2%","remote;global team","GoodFit","Recent funding: $160M Series D (2026-04-29) | Hiring in 2 countries outside HQ | 62 open roles (last 3 mo) | Source: GoodFit",,,,,,,
"Seeq Corporation","seeq.com","United States","Analytics;Commercial;Industrial;Internet of Things;Software",299,"Series D","$50M","2024-08-06","$165M","Altira Group;Chevron Technology Ventures;Cisco Investments;Insight Partners;Saudi Aramco Energy Ventures;Second Avenue Partners;Sixth Street","United States","United States;United Kingdom;Canada;Australia;Ireland;Kenya;France;Nigeria;Italy;Norway;Portugal;Romania;Brazil;Estonia;Georgia;Germany;Hungary;India;Malaysia;Oman;Sweden",5,62,"100%","remote;global team;fully remote","GoodFit","Recent funding: $50M Series D (2024-08-06) | Hiring in 5 countries outside HQ | 62 open roles (last 3 mo) | 100% remote hiring | Source: GoodFit",,,,,,,
"ShareGate","sharegate.com","Canada","Internet;VoIP;Wireless",34,"Venture - Series UNKNOWN","$130K","2013-05-30","$10M","Advent International;Amtech;Blueprint Ventures","Canada","Canada;United Kingdom;Germany;United States",,50,"3%","remote","GoodFit","Recent funding: $130K Venture - Series UNKNOWN (2013-05-30) | 50 open roles (last 3 mo) | Source: GoodFit",,,,,,,
"SignalWire","signalwire.com","United States","Artificial Intelligence (AI);Call Center;Enterprise;Generative AI;Messaging;Telecommunications",85,"Series B","","2022-03-23","$42M","Dean Drako;Jerry Yang;Jesse Robbins;Prosperity7 Ventures;Samsung NEXT;Storm Ventures;T-Mobile Ventures;Telekom Innovation Pool;WVV Capital","United States","United States;Brazil;India;Italy;Spain;United Kingdom;Bangladesh;Canada;Germany;Nigeria;Poland;Thailand",,98,"","","GoodFit","Recent funding:  Series B (2022-03-23) | 98 open roles (last 3 mo) | Source: GoodFit",,,,,,,
"Sixfold","sixfold.ai","United States","Artificial Intelligence (AI);Generative AI;InsurTech;Productivity Tools",69,"Series B","$30M","2026-01-29","$52M","Bessemer Venture Partners;Brewer Lane Ventures;Crystal Venture Partners;Guidewire Software;Lloyd's Lab;Salesforce Ventures;Scale Venture Partners","United States","United States;Brazil;United Kingdom;Kenya;Mexico",,3,"","","GoodFit","Recent funding: $30M Series B (2026-01-29) | 3 open roles (last 3 mo) | Source: GoodFit",,,,,,,
"Snorkel AI","snorkel.ai","United States","AI Infrastructure;Artificial Intelligence (AI);Data Collection and Labeling;Enterprise Software;Machine Learning",1139,"Venture - Series UNKNOWN","$4M","2025-08-06","$239M","Accenture Ventures;Addition;BNY;BlackRock;Google Ventures;Greylock;Lightspeed Venture Partners;Nepenthe Capital;Prosperity7 Ventures;QBE Ventures","United States","United States;Mexico;United Kingdom;Canada;India;Kenya;Nigeria;Australia;Bangladesh;Czechia;Ethiopia;Georgia;Greece;Ireland;Poland;Portugal;South Korea;Turkey;United Arab Emirates;Vietnam",,182,"27%","remote;global team","GoodFit","Recent funding: $4M Venture - Series UNKNOWN (2025-08-06) | 182 open roles (last 3 mo) | Source: GoodFit",,,,,,,
"Sofar Ocean","sofarocean.com","United States","Big Data;Information Services;Information Technology;Sensor",106,"Venture - Series UNKNOWN","$22M","2024-12-09","$74M","Craft Ventures;Foundry Group;Jovono;Peter Rive;Trousdale Ventures;True Ventures;Union Square Ventures","United States","United States;India;Singapore;Iran;Netherlands;United Arab Emirates;Croatia",2,12,"16%","remote;global team","GoodFit","Recent funding: $22M Venture - Series UNKNOWN (2024-12-09) | Hiring in 2 countries outside HQ | 12 open roles (last 3 mo) | Source: GoodFit",,,,,,,
"Spekit","spekit.com","United States","Artificial Intelligence (AI);CRM;Content Marketing;Enterprise Software;Generative AI;Knowledge Management;SaaS;Sales Automation;Sales Enablement;Training",106,"Series B","$45M","2022-01-19","$61M","Bonfire Ventures;Craft Ventures;Felicis;Foundry Group;Matchstick Ventures;Operator Collective;Renegade Partners;Sarona Ventures","United States","United States;Pakistan;Mexico;Argentina;India;Canada;Bahamas;Australia;Netherlands;Poland;United Kingdom",2,18,"20%","remote;fully remote","GoodFit","Recent funding: $45M Series B (2022-01-19) | Hiring in 2 countries outside HQ | 18 open roles (last 3 mo) | Source: GoodFit",,,,,,,
"Stability AI","stability.ai","United States","Artificial Intelligence (AI);Foundational AI;Generative AI;Image Recognition;Information Technology;Software",189,"Corporate Round","","2025-03-05","$256M","Betaworks;Coatue;Firestreak Ventures;Greycroft;Intel;Lightspeed Venture Partners;O'Shaughnessy Asset Management;O'Shaughnessy Ventures;Prem Akkaraju;Robert Nelsen;Sean Parker;Sound Ventures;WPP;Watertower Ventures","United States","United States;United Kingdom;Canada;Germany;Ireland;Italy;Spain;India;Romania;Turkey;Bulgaria;France;Singapore;Austria;Belgium;Denmark;Greece;Netherlands;Pakistan;Poland;Portugal;Sweden;Azerbaijan;Czechia;Georgia;Hungary;Indonesia;Israel;Japan;Lithuania;Mexico;Norway;Slovakia;Switzerland;Thailand;Ukraine",1,17,"25%","remote","both","Recent funding:  Corporate Round (2025-03-05) | Hiring in 1 countries outside HQ | 17 open roles (last 3 mo) | Source: both",,,,,,,
"SuperAnnotate","superannotate.com","United States","Artificial Intelligence (AI);Computer Vision;Data Collection and Labeling;Generative AI;Machine Learning;Natural Language Processing;SaaS;Software",362,"Series B","$14M","2025-07-15","$67M","Base10 Partners;Databricks Ventures;Dell Technologies Capital;Fathom Capital;NVIDIA;Play Time Ventures;Plug and Play;Point Nine;Runa Capital;Socium Ventures","Armenia;Sweden;United States","United States;Bangladesh;Armenia;Colombia;Egypt;India;United Kingdom;Kenya;Nigeria;Indonesia;Italy;Spain;Canada;France;Ireland;Pakistan;Germany;Mexico;South Africa;South Korea;United Arab Emirates;Brazil;Ethiopia;Japan;Morocco;Philippines;Romania;Sweden;Argentina;Australia;Bulgaria;Cameroon;China;Cyprus;Czechia;Denmark;Dominican Republic;Finland;Jamaica;Lebanon;Liechtenstein;New Zealand;Saudi Arabia;Sri Lanka;Taiwan;Thailand;Turkey;Zambia",2,24,"60%","remote;fully remote","GoodFit","Recent funding: $14M Series B (2025-07-15) | Hiring in 2 countries outside HQ | 24 open roles (last 3 mo) | 60% remote hiring | Source: GoodFit",,,,,,,
"Sword Health","swordhealth.com","United States","Artificial Intelligence (AI);Health Care;Medical;Therapeutics;mHealth",1179,"Venture - Series UNKNOWN","$40M","2025-06-17","$491M","Armilar Venture Partners;Comcast Ventures;General Catalyst;Indico Capital Partners;Khosla Ventures;Lince Capital;Michal Valko;Oxy Capital;Sapphire Ventures;Shilling VC;Transformation Capital;Vesalius Biocapital Partners","United States","Portugal;United States;United Kingdom;Germany;Brazil;Canada;Spain;Poland;France;Ireland;South Africa;Australia;Austria;Belgium;Bulgaria;Georgia;India;Malaysia;Netherlands;Switzerland;Zimbabwe",6,172,"91%","remote;work from anywhere;fully remote","GoodFit","Recent funding: $40M Venture - Series UNKNOWN (2025-06-17) | Hiring in 6 countries outside HQ | 172 open roles (last 3 mo) | 91% remote hiring | Source: GoodFit",,,,,,,
"Synthesia","synthesia.io","United Kingdom","Artificial Intelligence (AI);Content Creators;Foundational AI;Generative AI;Software;Video;Video Editing",780,"Series E","$200M","2026-01-26","$537M","Accel;Adobe Ventures;Air Street Capital;Evantic Capital;FirstMark;Google Ventures;Hedosophia;Kleiner Perkins;LDV Capital;MMC Ventures;NVentures;New Enterprise Associates;PSP Growth","Denmark;Germany;Grenada;Netherlands;Switzerland;United Kingdom;United States","United Kingdom;United States;Germany;France;Spain;Switzerland;Denmark;Ireland;Netherlands;Czechia;Slovenia;Italy;Philippines;Bulgaria;Singapore;Sweden;Austria;Canada;Greece;Hungary;India;New Zealand;Nigeria;Poland;Portugal;United Arab Emirates;Argentina;Croatia;Lithuania;Malaysia;Morocco;Pakistan;Serbia;Taiwan;Vietnam",1,135,"47%","remote;work from anywhere;fully remote","both","Recent funding: $200M Series E (2026-01-26) | Hiring in 1 countries outside HQ | 135 open roles (last 3 mo) | 47% remote hiring | Source: both",,,,,,,
"Tavus","tavus.io","United States","Artificial Intelligence (AI);Developer Platform;Generative AI;Software;Video",89,"Series B","$40M","2025-11-12","$64M","Alumni Ventures;CRV;Correlation Ventures;Flex Capital;HubSpot Ventures;SV Angel;Scale Venture Partners;Sequoia Capital;Seven Stars;Y Combinator","United States","United States;United Kingdom;Germany;India;Italy;China;France;Canada;Mexico;Poland;Singapore;Spain;Vietnam",,43,"18%","remote","GoodFit","Recent funding: $40M Series B (2025-11-12) | 43 open roles (last 3 mo) | Source: GoodFit",,,,,,,
"Tecton","tecton.ai","United States","AI Infrastructure;Analytics;Artificial Intelligence (AI);Machine Learning;Predictive Analytics",93,"Series C","$100M","2022-07-12","$160M","Andreessen Horowitz;Bain Capital Ventures;Databricks Ventures;Kleiner Perkins;Sequoia Capital;Snowflake Ventures;Tiger Global Management","United States","United States;Chile;India;Brazil;Morocco;Austria;Ecuador;France;Ireland;Italy;Kenya;Philippines;Saudi Arabia;Sri Lanka;United Arab Emirates",,,"","","GoodFit","Recent funding: $100M Series C (2022-07-12) | Source: GoodFit",,,,,,,
"Terabase Energy","terabase.energy","United States","Energy;Software;Solar",208,"Series C","$130M","2025-03-13","$205M","Breakthrough Energy Ventures;City Light Capital;EDP Ventures;Fifth Wall;Powerhouse Ventures;Prelude Ventures;SJF Ventures;SoftBank Vision Fund","United States","United States;Philippines;France;Mexico;Canada;India;Portugal;Serbia;Spain;Switzerland",2,65,"75%","remote;global team","GoodFit","Recent funding: $130M Series C (2025-03-13) | Hiring in 2 countries outside HQ | 65 open roles (last 3 mo) | 75% remote hiring | Source: GoodFit",,,,,,,
"Together AI","together.ai","United States","AI Infrastructure;Artificial Intelligence (AI);Generative AI;IT Infrastructure;Internet;Open Source",380,"Series B","$305M","2025-02-20","$534M","Alumni Ventures;Brave Capital;Chapter One;DAMAC Capital;General Catalyst;Greycroft;Kleiner Perkins;Long Journey Ventures;Lux Capital;NVIDIA;Prosperity7 Ventures;Salesforce Ventures;Scott Banister;SignalRank","United States","United States;Netherlands;United Kingdom;India;Canada;Germany;Australia;Singapore;France;Ireland;Israel;Morocco;Norway;Pakistan;Portugal;Romania;Togo;Uganda;United Arab Emirates;Zambia",2,79,"20%","remote","GoodFit","Recent funding: $305M Series B (2025-02-20) | Hiring in 2 countries outside HQ | 79 open roles (last 3 mo) | Source: GoodFit",,,,,,,
"Tools for Humanity","toolsforhumanity.com","United States","Artificial Intelligence (AI);Blockchain;Hardware;Software",476,"Series C","","2023-05-25","$126M","Apollo Projects;Bain Capital Crypto;Blockchain Capital;CoinFund;Distributed Global;Hydrazine Capital;Khosla Ventures;Tiger Global Management;Wealthing VC Club;a16z crypto","Germany;United States","United States;Germany;Argentina;Mexico;United Kingdom;Ireland;Philippines;Poland;Brazil;Colombia;Spain;India;Singapore;Japan;France;Greece;Kenya;Portugal;South Korea;Chile;Croatia;Hong Kong;Indonesia;Peru;Albania;Andorra;Australia;Czechia;Ecuador;French Polynesia;Georgia;Italy;Montenegro;Nepal;Slovakia;Slovenia;Uganda;United Arab Emirates;Venezuela",4,81,"7%","remote;global team","GoodFit","Recent funding:  Series C (2023-05-25) | Hiring in 4 countries outside HQ | 81 open roles (last 3 mo) | Source: GoodFit",,,,,,,
"Tributech","tributech.io","United Kingdom","B2B;Information Technology;Internet of Things;Security;Sharing Economy",20,"Venture - Series UNKNOWN","","2018-01-01","$0","tech2b Inkubator","United Kingdom","Austria;United States;United Arab Emirates;United Kingdom",1,4,"","","GoodFit","Recent funding:  Venture - Series UNKNOWN (2018-01-01) | Hiring in 1 countries outside HQ | 4 open roles (last 3 mo) | Source: GoodFit",,,,,,,
"VAST Data","vastdata.com","United States","AI Infrastructure;Artificial Intelligence (AI);Database;Software",1192,"Series F","$1.0B","2026-04-22","$1.4B","Access Industries;Bond;Drive Capital;Fidelity;Mellanox Capital;N47;NVIDIA;New Enterprise Associates;Tiger Global Management","Israel;United States","United States;Israel;United Kingdom;India;Canada;Germany;Australia;Singapore;United Arab Emirates;Iceland;Japan;Netherlands;France;South Korea;Switzerland;Italy;Saudi Arabia;Spain;Ukraine;China;Poland;Cyprus;Egypt;Ireland;Nigeria;Pakistan;Peru;Russia;Serbia;South Africa;Sweden",12,320,"2%","remote;global team;fully remote;remote company","GoodFit","Recent funding: $1.0B Series F (2026-04-22) | Hiring in 12 countries outside HQ | 320 open roles (last 3 mo) | Source: GoodFit",,,,,,,
"Vendia","vendia.com","United States","Artificial Intelligence (AI);Blockchain;Cloud Infrastructure;Data Governance;Data Integration;Data Management;Generative AI;PaaS;SaaS;Software",93,"Series B","$30M","2022-05-30","$51M","Aspenwood Ventures;BMW i Ventures;Canvas Ventures;Lux Capital;Neotribe Ventures;NewView Capital;Neythri Futures Fund;Operator Partners;Sorenson Capital;Swaroop Kolluri","United States","United States;India;Israel;Poland;Slovakia",,6,"100%","remote","GoodFit","Recent funding: $30M Series B (2022-05-30) | 6 open roles (last 3 mo) | 100% remote hiring | Source: GoodFit",,,,,,,
"Weaviate","weaviate.io","Netherlands","AI Infrastructure;Artificial Intelligence (AI);Cloud Computing;Database;Enterprise Software;Generative AI;Open Source;Search Engine",75,"Series B","$50M","2023-04-20","$68M","Battery Ventures;Cortical Ventures;GTMfund;ING Ventures;Index Ventures;New Enterprise Associates;Zetta Venture Partners","Netherlands","United States;Germany;Netherlands;France;Spain;United Kingdom;India;Ireland;Poland;Argentina;Australia;Austria;Brazil;Canada;Croatia;Italy;Lithuania;Portugal;Turkey;United Arab Emirates",,,"","","GoodFit","Recent funding: $50M Series B (2023-04-20) | Source: GoodFit",,,,,,,
"Wefi","wefi.com","United States","Analytics;Mobile;Wireless",48,"Venture - Series UNKNOWN","$10M","2012-01-20","$17M","Lightspeed Venture Partners;Pitango VC;Warner Media","Israel;United States","United States;Israel;India;Germany;Netherlands;South Africa;United Kingdom;Brazil;Greece;Mexico;Norway;Saint Vincent and the Grenadines",3,3,"33%","remote","GoodFit","Recent funding: $10M Venture - Series UNKNOWN (2012-01-20) | Hiring in 3 countries outside HQ | 3 open roles (last 3 mo) | 33% remote hiring | Source: GoodFit",,,,,,,
"Xage Security","xage.com","United States","Blockchain;Cyber Security;Information Technology;Internet of Things;Network Security",112,"Series B","$60M","2023-11-02","$81M","Bossa Invest;Chevron Technology Ventures;City Light Capital;March Capital;Momenta;OurCrowd;Overture VC;Piva Capital;SCF Partners;Saudi Aramco Energy Ventures;Valor Equity Partners","United States","United States;United Arab Emirates;India;United Kingdom;Australia;Canada;Saudi Arabia;Switzerland",2,9,"88%","remote;global team","GoodFit","Recent funding: $60M Series B (2023-11-02) | Hiring in 2 countries outside HQ | 9 open roles (last 3 mo) | 88% remote hiring | Source: GoodFit",,,,,,,
"Zenlayer","zenlayer.com","United States","Cloud Computing;ISP;Information Technology;Optical Communication;Software;Telecommunications",276,"Series C","","2022-01-04","$102M","Anatole;F&G Venture;Forebright Capital;MDI Ventures;NSFOCUS;Prospect Avenue Capital;Volcanics Venture","China;United States","China;United States;India;Singapore;Hong Kong;Indonesia;Vietnam;United Kingdom;Brazil;Thailand;Italy;Malaysia;Mexico;New Zealand;Nigeria;Philippines;Spain;Timor-Leste;United Arab Emirates",4,23,"10%","remote","GoodFit","Recent funding:  Series C (2022-01-04) | Hiring in 4 countries outside HQ | 23 open roles (last 3 mo) | Source: GoodFit",,,,,,,
"Zilliz","zilliz.com","United States","AI Infrastructure;Analytics;Artificial Intelligence (AI);Database;Machine Learning;Open Source;SaaS;Software",148,"Series B","$60M","2022-08-24","$113M","5Y Capital;Hillhouse Investment;Morningside Venture Partners;Pavilion Capital;Prosperity7 Ventures;Yunqi Partners","China;United States","China;United States;Singapore;Hong Kong;United Kingdom;Australia;India;Japan;Kenya;Nigeria;Pakistan",3,15,"","","GoodFit","Recent funding: $60M Series B (2022-08-24) | Hiring in 3 countries outside HQ | 15 open roles (last 3 mo) | Source: GoodFit",,,,,,,
"dcbel","dcbel.energy","Canada","Artificial Intelligence (AI);Clean Energy;CleanTech;Electric Vehicle;Energy;Smart Home;Solar",118,"Venture - Series UNKNOWN","","2025-09-03","$145M","Canada Growth Fund Investment Management;Coatue;Fidelity Canada;Idealist Capital;Investissement Quebec;Kevin Mahaffey;Real Ventures;Volvo Cars Tech Fund","Canada","Canada;United States;Spain;France;Georgia;Guadeloupe;India;Singapore;United Kingdom",1,15,"","","GoodFit","Recent funding:  Venture - Series UNKNOWN (2025-09-03) | Hiring in 1 countries outside HQ | 15 open roles (last 3 mo) | Source: GoodFit",,,,,,,
"Wayve","","United Kingdom","B2B / robotics / transportation / autonomous & sensor tech",,"SERIES D","$60.0m","2026-04-01","$2.6b","","","",,,"","","Dealroom","Recent funding: $60.0m SERIES D (Apr 2026) | Source: Dealroom",,,,,,,
"ElevenLabs","","United Kingdom","B2B / media / content production",,"SERIES D","$500m","2026-02-01","$781m","","","",,,"","","Dealroom","Recent funding: $500m SERIES D (Feb 2026) | Source: Dealroom",,,,,,,
"Mistral AI","","France","B2B / enterprise software",,"DEBT","$830m","2026-03-01","$2.9b","","","",,,"","","Dealroom","Recent funding: $830m DEBT (Mar 2026) | Source: Dealroom",,,,,,,
"Google DeepMind","","United Kingdom","B2B / enterprise software",,"ACQUISITION","£400m","2014-01-01","$5.0m","","","",,,"","","Dealroom","Recent funding: £400m ACQUISITION (Jan 2014) | Source: Dealroom",,,,,,,
"Black Forest Labs","","Germany","B2B / media / enterprise software",,"SERIES B","$300m","2025-12-01","$431m","","","",,,"","","Dealroom","Recent funding: $300m SERIES B (Dec 2025) | Source: Dealroom",,,,,,,
"PolyAI","","United Kingdom","B2B / marketing / enterprise software",,"SERIES D","$86.0m","2025-12-01","$204m","","","",,,"","","Dealroom","Recent funding: $86.0m SERIES D (Dec 2025) | Source: Dealroom",,,,,,,
"Zama","","France","B2B / security / fintech / crypto and defi",,"ICO","$121m","2026-01-01","$182m","","","",,,"","","Dealroom","Recent funding: $121m ICO (Jan 2026) | Source: Dealroom",,,,,,,
"Neural Concept","","Switzerland","B2B / engineering and manufacturing equipment",,"SERIES C","$100m","2025-12-01","$138m","","","",,,"","","Dealroom","Recent funding: $100m SERIES C (Dec 2025) | Source: Dealroom",,,,,,,
"PhysicsX","","United Kingdom","B2B / enterprise software / engineering and manufacturing equipment",,"LATE VC","$20.0m","2025-11-01","$187m","","","",,,"","","Dealroom","Recent funding: $20.0m LATE VC (Nov 2025) | Source: Dealroom",,,,,,,
"SpAItial","","United Kingdom","B2B / robotics",,"SEED","$13.0m","2025-05-01","$13.0m","","","",,,"","","Dealroom","Recent funding: $13.0m SEED (May 2025) | Source: Dealroom",,,,,,,
"General Intuition","","United States","B2B / gaming / enterprise software",,"SEED","$134m","2025-10-01","$134m","","","",,,"","","Dealroom","Recent funding: $134m SEED (Oct 2025) | Source: Dealroom",,,,,,,
"Mirelo AI","","Germany","B2B / music / media / content production",,"SEED","$41.0m","2025-12-01","$41.0m","","","",,,"","","Dealroom","Recent funding: $41.0m SEED (Dec 2025) | Source: Dealroom",,,,,,,
"Motor AI","","Germany","B2B / security / transportation / public safety / autonomous & sensor tech",,"SEED","$20.0m","2025-07-01","$20.7m","","","",,,"","","Dealroom","Recent funding: $20.0m SEED (Jul 2025) | Source: Dealroom",,,,,,,
"Raidium","","France","B2B / health / health platform / biotechnology",,"N/A EARLY VC","","2025-05-01","$20.1m","","","",,,"","","Dealroom","Recent funding:  N/A EARLY VC (May 2025) | Source: Dealroom",,,,,,,
"Boltzbit","","United Kingdom","B2B / enterprise software",,"EARLY VC","£3.0m","2025-09-01","$6.1m","","","",,,"","","Dealroom","Recent funding: £3.0m EARLY VC (Sep 2025) | Source: Dealroom",,,,,,,
"Embotech","","Switzerland","B2B / robotics / transportation / autonomous & sensor tech",,"N/A GROWTH EQUITY VC","","2025-02-01","$34.1m","","","",,,"","","Dealroom","Recent funding:  N/A GROWTH EQUITY VC (Feb 2025) | Source: Dealroom",,,,,,,
"Gradium","","France","B2B / enterprise software",,"SEED","$70.0m","2025-12-01","$70.0m","","","",,,"","","Dealroom","Recent funding: $70.0m SEED (Dec 2025) | Source: Dealroom",,,,,,,
"Synthesized","","United Kingdom","B2B / security / data protection",,"SERIES A","€17.0m","2025-09-01","$26.2m","","","",,,"","","Dealroom","Recent funding: €17.0m SERIES A (Sep 2025) | Source: Dealroom",,,,,,,
"Apheris AI","","Germany","B2B / security / enterprise software / data protection",,"SERIES A","€8.0m","2025-01-01","$24.4m","","","",,,"","","Dealroom","Recent funding: €8.0m SERIES A (Jan 2025) | Source: Dealroom",,,,,,,
"Gladia","","United States","B2B / media / enterprise software / content production",,"SERIES A","€14.7m","2024-10-01","$20.6m","","","",,,"","","Dealroom","Recent funding: €14.7m SERIES A (Oct 2024) | Source: Dealroom",,,,,,,
"Plumerai","","United Kingdom","B2B / robotics / semiconductors",,"SERIES A","$8.7m","2025-09-01","$17.0m","","","",,,"","","Dealroom","Recent funding: $8.7m SERIES A (Sep 2025) | Source: Dealroom",,,,,,,
"Juna.Ai","","Germany","B2B / energy / enterprise software / energy efficiency",,"SEED","$7.5m","2024-11-01","$7.5m","","","",,,"","","Dealroom","Recent funding: $7.5m SEED (Nov 2024) | Source: Dealroom",,,,,,,
"Ineffable Intelligence","","United Kingdom","B2B / enterprise software",,"SEED","$1.1b","2026-04-01","$1.1b","","","",,,"","","Dealroom","Recent funding: $1.1b SEED (Apr 2026) | Source: Dealroom",,,,,,,
"Pyannote","","France","B2B / enterprise software",,"SEED","€8.1m","2025-04-01","$8.9m","","","",,,"","","Dealroom","Recent funding: €8.1m SEED (Apr 2025) | Source: Dealroom",,,,,,,
"Embedl","","Sweden","B2B / semiconductors / enterprise software",,"SEK60.3m SEED","","2025-06-01","$17.8m","","","",,,"","","Dealroom","Recent funding:  SEK60.3m SEED (Jun 2025) | Source: Dealroom",,,,,,,
"Aleph Alpha","","Germany","B2B / enterprise software",,"N/A ACQUISITION","","2026-04-01","$641m","","","",,,"","","Dealroom","Recent funding:  N/A ACQUISITION (Apr 2026) | Source: Dealroom",,,,,,,
"Sensible 4","","Finland","B2B / robotics / transportation / autonomous & sensor tech",,"N/A SUPPORT PROGRAM","","2022-10-01","$10.2m","","","",,,"","","Dealroom","Recent funding:  N/A SUPPORT PROGRAM (Oct 2022) | Source: Dealroom",,,,,,,
"InstaDeep","","United Kingdom","B2B / health / enterprise software / biotechnology",,"ACQUISITION","£362m","2023-01-01","$107m","","","",,,"","","Dealroom","Recent funding: £362m ACQUISITION (Jan 2023) | Source: Dealroom",,,,,,,
"BeyondMath","","United Kingdom","B2B / robotics / enterprise software",,"SEED","$10.0m","2026-02-01","$22.6m","","","",,,"","","Dealroom","Recent funding: $10.0m SEED (Feb 2026) | Source: Dealroom",,,,,,,
"RooflineAI","","Germany","B2B / semiconductors / enterprise software",,"GRANT","$2.5m","2025-03-01","$2.5m","","","",,,"","","Dealroom","Recent funding: $2.5m GRANT (Mar 2025) | Source: Dealroom",,,,,,,
"LightOn","","France","B2B / enterprise software",,"N/A POST IPO CONVERTIBLE","","2026-04-01","$3.3m","","","",,,"","","Dealroom","Recent funding:  N/A POST IPO CONVERTIBLE (Apr 2026) | Source: Dealroom",,,,,,,
"Calvin Risk","","Switzerland","B2B / enterprise software",,"SEED","$4.0m","2024-11-01","$5.5m","","","",,,"","","Dealroom","Recent funding: $4.0m SEED (Nov 2024) | Source: Dealroom",,,,,,,
"CausaLens","","United Kingdom","B2B / enterprise software",,"SERIES A","$45.0m","2022-01-01","$50.6m","","","",,,"","","Dealroom","Recent funding: $45.0m SERIES A (Jan 2022) | Source: Dealroom",,,,,,,
"iNEPHANY","","United Kingdom","B2B / enterprise software",,"SEED","$2.2m","2025-04-01","$2.2m","","","",,,"","","Dealroom","Recent funding: $2.2m SEED (Apr 2025) | Source: Dealroom",,,,,,,
"DeepL","","Germany","B2C / enterprise software",,"LATE VC","$300m","2024-05-01","$410m","","","",,,"","","Dealroom","Recent funding: $300m LATE VC (May 2024) | Source: Dealroom",,,,,,,
"Aindo","","Italy","B2B / enterprise software",,"GRANT","$2.1m","2024-10-01","$11.9m","","","",,,"","","Dealroom","Recent funding: $2.1m GRANT (Oct 2024) | Source: Dealroom",,,,,,,
"Literal Labs","","United Kingdom","B2B / enterprise software",,"SEED","£4.6m","2025-06-01","$12.9m","","","",,,"","","Dealroom","Recent funding: £4.6m SEED (Jun 2025) | Source: Dealroom",,,,,,,
"aiMotive","","Hungary","B2B / transportation / autonomous & sensor tech",,"GROWTH EQUITY NON VC","$55.0m","2023-10-01","$68.3m","","","",,,"","","Dealroom","Recent funding: $55.0m GROWTH EQUITY NON VC (Oct 2023) | Source: Dealroom",,,,,,,
"dottxt","","United States","B2B / enterprise software",,"EARLY VC","$11.9m","2024-10-01","$14.6m","","","",,,"","","Dealroom","Recent funding: $11.9m EARLY VC (Oct 2024) | Source: Dealroom",,,,,,,
"YData","","United States","B2B / security / enterprise software / data protection",,"SEED","$2.7m","2021-10-01","$3.3m","","","",,,"","","Dealroom","Recent funding: $2.7m SEED (Oct 2021) | Source: Dealroom",,,,,,,
"Deeploy","","Netherlands","B2B / enterprise software",,"GRANT","$2.5m","2024-10-01","$6.3m","","","",,,"","","Dealroom","Recent funding: $2.5m GRANT (Oct 2024) | Source: Dealroom",,,,,,,
"Syntonym","","United Kingdom","B2B / security / enterprise software / data protection",,"SEED","$250k","2025-01-01","$1.6m","","","",,,"","","Dealroom","Recent funding: $250k SEED (Jan 2025) | Source: Dealroom",,,,,,,
"Astran","","France","B2B / security / enterprise software / data protection",,"SEED","$5.0m","2023-06-01","$7.2m","","","",,,"","","Dealroom","Recent funding: $5.0m SEED (Jun 2023) | Source: Dealroom",,,,,,,
"Kausable","","Germany","B2B / enterprise software",,"SEED","$1.5m","2025-08-01","$1.5m","","","",,,"","","Dealroom","Recent funding: $1.5m SEED (Aug 2025) | Source: Dealroom",,,,,,,
"Roseman Labs","","Netherlands","B2B / security / data protection",,"SERIES A","€5.0m","2025-09-01","$9.9m","","","",,,"","","Dealroom","Recent funding: €5.0m SERIES A (Sep 2025) | Source: Dealroom",,,,,,,
"Anyverse","","Spain","B2B / robotics / transportation / autonomous & sensor tech",,"EARLY VC","€450k","2024-01-01","$9.6m","","","",,,"","","Dealroom","Recent funding: €450k EARLY VC (Jan 2024) | Source: Dealroom",,,,,,,
"Flower Labs","","Germany","B2B / enterprise software",,"SERIES A","$20.0m","2024-02-01","$23.7m","","","",,,"","","Dealroom","Recent funding: $20.0m SERIES A (Feb 2024) | Source: Dealroom",,,,,,,
"Edgeless Systems","","Germany","B2B / security / enterprise software / cloud & infrastructure / data protection",,"SEED","$5.0m","2023-03-01","$6.8m","","","",,,"","","Dealroom","Recent funding: $5.0m SEED (Mar 2023) | Source: Dealroom",,,,,,,
"Five AI","","United Kingdom","B2B / robotics / transportation / autonomous & sensor tech / navigation & mapping",,"N/A ACQUISITION","","2022-04-01","$79.2m","","","",,,"","","Dealroom","Recent funding:  N/A ACQUISITION (Apr 2022) | Source: Dealroom",,,,,,,
"driveblocks","","Germany","B2B / transportation / autonomous & sensor tech",,"SEED","€3.5m","2026-02-01","$6.3m","","","",,,"","","Dealroom","Recent funding: €3.5m SEED (Feb 2026) | Source: Dealroom",,,,,,,
"Aligned AI","","United Kingdom","B2B / enterprise software",,"SEED","£600k","2022-07-01","$795k","","","",,,"","","Dealroom","Recent funding: £600k SEED (Jul 2022) | Source: Dealroom",,,,,,,
"Imagimob","","Sweden","B2B / semiconductors / enterprise software",,"N/A ACQUISITION","","2023-05-01","$4.5m","","","",,,"","","Dealroom","Recent funding:  N/A ACQUISITION (May 2023) | Source: Dealroom",,,,,,,
"Hazy","","United Kingdom","B2B / security / enterprise software / data protection",,"SERIES A","$9.0m","2023-03-01","$16.8m","","","",,,"","","Dealroom","Recent funding: $9.0m SERIES A (Mar 2023) | Source: Dealroom",,,,,,,
"Linksight","","Netherlands","B2B / security / enterprise software / data protection",,"N/A SEED","","2022-03-01","$82.5k","","","",,,"","","Dealroom","Recent funding:  N/A SEED (Mar 2022) | Source: Dealroom",,,,,,,
"Mostly AI","","Austria","B2B / enterprise software",,"SERIES B","$25.0m","2022-01-01","$30.9m","","","",,,"","","Dealroom","Recent funding: $25.0m SERIES B (Jan 2022) | Source: Dealroom",,,,,,,
"EasyMile","","France","B2B, B2C / robotics / transportation / autonomous & sensor tech / vehicle production / mobility",,"N/A BANKRUPTCY","","2024-07-01","$99.7m","","","",,,"","","Dealroom","Recent funding:  N/A BANKRUPTCY (Jul 2024) | Source: Dealroom",,,,,,,
"UMNAI","","Malta","B2B / enterprise software",,"SEED","€1.4m","2021-11-01","$3.7m","","","",,,"","","Dealroom","Recent funding: €1.4m SEED (Nov 2021) | Source: Dealroom",,,,,,,
"inait","","Switzerland","B2B / enterprise software",,"N/A SPINOUT","","2017-01-01","-","","","",,,"","","Dealroom","Recent funding:  N/A SPINOUT (Jan 2017) | Source: Dealroom",,,,,,,
"nyonic","","Germany","B2B / enterprise software",,"SEED","$20.0m","2023-07-01","$20.0m","","","",,,"","","Dealroom","Recent funding: $20.0m SEED (Jul 2023) | Source: Dealroom",,,,,,,
"Oxa","","United Kingdom","B2B / robotics / transportation / autonomous & sensor tech",,"SERIES D","$103m","2026-03-01","$354m","","","",,,"","","Dealroom","Recent funding: $103m SERIES D (Mar 2026) | Source: Dealroom",,,,,,,
"Sky Engine AI","","United Kingdom","B2B / robotics / enterprise software",,"SERIES A","$7.0m","2024-01-01","$9.6m","","","",,,"","","Dealroom","Recent funding: $7.0m SERIES A (Jan 2024) | Source: Dealroom",,,,,,,
"Kognic","","Sweden","B2B / robotics / transportation / autonomous & sensor tech / mobility",,"EARLY VC","€8.8m","2024-08-01","$42.5m","","","",,,"","","Dealroom","Recent funding: €8.8m EARLY VC (Aug 2024) | Source: Dealroom",,,,,,,
"Brighter AI","","Germany","B2B / security / cloud & infrastructure",,"N/A ACQUISITION","","2025-04-01","$715k","","","",,,"","","Dealroom","Recent funding:  N/A ACQUISITION (Apr 2025) | Source: Dealroom",,,,,,,
"Privitar","","United Kingdom","B2B / security / enterprise software / data protection",,"N/A ACQUISITION","","2023-06-01","$148m","","","",,,"","","Dealroom","Recent funding:  N/A ACQUISITION (Jun 2023) | Source: Dealroom",,,,,,,
"Fainite","","Switzerland","B2B / enterprise software",,"GRANT","€170k","2026-03-01","$182k","","","",,,"","","Dealroom","Recent funding: €170k GRANT (Mar 2026) | Source: Dealroom",,,,,,,
"Decentriq","","Switzerland","B2B / security / enterprise software / data protection",,"N/A GRANT","","2023-04-01","$19.0m","","","",,,"","","Dealroom","Recent funding:  N/A GRANT (Apr 2023) | Source: Dealroom",,,,,,,
"Tenyks","","United Kingdom","B2B / enterprise software",,"SEED","$3.4m","2022-03-01","$3.5m","","","",,,"","","Dealroom","Recent funding: $3.4m SEED (Mar 2022) | Source: Dealroom",,,,,,,
"Conigital","","United Kingdom","B2B / transportation / autonomous & sensor tech",,"GRANT","£240k","2021-10-01","$3.2m","","","",,,"","","Dealroom","Recent funding: £240k GRANT (Oct 2021) | Source: Dealroom",,,,,,,
"Bitfount","","United Kingdom","B2B / enterprise software",,"SERIES A","$8.0m","2025-07-01","$13.0m","","","",,,"","","Dealroom","Recent funding: $8.0m SERIES A (Jul 2025) | Source: Dealroom",,,,,,,
"Conjecture","","United Kingdom","B2B / enterprise software",,"N/A SEED","","2024-05-01","$20.0m","","","",,,"","","Dealroom","Recent funding:  N/A SEED (May 2024) | Source: Dealroom",,,,,,,
"VEIL.AI","","Finland","B2B / health / security / data protection / biotechnology",,"N/A GRANT","","2024-08-01","$595k","","","",,,"","","Dealroom","Recent funding:  N/A GRANT (Aug 2024) | Source: Dealroom",,,,,,,
"Gama","","France","B2B / transportation / autonomous & sensor tech / vehicle production / mobility",,"GROWTH EQUITY VC","€10.0m","2025-03-01","$81.5m","","","",,,"","","Dealroom","Recent funding: €10.0m GROWTH EQUITY VC (Mar 2025) | Source: Dealroom",,,,,,,
"Diffblue","","United Kingdom","B2B / enterprise software",,"SERIES A","$3.2m","2025-11-01","$73.8m","","","",,,"","","Dealroom","Recent funding: $3.2m SERIES A (Nov 2025) | Source: Dealroom",,,,,,,
"Unlikely","","United Kingdom","B2B / enterprise software",,"N/A EARLY VC","","2025-07-01","$21.5m","","","",,,"","","Dealroom","Recent funding:  N/A EARLY VC (Jul 2025) | Source: Dealroom",,,,,,,
"Sherpa","","Spain","B2B / enterprise software",,"EARLY VC","$11.7m","2026-04-01","$47.6m","","","",,,"","","Dealroom","Recent funding: $11.7m EARLY VC (Apr 2026) | Source: Dealroom",,,,,,,
"LatticeFlow","","Switzerland","B2B / enterprise software",,"N/A GRANT","","2024-10-01","$14.8m","","","",,,"","","Dealroom","Recent funding:  N/A GRANT (Oct 2024) | Source: Dealroom",,,,,,,
"Usencryption","","United Kingdom","B2B / security / data protection",,"N/A GRANT","","2023-07-01","$200k","","","",,,"","","Dealroom","Recent funding:  N/A GRANT (Jul 2023) | Source: Dealroom",,,,,,,
"Vaultree","","Ireland","B2B / security / data protection",,"N/A EARLY VC","","2026-01-01","$18.6m","","","",,,"","","Dealroom","Recent funding:  N/A EARLY VC (Jan 2026) | Source: Dealroom",,,,,,,
"Monolith AI","","United Kingdom","B2B / enterprise software",,"N/A ACQUISITION","","2025-10-01","$15.9m","","","",,,"","","Dealroom","Recent funding:  N/A ACQUISITION (Oct 2025) | Source: Dealroom",,,,,,,
"Frenetic","","Spain","B2B / semiconductors / marketing",,"SERIES A","€11.2m","2023-11-01","$20.1m","","","",,,"","","Dealroom","Recent funding: €11.2m SERIES A (Nov 2023) | Source: Dealroom",,,,,,,
"Another Brain","","France","B2B / enterprise software",,"SERIES A","€19.0m","2019-10-01","$35.8m","","","",,,"","","Dealroom","Recent funding: €19.0m SERIES A (Oct 2019) | Source: Dealroom",,,,,,,
"AMI - Advanced Machine Intelligence","","France","B2B / enterprise software",,"SEED","$1.0b","2026-02-01","$1.0b","","","",,,"","","Dealroom","Recent funding: $1.0b SEED (Feb 2026) | Source: Dealroom",,,,,,,
"Octopize","","France","B2B / health / enterprise software",,"SEED","€1.5m","2021-09-01","$1.7m","","","",,,"","","Dealroom","Recent funding: €1.5m SEED (Sep 2021) | Source: Dealroom",,,,,,,
"Emmi AI","","Austria","B2B / chemicals / engineering and manufacturing equipment",,"N/A ACQUISITION","","2026-05-01","$16.5m","","","",,,"","","Dealroom","Recent funding:  N/A ACQUISITION (May 2026) | Source: Dealroom",,,,,,,
"Recursive Superintelligence","","United Kingdom","B2B / enterprise software",,"SEED","$650m","2026-05-01","$650m","","","",,,"","","Dealroom","Recent funding: $650m SEED (May 2026) | Source: Dealroom",,,,,,,
"Xpdeep","","France","B2B / enterprise software",,"N/A SUPPORT PROGRAM","","2025-01-01","$650k","","","",,,"","","Dealroom","Recent funding:  N/A SUPPORT PROGRAM (Jan 2025) | Source: Dealroom",,,,,,,
"Xent Labs","","Switzerland","B2B / gaming / enterprise software",,"N/A SPINOUT","","2025-09-01","-","","","",,,"","","Dealroom","Recent funding:  N/A SPINOUT (Sep 2025) | Source: Dealroom",,,,,,,
"PanocularAI","","Germany","B2B / robotics / enterprise software",,"N/A ANGEL","","2025-10-01","-","","","",,,"","","Dealroom","Recent funding:  N/A ANGEL (Oct 2025) | Source: Dealroom",,,,,,,
"NNAISENSE","","Switzerland","B2B / marketing / enterprise software",,"N/A BUYOUT","","2025-11-01","-","","","",,,"","","Dealroom","Recent funding:  N/A BUYOUT (Nov 2025) | Source: Dealroom",,,,,,,
"Convergence","","United Kingdom","B2B / enterprise software",,"ACQUISITION","£120m","2025-05-01","$12.0m","","","",,,"","","Dealroom","Recent funding: £120m ACQUISITION (May 2025) | Source: Dealroom",,,,,,,
"Ravel Technologies","","France","B2B / enterprise software",,"N/A SEED","","2022-08-01","$900k","","","",,,"","","Dealroom","Recent funding:  N/A SEED (Aug 2022) | Source: Dealroom",,,,,,,
"Oblivious","","Ireland","B2B / security / data protection",,"EARLY VC","€5.4m","2023-04-01","$6.9m","","","",,,"","","Dealroom","Recent funding: €5.4m EARLY VC (Apr 2023) | Source: Dealroom",,,,,,,
"Prior Labs","","Germany","B2B, B2C / enterprise software",,"ACQUISITION","€1.0b","2026-05-01","$9.9m","","","",,,"","","Dealroom","Recent funding: €1.0b ACQUISITION (May 2026) | Source: Dealroom",,,,,,,
"Niulinx","","Italy","B2B / transportation / autonomous & sensor tech",,"SEED","$38.0m","2026-04-01","$38.0m","","","",,,"","","Dealroom","Recent funding: $38.0m SEED (Apr 2026) | Source: Dealroom",,,,,,,
"Mindtech Global","","United Kingdom","B2B / enterprise software",,"EARLY VC","£4.4m","2024-10-01","$12.0m","","","",,,"","","Dealroom","Recent funding: £4.4m EARLY VC (Oct 2024) | Source: Dealroom",,,,,,,
"GoodAI","","Czechia","B2B / enterprise software",,"-","","","-","","","",,,"","","Dealroom","Recent funding:  - (-) | Source: Dealroom",,,,,,,
"QuantPi","","Germany","B2B / enterprise software",,"GRANT","$2.5m","2023-06-01","$5.2m","","","",,,"","","Dealroom","Recent funding: $2.5m GRANT (Jun 2023) | Source: Dealroom",,,,,,,
"FLock.io","","United Kingdom","B2B / security / data protection",,"N/A GRANT","","2024-09-01","$8.0m","","","",,,"","","Dealroom","Recent funding:  N/A GRANT (Sep 2024) | Source: Dealroom",,,,,,,
"Sarus","","France","B2B / security / data protection",,"GRANT","$2.1m","2023-06-01","$4.4m","","","",,,"","","Dealroom","Recent funding: $2.1m GRANT (Jun 2023) | Source: Dealroom",,,,,,,
"thingsTHINKING","","Germany","B2B / enterprise software",,"N/A ACQUISITION","","2025-04-01","$5.0m","","","",,,"","","Dealroom","Recent funding:  N/A ACQUISITION (Apr 2025) | Source: Dealroom",,,,,,,
"Statice","","Germany","B2B / security / enterprise software / data protection",,"N/A ACQUISITION","","2022-11-01","$2.5m","","","",,,"","","Dealroom","Recent funding:  N/A ACQUISITION (Nov 2022) | Source: Dealroom",,,,,,,
"Hiverge","","United Kingdom","B2B / enterprise software",,"SEED","$5.0m","2025-09-01","$5.0m","","","",,,"","","Dealroom","Recent funding: $5.0m SEED (Sep 2025) | Source: Dealroom",,,,,,,
"Syntho","","Netherlands","B2B / enterprise software",,"SEED","€1.0m","2021-05-01","$1.1m","","","",,,"","","Dealroom","Recent funding: €1.0m SEED (May 2021) | Source: Dealroom",,,,,,,
"Fern Labs","","United Kingdom","B2B / enterprise software",,"N/A ACQUISITION","","2025-11-01","$3.0m","","","",,,"","","Dealroom","Recent funding:  N/A ACQUISITION (Nov 2025) | Source: Dealroom",,,,,,,
"Gibran","","United Kingdom","B2B / enterprise software",,"SEED","$2.6m","2025-07-01","$2.6m","","","",,,"","","Dealroom","Recent funding: $2.6m SEED (Jul 2025) | Source: Dealroom",,,,,,,
"Mithril Security","","France","B2B / security / data protection / cloud & infrastructure",,"N/A ACQUISITION","","2025-05-01","$1.3m","","","",,,"","","Dealroom","Recent funding:  N/A ACQUISITION (May 2025) | Source: Dealroom",,,,,,,
"NobodyWho","","Denmark","B2B / enterprise software",,"SEED","€2.0m","2025-12-01","$2.2m","","","",,,"","","Dealroom","Recent funding: €2.0m SEED (Dec 2025) | Source: Dealroom",,,,,,,
"Farang","","Sweden","B2B / enterprise software",,"SEED","€1.5m","2025-08-01","$1.7m","","","",,,"","","Dealroom","Recent funding: €1.5m SEED (Aug 2025) | Source: Dealroom",,,,,,,
"Syntheticus","","Switzerland","B2B / security / enterprise software / data protection",,"","","2023-06-01","-","","","",,,"","","Dealroom","Source: Dealroom",,,,,,,
"Syndata","","Sweden","B2B / security / enterprise software / data protection",,"SEED","€140k","2023-06-01","$407k","","","",,,"","","Dealroom","Recent funding: €140k SEED (Jun 2023) | Source: Dealroom",,,,,,,
"KIProtect","","Germany","B2B / security / data protection",,"-","","","-","","","",,,"","","Dealroom","Recent funding:  - (-) | Source: Dealroom",,,,,,,
"Trūata","","Ireland","B2B / legal / enterprise software / regtech & compliance",,"GRANT","£40.0k","2023-03-01","$40.0k","","","",,,"","","Dealroom","Recent funding: £40.0k GRANT (Mar 2023) | Source: Dealroom",,,,,,,
"Generatrix","","Netherlands","B2B / enterprise software",,"-","","","-","","","",,,"","","Dealroom","Recent funding:  - (-) | Source: Dealroom",,,,,,,
"peakaio.com","","United Kingdom","B2B / hosting / enterprise software",,"EARLY VC","£5.0m","2025-10-01","$6.6m","","","",,,"","","Dealroom","Recent funding: £5.0m EARLY VC (Oct 2025) | Source: Dealroom",,,,,,,
"Onono Ai","","Switzerland","B2B / enterprise software",,"ANGEL","€100k","2026-02-01","$110k","","","",,,"","","Dealroom","Recent funding: €100k ANGEL (Feb 2026) | Source: Dealroom",,,,,,,
"Humanising Autonomy","","United Kingdom","B2B / robotics / transportation / logistics & delivery / mobility / autonomous & sensor tech",,"N/A DEBT","","2023-02-01","$16.3m","","","",,,"","","Dealroom","Recent funding:  N/A DEBT (Feb 2023) | Source: Dealroom",,,,,,,