Ad clicked Date,Ad Title/Id
2025/06/06 02:07:54 UTC,676844004
2026/08/26 08:49:43 UTC,926587194
2025/02/15 22:52:46 UTC,611522036
2026/08/25 06:23:15 UTC,145111864
2026/03/14 20:39:42 UTC,1144110564
2026/08/25 07:13:51 UTC,145111864
2025/08/28 05:23:39 UTC,809369096
2026/08/24 06:16:43 UTC,943208224
2025/06/18 08:24:44 UTC,681230796
2026/08/24 04:40:36 UTC,1456116993
2025/03/20 18:58:07 UTC,646621023
2026/08/24 02:57:19 UTC,1397534356
2025/03/20 18:58:12 UTC,646621023
2026/08/24 02:57:20 UTC,1397534356
2025/02/06 18:32:23 UTC,575437294
2026/08/24 02:59:03 UTC,1480129936
2025/02/06 18:32:45 UTC,575437294
2026/08/24 02:59:11 UTC,1480129936
2025/02/06 18:32:48 UTC,575437294
2026/08/24 04:43:07 UTC,1476575834
2025/02/06 18:32:52 UTC,575437294
2026/08/24 04:43:13 UTC,1476575834
2025/02/06 18:32:57 UTC,575437294
2026/08/22 20:01:53 UTC,145111864
2025/02/06 18:33:07 UTC,575437294
2026/08/24 06:18:00 UTC,145111864
2025/02/06 18:33:16 UTC,575437294
2026/08/21 19:47:14 UTC,1467174814
2025/02/06 18:33:19 UTC,575437294
2026/08/21 19:47:18 UTC,1467174814
2025/06/18 17:16:39 UTC,640914144
2026/08/26 16:33:32 UTC,1539562766
2025/03/30 01:02:23 UTC,564508746
2026/08/20 08:04:54 UTC,145111864
2025/03/30 01:02:34 UTC,564508746
2026/08/26 13:46:07 UTC,1535520266
2025/03/30 01:02:50 UTC,564508746
2026/08/29 20:08:25 UTC,145111864
2025/04/13 04:52:02 UTC,631208796
2026/08/29 20:09:29 UTC,145111864
2025/08/01 17:53:13 UTC,561452174
2026/08/18 10:58:04 UTC,1535996526
2025/08/01 17:53:04 UTC,561452174
2026/08/17 17:43:18 UTC,164094834
2025/08/01 17:53:15 UTC,561452174
2026/08/17 08:49:23 UTC,1465176814
2025/08/01 21:48:10 UTC,712197444
2026/08/07 05:13:42 UTC,1476575834
2025/08/01 22:03:46 UTC,717350204
2026/08/07 05:13:45 UTC,1476575834
2025/08/02 01:51:30 UTC,732113936
2026/08/07 05:13:46 UTC,1476575834
2025/08/02 01:52:48 UTC,797867426
2026/08/08 05:04:34 UTC,1456237153
2025/06/04 04:59:59 UTC,620748676
2026/08/08 05:04:50 UTC,1456237153
2025/06/04 03:37:22 UTC,620748676
2026/08/08 05:04:50 UTC,1456237153
2025/06/04 03:37:28 UTC,620748676
2026/08/06 12:23:39 UTC,145111864
2025/08/01 20:02:30 UTC,676880284
2026/08/06 01:55:38 UTC,1528586166
2025/08/01 20:02:38 UTC,676880284
2026/08/15 09:13:33 UTC,1477073634
2025/08/01 20:02:44 UTC,676880284
2026/08/04 04:10:07 UTC,145111864
2025/08/01 21:19:21 UTC,797873656
2026/08/13 01:32:05 UTC,1543564296
2025/06/04 01:01:58 UTC,620748676
2026/07/29 04:08:57 UTC,1149393644
2025/06/04 01:02:20 UTC,620748676
2026/08/10 23:36:34 UTC,1535520266
2025/06/04 01:02:26 UTC,620748676
2026/07/26 05:34:55 UTC,1451496406
2025/07/13 04:53:51 UTC,648321536
2026/07/27 09:05:29 UTC,145111864
2025/07/13 04:56:51 UTC,685324024
2026/07/27 03:58:30 UTC,1230238214
2025/07/13 04:56:56 UTC,685324024
2026/07/27 03:58:31 UTC,145111864
2025/09/10 07:16:04 UTC,756936483
2026/07/27 03:59:50 UTC,145111864
2025/08/01 01:19:42 UTC,799772616
2026/07/25 01:12:52 UTC,1230029424
2025/08/01 01:19:44 UTC,799772616
2026/07/24 15:48:19 UTC,145111864
2025/07/13 00:59:14 UTC,783476716
2026/07/24 15:48:54 UTC,145111864
2025/07/13 04:09:32 UTC,707073824
2026/07/24 15:47:44 UTC,1465176814
2025/08/08 08:48:46 UTC,721676514
2026/07/22 14:30:48 UTC,1451526556
2025/04/09 19:17:56 UTC,664281396
2026/07/20 20:29:50 UTC,1439140326
2025/04/09 17:32:32 UTC,611584536
2026/07/22 03:41:46 UTC,164094834
2025/04/09 10:34:55 UTC,630500024
2026/07/18 06:35:40 UTC,1502217916
2025/04/09 10:34:56 UTC,630500024
2026/07/18 06:35:46 UTC,1502217916
2025/08/11 04:20:54 UTC,754723596
2026/07/18 06:35:47 UTC,1502217916
2025/08/11 04:22:05 UTC,145111864
2026/07/10 01:49:09 UTC,1230029424
2025/08/20 19:44:04 UTC,680320814
2026/05/08 00:18:09 UTC,1393313916
2025/08/20 19:43:02 UTC,680320814
2026/06/25 06:29:59 UTC,145111864
2025/08/20 19:43:58 UTC,680320814
2026/06/25 06:23:36 UTC,145111864
2025/04/03 21:48:29 UTC,145111864
2026/05/08 05:10:11 UTC,145111864
2025/08/21 05:05:55 UTC,717183124
2026/05/31 23:22:32 UTC,848692913
2025/07/02 02:04:46 UTC,145111864
2026/05/31 23:22:32 UTC,848692913
2025/06/25 19:05:14 UTC,550492743
2026/05/31 23:24:47 UTC,848692913
2025/07/31 05:43:30 UTC,794391316
2026/05/28 17:18:32 UTC,1149393644
2025/05/12 05:09:19 UTC,622781436
2026/05/21 14:50:10 UTC,1254280863
2025/06/17 18:54:18 UTC,679569913
2026/05/21 14:50:42 UTC,1254280863
2025/03/19 05:09:48 UTC,552548184
2026/05/18 13:53:34 UTC,145111864
2026/01/10 08:48:46 UTC,895023964
2026/05/18 13:54:41 UTC,145111864
2025/08/06 00:44:25 UTC,145111864
2026/05/15 04:38:02 UTC,941613523
2025/08/06 00:48:18 UTC,145111864
2026/04/30 23:47:01 UTC,1196386593
2025/03/12 20:02:31 UTC,598592544
2026/04/28 08:11:58 UTC,1391911016
2025/03/12 20:02:37 UTC,598592544
2026/04/25 09:29:26 UTC,427864244
2025/03/12 20:02:45 UTC,598592544
2026/04/25 09:29:34 UTC,427864244
2025/10/13 19:54:46 UTC,561452174
2026/04/25 09:26:52 UTC,427864244
2026/01/21 08:37:37 UTC,1109882063
2026/04/25 09:26:57 UTC,427864244
2025/10/13 18:10:47 UTC,647715984
2026/04/25 09:27:52 UTC,427864244
2025/11/27 20:54:59 UTC,647697194
2026/04/25 09:27:54 UTC,427864244
2025/12/25 21:15:06 UTC,427864244
2026/04/25 09:27:56 UTC,427864244
2025/12/25 21:15:38 UTC,427864244
2026/04/25 09:28:03 UTC,427864244
2025/12/25 21:15:41 UTC,427864244
2026/04/25 09:28:04 UTC,427864244
2025/12/25 21:15:47 UTC,427864244
2026/04/25 09:28:25 UTC,427864244
2025/12/25 21:15:49 UTC,427864244
2026/04/25 09:28:29 UTC,427864244
2025/11/27 18:46:38 UTC,647715984
2026/04/25 09:28:36 UTC,427864244
2025/11/27 18:46:56 UTC,647715984
2026/04/25 09:28:37 UTC,427864244
2025/07/26 00:38:58 UTC,679290413
2026/04/25 09:28:41 UTC,427864244
2025/07/26 00:46:19 UTC,745117573
2026/04/28 23:22:27 UTC,1190657203
2025/12/02 21:28:43 UTC,926830594
2026/04/24 18:57:11 UTC,1390560466
2025/05/26 05:26:41 UTC,620426676
2026/04/24 18:57:13 UTC,1390560466
2025/03/06 04:58:14 UTC,598592544
2026/04/24 18:57:13 UTC,1390560466
2025/03/06 04:58:25 UTC,598592544
2026/04/19 03:14:51 UTC,1149393644
2025/05/02 16:44:07 UTC,145111864
2026/04/19 03:15:29 UTC,1149393644
2025/05/02 17:41:31 UTC,636655976
2026/04/15 08:00:21 UTC,561452174
2024/09/27 02:30:32 UTC,374061034
2026/04/07 15:49:15 UTC,837422456
2025/03/14 11:42:22 UTC,602182194
2026/03/26 11:14:43 UTC,1364349536
2025/06/28 19:24:31 UTC,645616576
2026/03/26 11:16:57 UTC,1143782174
2026/03/11 05:25:37 UTC,1230203754
2025/07/30 06:29:28 UTC,145111864
2024/09/11 02:03:50 UTC,493152633
2025/07/30 06:29:41 UTC,145111864
2024/09/11 02:03:55 UTC,493152633
2025/07/16 23:38:02 UTC,712065733
2025/12/19 00:08:36 UTC,1073426234
2025/07/16 23:38:09 UTC,712065733
2025/02/10 22:33:04 UTC,164094834
2025/07/29 22:53:34 UTC,797867426
2025/08/19 11:29:57 UTC,585498474
2025/07/29 22:53:56 UTC,797867426
2025/08/19 11:33:48 UTC,832066986
2025/07/29 22:55:24 UTC,145111864
2025/08/19 11:33:58 UTC,832066986
2025/07/16 18:40:31 UTC,698860893
2025/05/20 18:09:28 UTC,705094296
2025/09/04 10:46:42 UTC,680320814
2025/05/20 05:33:17 UTC,687801856
2025/09/04 10:46:42 UTC,680320814
2025/08/20 03:01:30 UTC,145111864
2025/07/14 19:50:57 UTC,575422494
2025/12/02 21:28:52 UTC,926830594
2025/08/19 21:37:54 UTC,834431436
2026/01/05 04:57:46 UTC,884932236
2026/01/25 18:37:14 UTC,1124299964
2025/07/14 16:42:13 UTC,427698984
2025/07/25 14:29:43 UTC,751805166
2025/02/28 22:49:33 UTC,586299333
2026/01/05 04:21:14 UTC,895814214
2026/01/25 21:06:56 UTC,699767144
2025/07/06 19:35:47 UTC,712065733
2025/07/25 14:29:08 UTC,751805166
2025/06/04 20:12:06 UTC,647715984
2025/05/29 23:56:24 UTC,625955823
2026/01/25 21:07:02 UTC,699767144
2025/07/14 19:31:28 UTC,575422494
2024/09/15 16:55:48 UTC,420653084
2025/06/04 20:12:12 UTC,647715984
2025/05/29 23:57:53 UTC,625955823
2026/01/25 18:37:52 UTC,1124299964
2025/07/14 19:31:39 UTC,575422494
2025/04/01 18:31:02 UTC,651348406
2025/06/04 20:12:25 UTC,647715984
2025/05/29 23:57:57 UTC,625955823
2025/01/06 09:40:53 UTC,508527044
2025/12/03 18:53:55 UTC,831597686
2025/10/02 18:04:48 UTC,771412874
2025/06/04 20:12:26 UTC,647715984
2025/08/10 21:20:47 UTC,721647814
2025/01/06 09:40:54 UTC,508527044
2025/12/03 18:53:55 UTC,831597686
2025/06/08 04:14:52 UTC,647697194
2025/06/04 20:12:27 UTC,647715984
2025/09/28 05:37:50 UTC,721676514
2025/01/06 09:40:55 UTC,508527044
2025/07/14 16:09:40 UTC,783458986
2026/01/29 02:26:54 UTC,957889186
2025/06/04 20:12:33 UTC,647715984
2025/09/28 05:37:59 UTC,721676514
2025/01/06 09:40:56 UTC,508527044
2025/06/04 20:12:34 UTC,647715984
2025/03/25 20:03:53 UTC,570146944
2025/01/06 09:41:14 UTC,508527044
2025/06/04 20:12:58 UTC,647715984
2025/09/08 16:58:51 UTC,561452174
2025/01/06 09:41:14 UTC,508527044
2025/06/04 20:10:10 UTC,647715984
2025/09/08 16:58:57 UTC,561452174
2025/01/06 09:41:31 UTC,382462454
2025/06/04 20:11:59 UTC,647715984
2025/07/11 15:28:24 UTC,575422494
2025/05/18 19:52:06 UTC,685047456
2025/06/04 20:12:07 UTC,647715984
2025/07/11 15:28:33 UTC,575422494
2025/05/18 19:52:08 UTC,685047456
2025/06/04 20:12:09 UTC,647715984
2025/09/08 04:54:19 UTC,647697194
2025/06/13 00:33:37 UTC,145111864
2025/06/04 20:12:11 UTC,647715984
2025/09/08 04:54:20 UTC,647697194
2025/12/01 15:36:37 UTC,676880284
2025/06/04 20:12:27 UTC,647715984
2025/09/08 04:54:23 UTC,647697194
2025/04/28 05:48:18 UTC,616044076
2025/06/04 20:12:29 UTC,647715984
2025/09/08 04:54:49 UTC,647697194
2025/04/28 06:18:33 UTC,583998463
2025/06/04 20:12:29 UTC,647715984
2025/09/08 04:57:57 UTC,647697194
2026/03/03 18:46:06 UTC,1143782174
2025/06/04 20:12:35 UTC,647715984
2025/09/08 04:58:25 UTC,647697194
2026/03/17 18:01:29 UTC,1112987453
2025/06/04 20:12:35 UTC,647715984
2026/03/13 19:20:08 UTC,647715984
2025/03/10 02:41:46 UTC,616727046
2025/06/04 20:12:36 UTC,647715984
2025/12/27 22:41:09 UTC,990699963
2025/08/17 06:03:58 UTC,832077356
2026/01/15 06:53:16 UTC,927105394
2025/03/03 19:23:53 UTC,632371496
2025/08/17 06:04:18 UTC,832077356
2026/01/15 06:53:19 UTC,927105394
2025/09/07 23:24:59 UTC,757273696
2025/08/17 01:19:55 UTC,722162704
2026/01/15 06:53:21 UTC,927105394
2025/04/20 20:02:58 UTC,640224494
2025/08/17 01:20:14 UTC,722162704
2025/01/28 06:05:13 UTC,262828396
2025/04/20 20:03:15 UTC,640224494
2025/08/17 05:02:57 UTC,145111864
2025/01/28 06:05:13 UTC,262828396
2025/07/03 00:25:51 UTC,695114514
2025/06/07 04:24:14 UTC,543686464
2025/01/28 06:05:13 UTC,262828396
2025/07/03 00:25:51 UTC,695114514
2025/06/07 04:24:30 UTC,543686464
2025/08/22 18:59:52 UTC,809369096
2025/09/09 19:46:02 UTC,647715984
2026/02/12 04:33:08 UTC,898373686
2025/06/11 02:57:28 UTC,707465786
2025/09/09 15:59:28 UTC,647697194
2026/02/12 04:33:47 UTC,898373686
2025/06/11 02:57:33 UTC,707465786
2025/05/27 03:59:06 UTC,688613173
2026/02/12 04:33:50 UTC,898373686
2025/06/11 02:57:54 UTC,707465786
2025/03/17 09:07:01 UTC,532809034
2026/02/12 04:33:52 UTC,898373686
2025/06/11 02:58:03 UTC,707465786
2024/11/03 05:52:19 UTC,506808586
2025/05/05 05:47:06 UTC,684877886
2025/06/11 02:49:21 UTC,707465786
2024/11/03 05:52:21 UTC,506808586
2025/05/05 03:00:16 UTC,684877886
2025/06/11 02:49:23 UTC,707465786
2025/03/05 04:55:14 UTC,616771756
2025/05/05 03:00:17 UTC,684877886
2025/06/11 03:00:15 UTC,707465786
2025/03/05 04:55:19 UTC,616771756
2025/01/05 04:57:44 UTC,313809076
2025/06/11 03:00:19 UTC,707465786
2025/03/04 14:08:33 UTC,637605786
2025/03/31 11:21:57 UTC,632617386
2025/06/11 03:00:42 UTC,707465786
2025/06/30 15:46:11 UTC,145111864
2025/03/01 20:13:19 UTC,164094834
2025/06/11 03:00:42 UTC,707465786
2025/06/30 20:03:35 UTC,145111864
2025/03/01 20:13:22 UTC,164094834
2025/06/11 03:01:08 UTC,707465786
2025/08/12 19:47:06 UTC,575422494
2025/08/07 03:00:14 UTC,721676514
2025/06/11 03:01:15 UTC,707465786
2025/08/12 19:47:20 UTC,575422494
2025/08/07 03:01:02 UTC,721676514
2025/06/11 03:01:47 UTC,707465786
2025/08/12 19:47:23 UTC,575422494
2025/08/07 03:01:07 UTC,721676514
2025/06/11 03:01:59 UTC,707465786
2025/07/17 18:29:08 UTC,707054974
2025/06/11 03:03:01 UTC,707465786
2025/07/17 18:29:23 UTC,707054974
2025/06/11 03:03:14 UTC,707465786
2025/08/07 02:58:28 UTC,721676514
2025/06/11 03:07:23 UTC,707465786
2025/08/07 02:58:37 UTC,721676514
2025/06/11 03:07:27 UTC,707465786
2025/03/31 10:49:18 UTC,623976854
2025/06/11 03:07:42 UTC,707465786
2025/08/07 03:50:26 UTC,743333236
2025/06/11 03:07:46 UTC,707465786
2025/01/03 16:00:12 UTC,563817153
2025/06/11 03:08:12 UTC,707465786
2025/01/03 16:02:49 UTC,563817153
2025/06/11 03:08:14 UTC,707465786
2025/11/04 20:51:24 UTC,771385824
2025/06/11 03:08:34 UTC,707465786
2025/07/27 20:38:16 UTC,742150936
2025/06/11 03:08:35 UTC,707465786
2025/07/27 23:32:56 UTC,742150936
2025/06/11 03:09:15 UTC,707465786
2025/08/21 08:19:32 UTC,832058556
2025/06/11 03:09:23 UTC,707465786
2025/01/06 11:48:54 UTC,200008464
2025/06/11 03:17:31 UTC,707465786
2025/08/24 17:54:15 UTC,767977383
2025/06/11 03:17:34 UTC,707465786
2025/04/23 07:03:40 UTC,664281396
2025/06/11 03:18:00 UTC,707465786
2025/04/23 09:06:08 UTC,620444636
2025/06/11 03:18:00 UTC,707465786
2026/02/13 09:08:48 UTC,898373686
2025/06/11 03:18:20 UTC,707465786
2025/10/09 04:18:58 UTC,886154996
2025/06/11 03:18:26 UTC,707465786
2025/01/05 08:39:37 UTC,532357004
2025/06/11 03:18:46 UTC,707465786
2025/01/05 09:38:54 UTC,479722234
2025/06/11 03:18:50 UTC,707465786
2025/09/14 07:35:31 UTC,853700356
2025/07/15 17:35:17 UTC,695384596
2025/09/14 07:35:40 UTC,853700356
2025/07/10 19:41:35 UTC,699249414
2025/09/15 03:23:46 UTC,449454476
2025/08/28 23:11:29 UTC,449500676
2025/10/25 00:57:50 UTC,718080814
2025/09/24 08:38:04 UTC,870268676
2025/07/18 12:15:21 UTC,796656616
2025/09/24 08:38:06 UTC,870268676
2025/07/18 12:15:58 UTC,796656616
2025/09/24 08:38:08 UTC,870268676
2025/07/18 12:18:08 UTC,647715984
2025/09/24 08:38:15 UTC,870268676
2025/02/06 01:51:08 UTC,506808586
2025/09/24 08:38:16 UTC,870268676
2025/02/06 01:51:10 UTC,506808586
2025/09/24 08:38:31 UTC,870268676
2025/07/18 18:29:21 UTC,585527534
2025/09/24 08:38:40 UTC,870268676
2025/07/18 18:29:23 UTC,585527534
2025/09/24 08:38:42 UTC,870268676
2025/07/18 18:30:05 UTC,585527534
2025/09/24 08:38:08 UTC,870268676
2025/07/18 18:31:17 UTC,585527534
2025/09/24 08:38:09 UTC,870268676
2024/12/02 05:35:43 UTC,545960016
2025/09/24 08:38:10 UTC,870268676
2024/12/02 05:35:44 UTC,545960016
2025/09/24 08:38:12 UTC,870268676
2024/12/02 05:35:59 UTC,545960016
2025/09/24 08:38:13 UTC,870268676
2025/03/07 02:03:26 UTC,427864244
2025/09/24 08:38:19 UTC,870268676
2025/03/07 02:03:30 UTC,427864244
2025/09/24 08:38:36 UTC,870268676
2025/03/07 02:24:37 UTC,639823116
2025/09/24 08:38:40 UTC,870268676
2025/12/31 07:20:58 UTC,826884554
2025/09/24 08:38:40 UTC,870268676
2025/12/20 00:00:37 UTC,884932236
2025/09/24 08:38:41 UTC,870268676
2025/02/04 20:09:48 UTC,506808586
2025/04/28 17:51:32 UTC,616044076
2025/02/04 20:09:52 UTC,506808586
2025/07/20 20:04:45 UTC,696511533
2025/08/22 03:44:30 UTC,721932554
2025/07/20 20:04:46 UTC,696511533
2025/08/22 05:22:37 UTC,832334586
2025/07/20 20:04:47 UTC,696511533
2025/12/12 18:35:31 UTC,895070114
2026/01/16 21:40:49 UTC,561461204
2025/05/01 05:49:05 UTC,568407026
2025/09/22 19:40:26 UTC,832154826
2025/06/05 19:38:03 UTC,623746304
2024/12/19 19:41:45 UTC,513805306
2025/09/17 23:04:25 UTC,747893984
2024/12/19 19:41:55 UTC,374060454
2025/09/17 23:04:29 UTC,747893984
2025/09/09 16:00:21 UTC,647697194
2026/02/06 00:12:39 UTC,1100110983
2025/09/09 16:00:21 UTC,647697194
2025/07/13 01:01:01 UTC,751607016
2025/04/06 03:48:45 UTC,630500024
2025/07/13 01:01:10 UTC,751607016
2025/04/06 03:48:46 UTC,630500024
2026/03/18 21:59:25 UTC,1370017496
2025/11/13 11:22:43 UTC,895023964
2025/07/07 19:09:24 UTC,145111864
2025/11/13 11:22:50 UTC,895023964
2025/07/07 20:08:01 UTC,427698984
2025/03/16 03:23:57 UTC,578130916
2025/07/07 20:08:01 UTC,427698984
2025/03/15 21:41:58 UTC,578130916
2025/07/07 19:09:00 UTC,145111864
2025/10/11 03:23:34 UTC,746029763
2025/06/27 16:29:57 UTC,427698984
2024/10/01 04:30:50 UTC,507851543
2025/04/08 23:00:13 UTC,641234276
2024/10/01 04:30:50 UTC,507851543
2025/04/08 22:59:50 UTC,625955823
2026/01/22 08:12:07 UTC,1090602934
2025/04/08 22:59:51 UTC,625955823
2026/01/22 08:11:58 UTC,1090602934
2025/04/08 22:59:56 UTC,625955823
2026/01/22 08:12:03 UTC,1090602934
2025/02/22 16:02:41 UTC,145111864
2026/01/22 08:12:07 UTC,1090602934
2025/02/22 16:12:22 UTC,145111864
2025/01/09 08:21:54 UTC,510712374
2025/10/07 13:38:17 UTC,647697194
2025/02/17 21:11:45 UTC,619146926
2025/10/07 13:38:20 UTC,647697194
2025/09/18 15:56:44 UTC,561452174
2026/02/04 01:54:59 UTC,1135095344
2025/10/16 12:51:06 UTC,905463666
2026/02/04 01:55:04 UTC,1135095344
2024/12/07 23:36:58 UTC,339300584
2025/02/22 20:21:18 UTC,622616386
2025/09/03 10:39:36 UTC,575422494
2025/10/07 13:37:56 UTC,647697194
2025/09/03 10:39:46 UTC,575422494
2025/08/03 16:07:02 UTC,449454476
2025/09/03 10:39:46 UTC,575422494
2025/08/03 20:42:06 UTC,631681716
2024/11/03 13:01:36 UTC,461322276
2026/01/15 13:09:30 UTC,647715984
2024/11/03 13:01:40 UTC,461322276
2025/06/11 19:46:21 UTC,561461204
2024/11/03 13:02:30 UTC,461322276
2024/11/11 21:36:50 UTC,449954766
2025/08/13 04:36:51 UTC,797867426
2025/06/11 19:44:23 UTC,561461204
2025/08/13 04:36:57 UTC,797867426
2025/06/11 19:46:20 UTC,561461204
2025/09/28 21:15:30 UTC,875538206
2025/06/11 19:46:58 UTC,561461204
2025/09/28 21:18:14 UTC,875538206
2025/06/11 19:46:59 UTC,561461204
2025/08/07 20:29:22 UTC,746555723
2025/08/29 22:11:11 UTC,647715984
2025/08/08 02:26:04 UTC,743295256
2025/07/03 18:05:08 UTC,627055486
2025/07/29 02:16:35 UTC,712478634
2025/03/10 22:30:04 UTC,611522036
2025/07/29 02:16:55 UTC,712478634
2025/10/16 01:18:35 UTC,716885573
2025/07/29 02:17:07 UTC,712478634
2025/10/16 01:18:36 UTC,716885573
2025/07/29 02:17:20 UTC,712478634
2025/08/17 16:42:55 UTC,754791596
2025/09/16 03:58:38 UTC,145111864
2025/08/17 16:43:12 UTC,754791596
2025/09/16 05:08:49 UTC,688613173
2025/06/15 04:25:05 UTC,715485756
2025/06/15 04:25:12 UTC,715485756
2025/06/15 04:25:13 UTC,715485756
2025/06/15 04:25:42 UTC,715485756
2025/06/15 04:26:21 UTC,715485756
2025/06/15 04:26:38 UTC,715485756
2025/06/06 02:07:54 UTC,676844004
2026/08/26 08:49:43 UTC,926587194
2025/02/15 22:52:46 UTC,611522036
2026/08/25 06:23:15 UTC,145111864
2026/03/14 20:39:42 UTC,1144110564
2026/08/25 07:13:51 UTC,145111864
2025/08/28 05:23:39 UTC,809369096
2026/08/24 06:16:43 UTC,943208224
2025/06/18 08:24:44 UTC,681230796
2026/08/24 04:40:36 UTC,1456116993
2025/03/20 18:58:07 UTC,646621023
2026/08/24 02:57:19 UTC,1397534356
2025/03/20 18:58:12 UTC,646621023
2026/08/24 02:57:20 UTC,1397534356
2025/02/06 18:32:23 UTC,575437294
2026/08/24 02:59:03 UTC,1480129936
2025/02/06 18:32:45 UTC,575437294
2026/08/24 02:59:11 UTC,1480129936
2025/02/06 18:32:48 UTC,575437294
2026/08/24 04:43:07 UTC,1476575834
2025/02/06 18:32:52 UTC,575437294
2026/08/24 04:43:13 UTC,1476575834
2025/02/06 18:32:57 UTC,575437294
2026/08/22 20:01:53 UTC,145111864
2025/02/06 18:33:07 UTC,575437294
2026/08/24 06:18:00 UTC,145111864
2025/02/06 18:33:16 UTC,575437294
2026/08/21 19:47:14 UTC,1467174814
2025/02/06 18:33:19 UTC,575437294
2026/08/21 19:47:18 UTC,1467174814
2025/06/18 17:16:39 UTC,640914144
2026/08/26 16:33:32 UTC,1539562766
2025/03/30 01:02:23 UTC,564508746
2026/08/20 08:04:54 UTC,145111864
2025/03/30 01:02:34 UTC,564508746
2026/08/26 13:46:07 UTC,1535520266
2025/03/30 01:02:50 UTC,564508746
2026/08/29 20:08:25 UTC,145111864
2025/04/13 04:52:02 UTC,631208796
2026/08/29 20:09:29 UTC,145111864
2025/08/01 17:53:13 UTC,561452174
2026/08/18 10:58:04 UTC,1535996526
2025/08/01 17:53:04 UTC,561452174
2026/08/17 17:43:18 UTC,164094834
2025/08/01 17:53:15 UTC,561452174
2026/08/17 08:49:23 UTC,1465176814
2025/08/01 21:48:10 UTC,712197444
2026/08/07 05:13:42 UTC,1476575834
2025/08/01 22:03:46 UTC,717350204
2026/08/07 05:13:45 UTC,1476575834
2025/08/02 01:51:30 UTC,732113936
2026/08/07 05:13:46 UTC,1476575834
2025/08/02 01:52:48 UTC,797867426
2026/08/08 05:04:34 UTC,1456237153
2025/06/04 04:59:59 UTC,620748676
2026/08/08 05:04:50 UTC,1456237153
2025/06/04 03:37:22 UTC,620748676
2026/08/08 05:04:50 UTC,1456237153
2025/06/04 03:37:28 UTC,620748676
2026/08/06 12:23:39 UTC,145111864
2025/08/01 20:02:30 UTC,676880284
2026/08/06 01:55:38 UTC,1528586166
2025/08/01 20:02:38 UTC,676880284
2026/08/15 09:13:33 UTC,1477073634
2025/08/01 20:02:44 UTC,676880284
2026/08/04 04:10:07 UTC,145111864
2025/08/01 21:19:21 UTC,797873656
2026/08/13 01:32:05 UTC,1543564296
2025/06/04 01:01:58 UTC,620748676
2026/07/29 04:08:57 UTC,1149393644
2025/06/04 01:02:20 UTC,620748676
2026/08/10 23:36:34 UTC,1535520266
2025/06/04 01:02:26 UTC,620748676
2026/07/26 05:34:55 UTC,1451496406
2025/07/13 04:53:51 UTC,648321536
2026/07/27 09:05:29 UTC,145111864
2025/07/13 04:56:51 UTC,685324024
2026/07/27 03:58:30 UTC,1230238214
2025/07/13 04:56:56 UTC,685324024
2026/07/27 03:58:31 UTC,145111864
2025/09/10 07:16:04 UTC,756936483
2026/07/27 03:59:50 UTC,145111864
2025/08/01 01:19:42 UTC,799772616
2026/07/25 01:12:52 UTC,1230029424
2025/08/01 01:19:44 UTC,799772616
2026/07/24 15:48:19 UTC,145111864
2025/07/13 00:59:14 UTC,783476716
2026/07/24 15:48:54 UTC,145111864
2025/07/13 04:09:32 UTC,707073824
2026/07/24 15:47:44 UTC,1465176814
2025/08/08 08:48:46 UTC,721676514
2026/07/22 14:30:48 UTC,1451526556
2025/04/09 19:17:56 UTC,664281396
2026/07/20 20:29:50 UTC,1439140326
2025/04/09 17:32:32 UTC,611584536
2026/07/22 03:41:46 UTC,164094834
2025/04/09 10:34:55 UTC,630500024
2026/07/18 06:35:40 UTC,1502217916
2025/04/09 10:34:56 UTC,630500024
2026/07/18 06:35:46 UTC,1502217916
2025/08/11 04:20:54 UTC,754723596
2026/07/18 06:35:47 UTC,1502217916
2025/08/11 04:22:05 UTC,145111864
2026/07/10 01:49:09 UTC,1230029424
2025/08/20 19:44:04 UTC,680320814
2026/05/08 00:18:09 UTC,1393313916
2025/08/20 19:43:02 UTC,680320814
2026/06/25 06:29:59 UTC,145111864
2025/08/20 19:43:58 UTC,680320814
2026/06/25 06:23:36 UTC,145111864
2025/04/03 21:48:29 UTC,145111864
2026/05/08 05:10:11 UTC,145111864
2025/08/21 05:05:55 UTC,717183124
2026/05/31 23:22:32 UTC,848692913
2025/07/02 02:04:46 UTC,145111864
2026/05/31 23:22:32 UTC,848692913
2025/06/25 19:05:14 UTC,550492743
2026/05/31 23:24:47 UTC,848692913
2025/07/31 05:43:30 UTC,794391316
2026/05/28 17:18:32 UTC,1149393644
2025/05/12 05:09:19 UTC,622781436
2026/05/21 14:50:10 UTC,1254280863
2025/06/17 18:54:18 UTC,679569913
2026/05/21 14:50:42 UTC,1254280863
2025/03/19 05:09:48 UTC,552548184
2026/05/18 13:53:34 UTC,145111864
2026/01/10 08:48:46 UTC,895023964
2026/05/18 13:54:41 UTC,145111864
2025/08/06 00:44:25 UTC,145111864
2026/05/15 04:38:02 UTC,941613523
2025/08/06 00:48:18 UTC,145111864
2026/04/30 23:47:01 UTC,1196386593
2025/03/12 20:02:31 UTC,598592544
2026/04/28 08:11:58 UTC,1391911016
2025/03/12 20:02:37 UTC,598592544
2026/04/25 09:29:26 UTC,427864244
2025/03/12 20:02:45 UTC,598592544
2026/04/25 09:29:34 UTC,427864244
2025/10/13 19:54:46 UTC,561452174
2026/04/25 09:26:52 UTC,427864244
2026/01/21 08:37:37 UTC,1109882063
2026/04/25 09:26:57 UTC,427864244
2025/10/13 18:10:47 UTC,647715984
2026/04/25 09:27:52 UTC,427864244
2025/11/27 20:54:59 UTC,647697194
2026/04/25 09:27:54 UTC,427864244
2025/12/25 21:15:06 UTC,427864244
2026/04/25 09:27:56 UTC,427864244
2025/12/25 21:15:38 UTC,427864244
2026/04/25 09:28:03 UTC,427864244
2025/12/25 21:15:41 UTC,427864244
2026/04/25 09:28:04 UTC,427864244
2025/12/25 21:15:47 UTC,427864244
2026/04/25 09:28:25 UTC,427864244
2025/12/25 21:15:49 UTC,427864244
2026/04/25 09:28:29 UTC,427864244
2025/11/27 18:46:38 UTC,647715984
2026/04/25 09:28:36 UTC,427864244
2025/11/27 18:46:56 UTC,647715984
2026/04/25 09:28:37 UTC,427864244
2025/07/26 00:38:58 UTC,679290413
2026/04/25 09:28:41 UTC,427864244
2025/07/26 00:46:19 UTC,745117573
2026/04/28 23:22:27 UTC,1190657203
2025/12/02 21:28:43 UTC,926830594
2026/04/24 18:57:11 UTC,1390560466
2025/05/26 05:26:41 UTC,620426676
2026/04/24 18:57:13 UTC,1390560466
2025/03/06 04:58:14 UTC,598592544
2026/04/24 18:57:13 UTC,1390560466
2025/03/06 04:58:25 UTC,598592544
2026/04/19 03:14:51 UTC,1149393644
2025/05/02 16:44:07 UTC,145111864
2026/04/19 03:15:29 UTC,1149393644
2025/05/02 17:41:31 UTC,636655976
2026/04/15 08:00:21 UTC,561452174
2024/09/27 02:30:32 UTC,374061034
2026/04/07 15:49:15 UTC,837422456
2025/03/14 11:42:22 UTC,602182194
2026/03/26 11:14:43 UTC,1364349536
2025/06/28 19:24:31 UTC,645616576
2026/03/26 11:16:57 UTC,1143782174
2026/03/11 05:25:37 UTC,1230203754
2025/07/30 06:29:28 UTC,145111864
2024/09/11 02:03:50 UTC,493152633
2025/07/30 06:29:41 UTC,145111864
2024/09/11 02:03:55 UTC,493152633
2025/07/16 23:38:02 UTC,712065733
2025/12/19 00:08:36 UTC,1073426234
2025/07/16 23:38:09 UTC,712065733
2025/02/10 22:33:04 UTC,164094834
2025/07/29 22:53:34 UTC,797867426
2025/08/19 11:29:57 UTC,585498474
2025/07/29 22:53:56 UTC,797867426
2025/08/19 11:33:48 UTC,832066986
2025/07/29 22:55:24 UTC,145111864
2025/08/19 11:33:58 UTC,832066986
2025/07/16 18:40:31 UTC,698860893
2025/05/20 18:09:28 UTC,705094296
2025/09/04 10:46:42 UTC,680320814
2025/05/20 05:33:17 UTC,687801856
2025/09/04 10:46:42 UTC,680320814
2025/08/20 03:01:30 UTC,145111864
2025/07/14 19:50:57 UTC,575422494
2025/12/02 21:28:52 UTC,926830594
2025/08/19 21:37:54 UTC,834431436
2026/01/05 04:57:46 UTC,884932236
2026/01/25 18:37:14 UTC,1124299964
2025/07/14 16:42:13 UTC,427698984
2025/07/25 14:29:43 UTC,751805166
2025/02/28 22:49:33 UTC,586299333
2026/01/05 04:21:14 UTC,895814214
2026/01/25 21:06:56 UTC,699767144
2025/07/06 19:35:47 UTC,712065733
2025/07/25 14:29:08 UTC,751805166
2025/06/04 20:12:06 UTC,647715984
2025/05/29 23:56:24 UTC,625955823
2026/01/25 21:07:02 UTC,699767144
2025/07/14 19:31:28 UTC,575422494
2024/09/15 16:55:48 UTC,420653084
2025/06/04 20:12:12 UTC,647715984
2025/05/29 23:57:53 UTC,625955823
2026/01/25 18:37:52 UTC,1124299964
2025/07/14 19:31:39 UTC,575422494
2025/04/01 18:31:02 UTC,651348406
2025/06/04 20:12:25 UTC,647715984
2025/05/29 23:57:57 UTC,625955823
2025/01/06 09:40:53 UTC,508527044
2025/12/03 18:53:55 UTC,831597686
2025/10/02 18:04:48 UTC,771412874
2025/06/04 20:12:26 UTC,647715984
2025/08/10 21:20:47 UTC,721647814
2025/01/06 09:40:54 UTC,508527044
2025/12/03 18:53:55 UTC,831597686
2025/06/08 04:14:52 UTC,647697194
2025/06/04 20:12:27 UTC,647715984
2025/09/28 05:37:50 UTC,721676514
2025/01/06 09:40:55 UTC,508527044
2025/07/14 16:09:40 UTC,783458986
2026/01/29 02:26:54 UTC,957889186
2025/06/04 20:12:33 UTC,647715984
2025/09/28 05:37:59 UTC,721676514
2025/01/06 09:40:56 UTC,508527044
2025/06/04 20:12:34 UTC,647715984
2025/03/25 20:03:53 UTC,570146944
2025/01/06 09:41:14 UTC,508527044
2025/06/04 20:12:58 UTC,647715984
2025/09/08 16:58:51 UTC,561452174
2025/01/06 09:41:14 UTC,508527044
2025/06/04 20:10:10 UTC,647715984
2025/09/08 16:58:57 UTC,561452174
2025/01/06 09:41:31 UTC,382462454
2025/06/04 20:11:59 UTC,647715984
2025/07/11 15:28:24 UTC,575422494
2025/05/18 19:52:06 UTC,685047456
2025/06/04 20:12:07 UTC,647715984
2025/07/11 15:28:33 UTC,575422494
2025/05/18 19:52:08 UTC,685047456
2025/06/04 20:12:09 UTC,647715984
2025/09/08 04:54:19 UTC,647697194
2025/06/13 00:33:37 UTC,145111864
2025/06/04 20:12:11 UTC,647715984
2025/09/08 04:54:20 UTC,647697194
2025/12/01 15:36:37 UTC,676880284
2025/06/04 20:12:27 UTC,647715984
2025/09/08 04:54:23 UTC,647697194
2025/04/28 05:48:18 UTC,616044076
2025/06/04 20:12:29 UTC,647715984
2025/09/08 04:54:49 UTC,647697194
2025/04/28 06:18:33 UTC,583998463
2025/06/04 20:12:29 UTC,647715984
2025/09/08 04:57:57 UTC,647697194
2026/03/03 18:46:06 UTC,1143782174
2025/06/04 20:12:35 UTC,647715984
2025/09/08 04:58:25 UTC,647697194
2026/03/17 18:01:29 UTC,1112987453
2025/06/04 20:12:35 UTC,647715984
2026/03/13 19:20:08 UTC,647715984
2025/03/10 02:41:46 UTC,616727046
2025/06/04 20:12:36 UTC,647715984
2025/12/27 22:41:09 UTC,990699963
2025/08/17 06:03:58 UTC,832077356
2026/01/15 06:53:16 UTC,927105394
2025/03/03 19:23:53 UTC,632371496
2025/08/17 06:04:18 UTC,832077356
2026/01/15 06:53:19 UTC,927105394
2025/09/07 23:24:59 UTC,757273696
2025/08/17 01:19:55 UTC,722162704
2026/01/15 06:53:21 UTC,927105394
2025/04/20 20:02:58 UTC,640224494
2025/08/17 01:20:14 UTC,722162704
2025/01/28 06:05:13 UTC,262828396
2025/04/20 20:03:15 UTC,640224494
2025/08/17 05:02:57 UTC,145111864
2025/01/28 06:05:13 UTC,262828396
2025/07/03 00:25:51 UTC,695114514
2025/06/07 04:24:14 UTC,543686464
2025/01/28 06:05:13 UTC,262828396
2025/07/03 00:25:51 UTC,695114514
2025/06/07 04:24:30 UTC,543686464
2025/08/22 18:59:52 UTC,809369096
2025/09/09 19:46:02 UTC,647715984
2026/02/12 04:33:08 UTC,898373686
2025/06/11 02:57:28 UTC,707465786
2025/09/09 15:59:28 UTC,647697194
2026/02/12 04:33:47 UTC,898373686
2025/06/11 02:57:33 UTC,707465786
2025/05/27 03:59:06 UTC,688613173
2026/02/12 04:33:50 UTC,898373686
2025/06/11 02:57:54 UTC,707465786
2025/03/17 09:07:01 UTC,532809034
2026/02/12 04:33:52 UTC,898373686
2025/06/11 02:58:03 UTC,707465786
2024/11/03 05:52:19 UTC,506808586
2025/05/05 05:47:06 UTC,684877886
2025/06/11 02:49:21 UTC,707465786
2024/11/03 05:52:21 UTC,506808586
2025/05/05 03:00:16 UTC,684877886
2025/06/11 02:49:23 UTC,707465786
2025/03/05 04:55:14 UTC,616771756
2025/05/05 03:00:17 UTC,684877886
2025/06/11 03:00:15 UTC,707465786
2025/03/05 04:55:19 UTC,616771756
2025/01/05 04:57:44 UTC,313809076
2025/06/11 03:00:19 UTC,707465786
2025/03/04 14:08:33 UTC,637605786
2025/03/31 11:21:57 UTC,632617386
2025/06/11 03:00:42 UTC,707465786
2025/06/30 15:46:11 UTC,145111864
2025/03/01 20:13:19 UTC,164094834
2025/06/11 03:00:42 UTC,707465786
2025/06/30 20:03:35 UTC,145111864
2025/03/01 20:13:22 UTC,164094834
2025/06/11 03:01:08 UTC,707465786
2025/08/12 19:47:06 UTC,575422494
2025/08/07 03:00:14 UTC,721676514
2025/06/11 03:01:15 UTC,707465786
2025/08/12 19:47:20 UTC,575422494
2025/08/07 03:01:02 UTC,721676514
2025/06/11 03:01:47 UTC,707465786
2025/08/12 19:47:23 UTC,575422494
2025/08/07 03:01:07 UTC,721676514
2025/06/11 03:01:59 UTC,707465786
2025/07/17 18:29:08 UTC,707054974
2025/06/11 03:03:01 UTC,707465786
2025/07/17 18:29:23 UTC,707054974
2025/06/11 03:03:14 UTC,707465786
2025/08/07 02:58:28 UTC,721676514
2025/06/11 03:07:23 UTC,707465786
2025/08/07 02:58:37 UTC,721676514
2025/06/11 03:07:27 UTC,707465786
2025/03/31 10:49:18 UTC,623976854
2025/06/11 03:07:42 UTC,707465786
2025/08/07 03:50:26 UTC,743333236
2025/06/11 03:07:46 UTC,707465786
2025/01/03 16:00:12 UTC,563817153
2025/06/11 03:08:12 UTC,707465786
2025/01/03 16:02:49 UTC,563817153
2025/06/11 03:08:14 UTC,707465786
2025/11/04 20:51:24 UTC,771385824
2025/06/11 03:08:34 UTC,707465786
2025/07/27 20:38:16 UTC,742150936
2025/06/11 03:08:35 UTC,707465786
2025/07/27 23:32:56 UTC,742150936
2025/06/11 03:09:15 UTC,707465786
2025/08/21 08:19:32 UTC,832058556
2025/06/11 03:09:23 UTC,707465786
2025/01/06 11:48:54 UTC,200008464
2025/06/11 03:17:31 UTC,707465786
2025/08/24 17:54:15 UTC,767977383
2025/06/11 03:17:34 UTC,707465786
2025/04/23 07:03:40 UTC,664281396
2025/06/11 03:18:00 UTC,707465786
2025/04/23 09:06:08 UTC,620444636
2025/06/11 03:18:00 UTC,707465786
2026/02/13 09:08:48 UTC,898373686
2025/06/11 03:18:20 UTC,707465786
2025/10/09 04:18:58 UTC,886154996
2025/06/11 03:18:26 UTC,707465786
2025/01/05 08:39:37 UTC,532357004
2025/06/11 03:18:46 UTC,707465786
2025/01/05 09:38:54 UTC,479722234
2025/06/11 03:18:50 UTC,707465786
2025/09/14 07:35:31 UTC,853700356
2025/07/15 17:35:17 UTC,695384596
2025/09/14 07:35:40 UTC,853700356
2025/07/10 19:41:35 UTC,699249414
2025/09/15 03:23:46 UTC,449454476
2025/08/28 23:11:29 UTC,449500676
2025/10/25 00:57:50 UTC,718080814
2025/09/24 08:38:04 UTC,870268676
2025/07/18 12:15:21 UTC,796656616
2025/09/24 08:38:06 UTC,870268676
2025/07/18 12:15:58 UTC,796656616
2025/09/24 08:38:08 UTC,870268676
2025/07/18 12:18:08 UTC,647715984
2025/09/24 08:38:15 UTC,870268676
2025/02/06 01:51:08 UTC,506808586
2025/09/24 08:38:16 UTC,870268676
2025/02/06 01:51:10 UTC,506808586
2025/09/24 08:38:31 UTC,870268676
2025/07/18 18:29:21 UTC,585527534
2025/09/24 08:38:40 UTC,870268676
2025/07/18 18:29:23 UTC,585527534
2025/09/24 08:38:42 UTC,870268676
2025/07/18 18:30:05 UTC,585527534
2025/09/24 08:38:08 UTC,870268676
2025/07/18 18:31:17 UTC,585527534
2025/09/24 08:38:09 UTC,870268676
2024/12/02 05:35:43 UTC,545960016
2025/09/24 08:38:10 UTC,870268676
2024/12/02 05:35:44 UTC,545960016
2025/09/24 08:38:12 UTC,870268676
2024/12/02 05:35:59 UTC,545960016
2025/09/24 08:38:13 UTC,870268676
2025/03/07 02:03:26 UTC,427864244
2025/09/24 08:38:19 UTC,870268676
2025/03/07 02:03:30 UTC,427864244
2025/09/24 08:38:36 UTC,870268676
2025/03/07 02:24:37 UTC,639823116
2025/09/24 08:38:40 UTC,870268676
2025/12/31 07:20:58 UTC,826884554
2025/09/24 08:38:40 UTC,870268676
2025/12/20 00:00:37 UTC,884932236
2025/09/24 08:38:41 UTC,870268676
2025/02/04 20:09:48 UTC,506808586
2025/04/28 17:51:32 UTC,616044076
2025/02/04 20:09:52 UTC,506808586
2025/07/20 20:04:45 UTC,696511533
2025/08/22 03:44:30 UTC,721932554
2025/07/20 20:04:46 UTC,696511533
2025/08/22 05:22:37 UTC,832334586
2025/07/20 20:04:47 UTC,696511533
2025/12/12 18:35:31 UTC,895070114
2026/01/16 21:40:49 UTC,561461204
2025/05/01 05:49:05 UTC,568407026
2025/09/22 19:40:26 UTC,832154826
2025/06/05 19:38:03 UTC,623746304
2024/12/19 19:41:45 UTC,513805306
2025/09/17 23:04:25 UTC,747893984
2024/12/19 19:41:55 UTC,374060454
2025/09/17 23:04:29 UTC,747893984
2025/09/09 16:00:21 UTC,647697194
2026/02/06 00:12:39 UTC,1100110983
2025/09/09 16:00:21 UTC,647697194
2025/07/13 01:01:01 UTC,751607016
2025/04/06 03:48:45 UTC,630500024
2025/07/13 01:01:10 UTC,751607016
2025/04/06 03:48:46 UTC,630500024
2026/03/18 21:59:25 UTC,1370017496
2025/11/13 11:22:43 UTC,895023964
2025/07/07 19:09:24 UTC,145111864
2025/11/13 11:22:50 UTC,895023964
2025/07/07 20:08:01 UTC,427698984
2025/03/16 03:23:57 UTC,578130916
2025/07/07 20:08:01 UTC,427698984
2025/03/15 21:41:58 UTC,578130916
2025/07/07 19:09:00 UTC,145111864
2025/10/11 03:23:34 UTC,746029763
2025/06/27 16:29:57 UTC,427698984
2024/10/01 04:30:50 UTC,507851543
2025/04/08 23:00:13 UTC,641234276
2024/10/01 04:30:50 UTC,507851543
2025/04/08 22:59:50 UTC,625955823
2026/01/22 08:12:07 UTC,1090602934
2025/04/08 22:59:51 UTC,625955823
2026/01/22 08:11:58 UTC,1090602934
2025/04/08 22:59:56 UTC,625955823
2026/01/22 08:12:03 UTC,1090602934
2025/02/22 16:02:41 UTC,145111864
2026/01/22 08:12:07 UTC,1090602934
2025/02/22 16:12:22 UTC,145111864
2025/01/09 08:21:54 UTC,510712374
2025/10/07 13:38:17 UTC,647697194
2025/02/17 21:11:45 UTC,619146926
2025/10/07 13:38:20 UTC,647697194
2025/09/18 15:56:44 UTC,561452174
2026/02/04 01:54:59 UTC,1135095344
2025/10/16 12:51:06 UTC,905463666
2026/02/04 01:55:04 UTC,1135095344
2024/12/07 23:36:58 UTC,339300584
2025/02/22 20:21:18 UTC,622616386
2025/09/03 10:39:36 UTC,575422494
2025/10/07 13:37:56 UTC,647697194
2025/09/03 10:39:46 UTC,575422494
2025/08/03 16:07:02 UTC,449454476
2025/09/03 10:39:46 UTC,575422494
2025/08/03 20:42:06 UTC,631681716
2024/11/03 13:01:36 UTC,461322276
2026/01/15 13:09:30 UTC,647715984
2024/11/03 13:01:40 UTC,461322276
2025/06/11 19:46:21 UTC,561461204
2024/11/03 13:02:30 UTC,461322276
2024/11/11 21:36:50 UTC,449954766
2025/08/13 04:36:51 UTC,797867426
2025/06/11 19:44:23 UTC,561461204
2025/08/13 04:36:57 UTC,797867426
2025/06/11 19:46:20 UTC,561461204
2025/09/28 21:15:30 UTC,875538206
2025/06/11 19:46:58 UTC,561461204
2025/09/28 21:18:14 UTC,875538206
2025/06/11 19:46:59 UTC,561461204
2025/08/07 20:29:22 UTC,746555723
2025/08/29 22:11:11 UTC,647715984
2025/08/08 02:26:04 UTC,743295256
2025/07/03 18:05:08 UTC,627055486
2025/07/29 02:16:35 UTC,712478634
2025/03/10 22:30:04 UTC,611522036
2025/07/29 02:16:55 UTC,712478634
2025/10/16 01:18:35 UTC,716885573
2025/07/29 02:17:07 UTC,712478634
2025/10/16 01:18:36 UTC,716885573
2025/07/29 02:17:20 UTC,712478634
2025/08/17 16:42:55 UTC,754791596
2025/09/16 03:58:38 UTC,145111864
2025/08/17 16:43:12 UTC,754791596
2025/09/16 05:08:49 UTC,688613173
2025/06/15 04:25:05 UTC,715485756
2025/06/15 04:25:12 UTC,715485756
2025/06/15 04:25:13 UTC,715485756
2025/06/15 04:25:42 UTC,715485756
2025/06/15 04:26:21 UTC,715485756
2025/06/15 04:26:38 UTC,715485756
2025/06/06 02:07:54 UTC,676844004
2026/08/26 08:49:43 UTC,926587194
2025/02/15 22:52:46 UTC,611522036
2026/08/25 06:23:15 UTC,145111864
2026/03/14 20:39:42 UTC,1144110564
2026/08/25 07:13:51 UTC,145111864
2025/08/28 05:23:39 UTC,809369096
2026/08/24 06:16:43 UTC,943208224
2025/06/18 08:24:44 UTC,681230796
2026/08/24 04:40:36 UTC,1456116993
2025/03/20 18:58:07 UTC,646621023
2026/08/24 02:57:19 UTC,1397534356
2025/03/20 18:58:12 UTC,646621023
2026/08/24 02:57:20 UTC,1397534356
2025/02/06 18:32:23 UTC,575437294
2026/08/24 02:59:03 UTC,1480129936
2025/02/06 18:32:45 UTC,575437294
2026/08/24 02:59:11 UTC,1480129936
2025/02/06 18:32:48 UTC,575437294
2026/08/24 04:43:07 UTC,1476575834
2025/02/06 18:32:52 UTC,575437294
2026/08/24 04:43:13 UTC,1476575834
2025/02/06 18:32:57 UTC,575437294
2026/08/22 20:01:53 UTC,145111864
2025/02/06 18:33:07 UTC,575437294
2026/08/24 06:18:00 UTC,145111864
2025/02/06 18:33:16 UTC,575437294
2026/08/21 19:47:14 UTC,1467174814
2025/02/06 18:33:19 UTC,575437294
2026/08/21 19:47:18 UTC,1467174814
2025/06/18 17:16:39 UTC,640914144
2026/08/26 16:33:32 UTC,1539562766
2025/03/30 01:02:23 UTC,564508746
2026/08/20 08:04:54 UTC,145111864
2025/03/30 01:02:34 UTC,564508746
2026/08/26 13:46:07 UTC,1535520266
2025/03/30 01:02:50 UTC,564508746
2026/08/29 20:08:25 UTC,145111864
2025/04/13 04:52:02 UTC,631208796
2026/08/29 20:09:29 UTC,145111864
2025/08/01 17:53:13 UTC,561452174
2026/08/18 10:58:04 UTC,1535996526
2025/08/01 17:53:04 UTC,561452174
2026/08/17 17:43:18 UTC,164094834
2025/08/01 17:53:15 UTC,561452174
2026/08/17 08:49:23 UTC,1465176814
2025/08/01 21:48:10 UTC,712197444
2026/08/07 05:13:42 UTC,1476575834
2025/08/01 22:03:46 UTC,717350204
2026/08/07 05:13:45 UTC,1476575834
2025/08/02 01:51:30 UTC,732113936
2026/08/07 05:13:46 UTC,1476575834
2025/08/02 01:52:48 UTC,797867426
2026/08/08 05:04:34 UTC,1456237153
2025/06/04 04:59:59 UTC,620748676
2026/08/08 05:04:50 UTC,1456237153
2025/06/04 03:37:22 UTC,620748676
2026/08/08 05:04:50 UTC,1456237153
2025/06/04 03:37:28 UTC,620748676
2026/08/06 12:23:39 UTC,145111864
2025/08/01 20:02:30 UTC,676880284
2026/08/06 01:55:38 UTC,1528586166
2025/08/01 20:02:38 UTC,676880284
2026/08/15 09:13:33 UTC,1477073634
2025/08/01 20:02:44 UTC,676880284
2026/08/04 04:10:07 UTC,145111864
2025/08/01 21:19:21 UTC,797873656
2026/08/13 01:32:05 UTC,1543564296
2025/06/04 01:01:58 UTC,620748676
2026/07/29 04:08:57 UTC,1149393644
2025/06/04 01:02:20 UTC,620748676
2026/08/10 23:36:34 UTC,1535520266
2025/06/04 01:02:26 UTC,620748676
2026/07/26 05:34:55 UTC,1451496406
2025/07/13 04:53:51 UTC,648321536
2026/07/27 09:05:29 UTC,145111864
2025/07/13 04:56:51 UTC,685324024
2026/07/27 03:58:30 UTC,1230238214
2025/07/13 04:56:56 UTC,685324024
2026/07/27 03:58:31 UTC,145111864
2025/09/10 07:16:04 UTC,756936483
2026/07/27 03:59:50 UTC,145111864
2025/08/01 01:19:42 UTC,799772616
2026/07/25 01:12:52 UTC,1230029424
2025/08/01 01:19:44 UTC,799772616
2026/07/24 15:48:19 UTC,145111864
2025/07/13 00:59:14 UTC,783476716
2026/07/24 15:48:54 UTC,145111864
2025/07/13 04:09:32 UTC,707073824
2026/07/24 15:47:44 UTC,1465176814
2025/08/08 08:48:46 UTC,721676514
2026/07/22 14:30:48 UTC,1451526556
2025/04/09 19:17:56 UTC,664281396
2026/07/20 20:29:50 UTC,1439140326
2025/04/09 17:32:32 UTC,611584536
2026/07/22 03:41:46 UTC,164094834
2025/04/09 10:34:55 UTC,630500024
2026/07/18 06:35:40 UTC,1502217916
2025/04/09 10:34:56 UTC,630500024
2026/07/18 06:35:46 UTC,1502217916
2025/08/11 04:20:54 UTC,754723596
2026/07/18 06:35:47 UTC,1502217916
2025/08/11 04:22:05 UTC,145111864
2026/07/10 01:49:09 UTC,1230029424
2025/08/20 19:44:04 UTC,680320814
2026/05/08 00:18:09 UTC,1393313916
2025/08/20 19:43:02 UTC,680320814
2026/06/25 06:29:59 UTC,145111864
2025/08/20 19:43:58 UTC,680320814
2026/06/25 06:23:36 UTC,145111864
2025/04/03 21:48:29 UTC,145111864
2026/05/08 05:10:11 UTC,145111864
2025/08/21 05:05:55 UTC,717183124
2026/05/31 23:22:32 UTC,848692913
2025/07/02 02:04:46 UTC,145111864
2026/05/31 23:22:32 UTC,848692913
2025/06/25 19:05:14 UTC,550492743
2026/05/31 23:24:47 UTC,848692913
2025/07/31 05:43:30 UTC,794391316
2026/05/28 17:18:32 UTC,1149393644
2025/05/12 05:09:19 UTC,622781436
2026/05/21 14:50:10 UTC,1254280863
2025/06/17 18:54:18 UTC,679569913
2026/05/21 14:50:42 UTC,1254280863
2025/03/19 05:09:48 UTC,552548184
2026/05/18 13:53:34 UTC,145111864
2026/01/10 08:48:46 UTC,895023964
2026/05/18 13:54:41 UTC,145111864
2025/08/06 00:44:25 UTC,145111864
2026/05/15 04:38:02 UTC,941613523
2025/08/06 00:48:18 UTC,145111864
2026/04/30 23:47:01 UTC,1196386593
2025/03/12 20:02:31 UTC,598592544
2026/04/28 08:11:58 UTC,1391911016
2025/03/12 20:02:37 UTC,598592544
2026/04/25 09:29:26 UTC,427864244
2025/03/12 20:02:45 UTC,598592544
2026/04/25 09:29:34 UTC,427864244
2025/10/13 19:54:46 UTC,561452174
2026/04/25 09:26:52 UTC,427864244
2026/01/21 08:37:37 UTC,1109882063
2026/04/25 09:26:57 UTC,427864244
2025/10/13 18:10:47 UTC,647715984
2026/04/25 09:27:52 UTC,427864244
2025/11/27 20:54:59 UTC,647697194
2026/04/25 09:27:54 UTC,427864244
2025/12/25 21:15:06 UTC,427864244
2026/04/25 09:27:56 UTC,427864244
2025/12/25 21:15:38 UTC,427864244
2026/04/25 09:28:03 UTC,427864244
2025/12/25 21:15:41 UTC,427864244
2026/04/25 09:28:04 UTC,427864244
2025/12/25 21:15:47 UTC,427864244
2026/04/25 09:28:25 UTC,427864244
2025/12/25 21:15:49 UTC,427864244
2026/04/25 09:28:29 UTC,427864244
2025/11/27 18:46:38 UTC,647715984
2026/04/25 09:28:36 UTC,427864244
2025/11/27 18:46:56 UTC,647715984
2026/04/25 09:28:37 UTC,427864244
2025/07/26 00:38:58 UTC,679290413
2026/04/25 09:28:41 UTC,427864244
2025/07/26 00:46:19 UTC,745117573
2026/04/28 23:22:27 UTC,1190657203
2025/12/02 21:28:43 UTC,926830594
2026/04/24 18:57:11 UTC,1390560466
2025/05/26 05:26:41 UTC,620426676
2026/04/24 18:57:13 UTC,1390560466
2025/03/06 04:58:14 UTC,598592544
2026/04/24 18:57:13 UTC,1390560466
2025/03/06 04:58:25 UTC,598592544
2026/04/19 03:14:51 UTC,1149393644
2025/05/02 16:44:07 UTC,145111864
2026/04/19 03:15:29 UTC,1149393644
2025/05/02 17:41:31 UTC,636655976
2026/04/15 08:00:21 UTC,561452174
2024/09/27 02:30:32 UTC,374061034
2026/04/07 15:49:15 UTC,837422456
2025/03/14 11:42:22 UTC,602182194
2026/03/26 11:14:43 UTC,1364349536
2025/06/28 19:24:31 UTC,645616576
2026/03/26 11:16:57 UTC,1143782174
2026/03/11 05:25:37 UTC,1230203754
2025/07/30 06:29:28 UTC,145111864
2024/09/11 02:03:50 UTC,493152633
2025/07/30 06:29:41 UTC,145111864
2024/09/11 02:03:55 UTC,493152633
2025/07/16 23:38:02 UTC,712065733
2025/12/19 00:08:36 UTC,1073426234
2025/07/16 23:38:09 UTC,712065733
2025/02/10 22:33:04 UTC,164094834
2025/07/29 22:53:34 UTC,797867426
2025/08/19 11:29:57 UTC,585498474
2025/07/29 22:53:56 UTC,797867426
2025/08/19 11:33:48 UTC,832066986
2025/07/29 22:55:24 UTC,145111864
2025/08/19 11:33:58 UTC,832066986
2025/07/16 18:40:31 UTC,698860893
2025/05/20 18:09:28 UTC,705094296
2025/09/04 10:46:42 UTC,680320814
2025/05/20 05:33:17 UTC,687801856
2025/09/04 10:46:42 UTC,680320814
2025/08/20 03:01:30 UTC,145111864
2025/07/14 19:50:57 UTC,575422494
2025/12/02 21:28:52 UTC,926830594
2025/08/19 21:37:54 UTC,834431436
2026/01/05 04:57:46 UTC,884932236
2026/01/25 18:37:14 UTC,1124299964
2025/07/14 16:42:13 UTC,427698984
2025/07/25 14:29:43 UTC,751805166
2025/02/28 22:49:33 UTC,586299333
2026/01/05 04:21:14 UTC,895814214
2026/01/25 21:06:56 UTC,699767144
2025/07/06 19:35:47 UTC,712065733
2025/07/25 14:29:08 UTC,751805166
2025/06/04 20:12:06 UTC,647715984
2025/05/29 23:56:24 UTC,625955823
2026/01/25 21:07:02 UTC,699767144
2025/07/14 19:31:28 UTC,575422494
2024/09/15 16:55:48 UTC,420653084
2025/06/04 20:12:12 UTC,647715984
2025/05/29 23:57:53 UTC,625955823
2026/01/25 18:37:52 UTC,1124299964
2025/07/14 19:31:39 UTC,575422494
2025/04/01 18:31:02 UTC,651348406
2025/06/04 20:12:25 UTC,647715984
2025/05/29 23:57:57 UTC,625955823
2025/01/06 09:40:53 UTC,508527044
2025/12/03 18:53:55 UTC,831597686
2025/10/02 18:04:48 UTC,771412874
2025/06/04 20:12:26 UTC,647715984
2025/08/10 21:20:47 UTC,721647814
2025/01/06 09:40:54 UTC,508527044
2025/12/03 18:53:55 UTC,831597686
2025/06/08 04:14:52 UTC,647697194
2025/06/04 20:12:27 UTC,647715984
2025/09/28 05:37:50 UTC,721676514
2025/01/06 09:40:55 UTC,508527044
2025/07/14 16:09:40 UTC,783458986
2026/01/29 02:26:54 UTC,957889186
2025/06/04 20:12:33 UTC,647715984
2025/09/28 05:37:59 UTC,721676514
2025/01/06 09:40:56 UTC,508527044
2025/06/04 20:12:34 UTC,647715984
2025/03/25 20:03:53 UTC,570146944
2025/01/06 09:41:14 UTC,508527044
2025/06/04 20:12:58 UTC,647715984
2025/09/08 16:58:51 UTC,561452174
2025/01/06 09:41:14 UTC,508527044
2025/06/04 20:10:10 UTC,647715984
2025/09/08 16:58:57 UTC,561452174
2025/01/06 09:41:31 UTC,382462454
2025/06/04 20:11:59 UTC,647715984
2025/07/11 15:28:24 UTC,575422494
2025/05/18 19:52:06 UTC,685047456
2025/06/04 20:12:07 UTC,647715984
2025/07/11 15:28:33 UTC,575422494
2025/05/18 19:52:08 UTC,685047456
2025/06/04 20:12:09 UTC,647715984
2025/09/08 04:54:19 UTC,647697194
2025/06/13 00:33:37 UTC,145111864
2025/06/04 20:12:11 UTC,647715984
2025/09/08 04:54:20 UTC,647697194
2025/12/01 15:36:37 UTC,676880284
2025/06/04 20:12:27 UTC,647715984
2025/09/08 04:54:23 UTC,647697194
2025/04/28 05:48:18 UTC,616044076
2025/06/04 20:12:29 UTC,647715984
2025/09/08 04:54:49 UTC,647697194
2025/04/28 06:18:33 UTC,583998463
2025/06/04 20:12:29 UTC,647715984
2025/09/08 04:57:57 UTC,647697194
2026/03/03 18:46:06 UTC,1143782174
2025/06/04 20:12:35 UTC,647715984
2025/09/08 04:58:25 UTC,647697194
2026/03/17 18:01:29 UTC,1112987453
2025/06/04 20:12:35 UTC,647715984
2026/03/13 19:20:08 UTC,647715984
2025/03/10 02:41:46 UTC,616727046
2025/06/04 20:12:36 UTC,647715984
2025/12/27 22:41:09 UTC,990699963
2025/08/17 06:03:58 UTC,832077356
2026/01/15 06:53:16 UTC,927105394
2025/03/03 19:23:53 UTC,632371496
2025/08/17 06:04:18 UTC,832077356
2026/01/15 06:53:19 UTC,927105394
2025/09/07 23:24:59 UTC,757273696
2025/08/17 01:19:55 UTC,722162704
2026/01/15 06:53:21 UTC,927105394
2025/04/20 20:02:58 UTC,640224494
2025/08/17 01:20:14 UTC,722162704
2025/01/28 06:05:13 UTC,262828396
2025/04/20 20:03:15 UTC,640224494
2025/08/17 05:02:57 UTC,145111864
2025/01/28 06:05:13 UTC,262828396
2025/07/03 00:25:51 UTC,695114514
2025/06/07 04:24:14 UTC,543686464
2025/01/28 06:05:13 UTC,262828396
2025/07/03 00:25:51 UTC,695114514
2025/06/07 04:24:30 UTC,543686464
2025/08/22 18:59:52 UTC,809369096
2025/09/09 19:46:02 UTC,647715984
2026/02/12 04:33:08 UTC,898373686
2025/06/11 02:57:28 UTC,707465786
2025/09/09 15:59:28 UTC,647697194
2026/02/12 04:33:47 UTC,898373686
2025/06/11 02:57:33 UTC,707465786
2025/05/27 03:59:06 UTC,688613173
2026/02/12 04:33:50 UTC,898373686
2025/06/11 02:57:54 UTC,707465786
2025/03/17 09:07:01 UTC,532809034
2026/02/12 04:33:52 UTC,898373686
2025/06/11 02:58:03 UTC,707465786
2024/11/03 05:52:19 UTC,506808586
2025/05/05 05:47:06 UTC,684877886
2025/06/11 02:49:21 UTC,707465786
2024/11/03 05:52:21 UTC,506808586
2025/05/05 03:00:16 UTC,684877886
2025/06/11 02:49:23 UTC,707465786
2025/03/05 04:55:14 UTC,616771756
2025/05/05 03:00:17 UTC,684877886
2025/06/11 03:00:15 UTC,707465786
2025/03/05 04:55:19 UTC,616771756
2025/01/05 04:57:44 UTC,313809076
2025/06/11 03:00:19 UTC,707465786
2025/03/04 14:08:33 UTC,637605786
2025/03/31 11:21:57 UTC,632617386
2025/06/11 03:00:42 UTC,707465786
2025/06/30 15:46:11 UTC,145111864
2025/03/01 20:13:19 UTC,164094834
2025/06/11 03:00:42 UTC,707465786
2025/06/30 20:03:35 UTC,145111864
2025/03/01 20:13:22 UTC,164094834
2025/06/11 03:01:08 UTC,707465786
2025/08/12 19:47:06 UTC,575422494
2025/08/07 03:00:14 UTC,721676514
2025/06/11 03:01:15 UTC,707465786
2025/08/12 19:47:20 UTC,575422494
2025/08/07 03:01:02 UTC,721676514
2025/06/11 03:01:47 UTC,707465786
2025/08/12 19:47:23 UTC,575422494
2025/08/07 03:01:07 UTC,721676514
2025/06/11 03:01:59 UTC,707465786
2025/07/17 18:29:08 UTC,707054974
2025/06/11 03:03:01 UTC,707465786
2025/07/17 18:29:23 UTC,707054974
2025/06/11 03:03:14 UTC,707465786
2025/08/07 02:58:28 UTC,721676514
2025/06/11 03:07:23 UTC,707465786
2025/08/07 02:58:37 UTC,721676514
2025/06/11 03:07:27 UTC,707465786
2025/03/31 10:49:18 UTC,623976854
2025/06/11 03:07:42 UTC,707465786
2025/08/07 03:50:26 UTC,743333236
2025/06/11 03:07:46 UTC,707465786
2025/01/03 16:00:12 UTC,563817153
2025/06/11 03:08:12 UTC,707465786
2025/01/03 16:02:49 UTC,563817153
2025/06/11 03:08:14 UTC,707465786
2025/11/04 20:51:24 UTC,771385824
2025/06/11 03:08:34 UTC,707465786
2025/07/27 20:38:16 UTC,742150936
2025/06/11 03:08:35 UTC,707465786
2025/07/27 23:32:56 UTC,742150936
2025/06/11 03:09:15 UTC,707465786
2025/08/21 08:19:32 UTC,832058556
2025/06/11 03:09:23 UTC,707465786
2025/01/06 11:48:54 UTC,200008464
2025/06/11 03:17:31 UTC,707465786
2025/08/24 17:54:15 UTC,767977383
2025/06/11 03:17:34 UTC,707465786
2025/04/23 07:03:40 UTC,664281396
2025/06/11 03:18:00 UTC,707465786
2025/04/23 09:06:08 UTC,620444636
2025/06/11 03:18:00 UTC,707465786
2026/02/13 09:08:48 UTC,898373686
2025/06/11 03:18:20 UTC,707465786
2025/10/09 04:18:58 UTC,886154996
2025/06/11 03:18:26 UTC,707465786
2025/01/05 08:39:37 UTC,532357004
2025/06/11 03:18:46 UTC,707465786
2025/01/05 09:38:54 UTC,479722234
2025/06/11 03:18:50 UTC,707465786
2025/09/14 07:35:31 UTC,853700356
2025/07/15 17:35:17 UTC,695384596
2025/09/14 07:35:40 UTC,853700356
2025/07/10 19:41:35 UTC,699249414
2025/09/15 03:23:46 UTC,449454476
2025/08/28 23:11:29 UTC,449500676
2025/10/25 00:57:50 UTC,718080814
2025/09/24 08:38:04 UTC,870268676
2025/07/18 12:15:21 UTC,796656616
2025/09/24 08:38:06 UTC,870268676
2025/07/18 12:15:58 UTC,796656616
2025/09/24 08:38:08 UTC,870268676
2025/07/18 12:18:08 UTC,647715984
2025/09/24 08:38:15 UTC,870268676
2025/02/06 01:51:08 UTC,506808586
2025/09/24 08:38:16 UTC,870268676
2025/02/06 01:51:10 UTC,506808586
2025/09/24 08:38:31 UTC,870268676
2025/07/18 18:29:21 UTC,585527534
2025/09/24 08:38:40 UTC,870268676
2025/07/18 18:29:23 UTC,585527534
2025/09/24 08:38:42 UTC,870268676
2025/07/18 18:30:05 UTC,585527534
2025/09/24 08:38:08 UTC,870268676
2025/07/18 18:31:17 UTC,585527534
2025/09/24 08:38:09 UTC,870268676
2024/12/02 05:35:43 UTC,545960016
2025/09/24 08:38:10 UTC,870268676
2024/12/02 05:35:44 UTC,545960016
2025/09/24 08:38:12 UTC,870268676
2024/12/02 05:35:59 UTC,545960016
2025/09/24 08:38:13 UTC,870268676
2025/03/07 02:03:26 UTC,427864244
2025/09/24 08:38:19 UTC,870268676
2025/03/07 02:03:30 UTC,427864244
2025/09/24 08:38:36 UTC,870268676
2025/03/07 02:24:37 UTC,639823116
2025/09/24 08:38:40 UTC,870268676
2025/12/31 07:20:58 UTC,826884554
2025/09/24 08:38:40 UTC,870268676
2025/12/20 00:00:37 UTC,884932236
2025/09/24 08:38:41 UTC,870268676
2025/02/04 20:09:48 UTC,506808586
2025/04/28 17:51:32 UTC,616044076
2025/02/04 20:09:52 UTC,506808586
2025/07/20 20:04:45 UTC,696511533
2025/08/22 03:44:30 UTC,721932554
2025/07/20 20:04:46 UTC,696511533
2025/08/22 05:22:37 UTC,832334586
2025/07/20 20:04:47 UTC,696511533
2025/12/12 18:35:31 UTC,895070114
2026/01/16 21:40:49 UTC,561461204
2025/05/01 05:49:05 UTC,568407026
2025/09/22 19:40:26 UTC,832154826
2025/06/05 19:38:03 UTC,623746304
2024/12/19 19:41:45 UTC,513805306
2025/09/17 23:04:25 UTC,747893984
2024/12/19 19:41:55 UTC,374060454
2025/09/17 23:04:29 UTC,747893984
2025/09/09 16:00:21 UTC,647697194
2026/02/06 00:12:39 UTC,1100110983
2025/09/09 16:00:21 UTC,647697194
2025/07/13 01:01:01 UTC,751607016
2025/04/06 03:48:45 UTC,630500024
2025/07/13 01:01:10 UTC,751607016
2025/04/06 03:48:46 UTC,630500024
2026/03/18 21:59:25 UTC,1370017496
2025/11/13 11:22:43 UTC,895023964
2025/07/07 19:09:24 UTC,145111864
2025/11/13 11:22:50 UTC,895023964
2025/07/07 20:08:01 UTC,427698984
2025/03/16 03:23:57 UTC,578130916
2025/07/07 20:08:01 UTC,427698984
2025/03/15 21:41:58 UTC,578130916
2025/07/07 19:09:00 UTC,145111864
2025/10/11 03:23:34 UTC,746029763
2025/06/27 16:29:57 UTC,427698984
2024/10/01 04:30:50 UTC,507851543
2025/04/08 23:00:13 UTC,641234276
2024/10/01 04:30:50 UTC,507851543
2025/04/08 22:59:50 UTC,625955823
2026/01/22 08:12:07 UTC,1090602934
2025/04/08 22:59:51 UTC,625955823
2026/01/22 08:11:58 UTC,1090602934
2025/04/08 22:59:56 UTC,625955823
2026/01/22 08:12:03 UTC,1090602934
2025/02/22 16:02:41 UTC,145111864
2026/01/22 08:12:07 UTC,1090602934
2025/02/22 16:12:22 UTC,145111864
2025/01/09 08:21:54 UTC,510712374
2025/10/07 13:38:17 UTC,647697194
2025/02/17 21:11:45 UTC,619146926
2025/10/07 13:38:20 UTC,647697194
2025/09/18 15:56:44 UTC,561452174
2026/02/04 01:54:59 UTC,1135095344
2025/10/16 12:51:06 UTC,905463666
2026/02/04 01:55:04 UTC,1135095344
2024/12/07 23:36:58 UTC,339300584
2025/02/22 20:21:18 UTC,622616386
2025/09/03 10:39:36 UTC,575422494
2025/10/07 13:37:56 UTC,647697194
2025/09/03 10:39:46 UTC,575422494
2025/08/03 16:07:02 UTC,449454476
2025/09/03 10:39:46 UTC,575422494
2025/08/03 20:42:06 UTC,631681716
2024/11/03 13:01:36 UTC,461322276
2026/01/15 13:09:30 UTC,647715984
2024/11/03 13:01:40 UTC,461322276
2025/06/11 19:46:21 UTC,561461204
2024/11/03 13:02:30 UTC,461322276
2024/11/11 21:36:50 UTC,449954766
2025/08/13 04:36:51 UTC,797867426
2025/06/11 19:44:23 UTC,561461204
2025/08/13 04:36:57 UTC,797867426
2025/06/11 19:46:20 UTC,561461204
2025/09/28 21:15:30 UTC,875538206
2025/06/11 19:46:58 UTC,561461204
2025/09/28 21:18:14 UTC,875538206
2025/06/11 19:46:59 UTC,561461204
2025/08/07 20:29:22 UTC,746555723
2025/08/29 22:11:11 UTC,647715984
2025/08/08 02:26:04 UTC,743295256
2025/07/03 18:05:08 UTC,627055486
2025/07/29 02:16:35 UTC,712478634
2025/03/10 22:30:04 UTC,611522036
2025/07/29 02:16:55 UTC,712478634
2025/10/16 01:18:35 UTC,716885573
2025/07/29 02:17:07 UTC,712478634
2025/10/16 01:18:36 UTC,716885573
2025/07/29 02:17:20 UTC,712478634
2025/08/17 16:42:55 UTC,754791596
2025/09/16 03:58:38 UTC,145111864
2025/08/17 16:43:12 UTC,754791596
2025/09/16 05:08:49 UTC,688613173
2025/06/15 04:25:05 UTC,715485756
2025/06/15 04:25:12 UTC,715485756
2025/06/15 04:25:13 UTC,715485756
2025/06/15 04:25:42 UTC,715485756
2025/06/15 04:26:21 UTC,715485756
2025/06/15 04:26:38 UTC,715485756
2025/06/06 02:07:54 UTC,676844004
2026/08/26 08:49:43 UTC,926587194
2025/02/15 22:52:46 UTC,611522036
2026/08/25 06:23:15 UTC,145111864
2026/03/14 20:39:42 UTC,1144110564
2026/08/25 07:13:51 UTC,145111864
2025/08/28 05:23:39 UTC,809369096
2026/08/24 06:16:43 UTC,943208224
2025/06/18 08:24:44 UTC,681230796
2026/08/24 04:40:36 UTC,1456116993
2025/03/20 18:58:07 UTC,646621023
2026/08/24 02:57:19 UTC,1397534356
2025/03/20 18:58:12 UTC,646621023
2026/08/24 02:57:20 UTC,1397534356
2025/02/06 18:32:23 UTC,575437294
2026/08/24 02:59:03 UTC,1480129936
2025/02/06 18:32:45 UTC,575437294
2026/08/24 02:59:11 UTC,1480129936
2025/02/06 18:32:48 UTC,575437294
2026/08/24 04:43:07 UTC,1476575834
2025/02/06 18:32:52 UTC,575437294
2026/08/24 04:43:13 UTC,1476575834
2025/02/06 18:32:57 UTC,575437294
2026/08/22 20:01:53 UTC,145111864
2025/02/06 18:33:07 UTC,575437294
2026/08/24 06:18:00 UTC,145111864
2025/02/06 18:33:16 UTC,575437294
2026/08/21 19:47:14 UTC,1467174814
2025/02/06 18:33:19 UTC,575437294
2026/08/21 19:47:18 UTC,1467174814
2025/06/18 17:16:39 UTC,640914144
2026/08/26 16:33:32 UTC,1539562766
2025/03/30 01:02:23 UTC,564508746
2026/08/20 08:04:54 UTC,145111864
2025/03/30 01:02:34 UTC,564508746
2026/08/26 13:46:07 UTC,1535520266
2025/03/30 01:02:50 UTC,564508746
2026/08/29 20:08:25 UTC,145111864
2025/04/13 04:52:02 UTC,631208796
2026/08/29 20:09:29 UTC,145111864
2025/08/01 17:53:13 UTC,561452174
2026/08/18 10:58:04 UTC,1535996526
2025/08/01 17:53:04 UTC,561452174
2026/08/17 17:43:18 UTC,164094834
2025/08/01 17:53:15 UTC,561452174
2026/08/17 08:49:23 UTC,1465176814
2025/08/01 21:48:10 UTC,712197444
2026/08/07 05:13:42 UTC,1476575834
2025/08/01 22:03:46 UTC,717350204
2026/08/07 05:13:45 UTC,1476575834
2025/08/02 01:51:30 UTC,732113936
2026/08/07 05:13:46 UTC,1476575834
2025/08/02 01:52:48 UTC,797867426
2026/08/08 05:04:34 UTC,1456237153
2025/06/04 04:59:59 UTC,620748676
2026/08/08 05:04:50 UTC,1456237153
2025/06/04 03:37:22 UTC,620748676
2026/08/08 05:04:50 UTC,1456237153
2025/06/04 03:37:28 UTC,620748676
2026/08/06 12:23:39 UTC,145111864
2025/08/01 20:02:30 UTC,676880284
2026/08/06 01:55:38 UTC,1528586166
2025/08/01 20:02:38 UTC,676880284
2026/08/15 09:13:33 UTC,1477073634
2025/08/01 20:02:44 UTC,676880284
2026/08/04 04:10:07 UTC,145111864
2025/08/01 21:19:21 UTC,797873656
2026/08/13 01:32:05 UTC,1543564296
2025/06/04 01:01:58 UTC,620748676
2026/07/29 04:08:57 UTC,1149393644
2025/06/04 01:02:20 UTC,620748676
2026/08/10 23:36:34 UTC,1535520266
2025/06/04 01:02:26 UTC,620748676
2026/07/26 05:34:55 UTC,1451496406
2025/07/13 04:53:51 UTC,648321536
2026/07/27 09:05:29 UTC,145111864
2025/07/13 04:56:51 UTC,685324024
2026/07/27 03:58:30 UTC,1230238214
2025/07/13 04:56:56 UTC,685324024
2026/07/27 03:58:31 UTC,145111864
2025/09/10 07:16:04 UTC,756936483
2026/07/27 03:59:50 UTC,145111864
2025/08/01 01:19:42 UTC,799772616
2026/07/25 01:12:52 UTC,1230029424
2025/08/01 01:19:44 UTC,799772616
2026/07/24 15:48:19 UTC,145111864
2025/07/13 00:59:14 UTC,783476716
2026/07/24 15:48:54 UTC,145111864
2025/07/13 04:09:32 UTC,707073824
2026/07/24 15:47:44 UTC,1465176814
2025/08/08 08:48:46 UTC,721676514
2026/07/22 14:30:48 UTC,1451526556
2025/04/09 19:17:56 UTC,664281396
2026/07/20 20:29:50 UTC,1439140326
2025/04/09 17:32:32 UTC,611584536
2026/07/22 03:41:46 UTC,164094834
2025/04/09 10:34:55 UTC,630500024
2026/07/18 06:35:40 UTC,1502217916
2025/04/09 10:34:56 UTC,630500024
2026/07/18 06:35:46 UTC,1502217916
2025/08/11 04:20:54 UTC,754723596
2026/07/18 06:35:47 UTC,1502217916
2025/08/11 04:22:05 UTC,145111864
2026/07/10 01:49:09 UTC,1230029424
2025/08/20 19:44:04 UTC,680320814
2026/05/08 00:18:09 UTC,1393313916
2025/08/20 19:43:02 UTC,680320814
2026/06/25 06:29:59 UTC,145111864
2025/08/20 19:43:58 UTC,680320814
2026/06/25 06:23:36 UTC,145111864
2025/04/03 21:48:29 UTC,145111864
2026/05/08 05:10:11 UTC,145111864
2025/08/21 05:05:55 UTC,717183124
2026/05/31 23:22:32 UTC,848692913
2025/07/02 02:04:46 UTC,145111864
2026/05/31 23:22:32 UTC,848692913
2025/06/25 19:05:14 UTC,550492743
2026/05/31 23:24:47 UTC,848692913
2025/07/31 05:43:30 UTC,794391316
2026/05/28 17:18:32 UTC,1149393644
2025/05/12 05:09:19 UTC,622781436
2026/05/21 14:50:10 UTC,1254280863
2025/06/17 18:54:18 UTC,679569913
2026/05/21 14:50:42 UTC,1254280863
2025/03/19 05:09:48 UTC,552548184
2026/05/18 13:53:34 UTC,145111864
2026/01/10 08:48:46 UTC,895023964
2026/05/18 13:54:41 UTC,145111864
2025/08/06 00:44:25 UTC,145111864
2026/05/15 04:38:02 UTC,941613523
2025/08/06 00:48:18 UTC,145111864
2026/04/30 23:47:01 UTC,1196386593
2025/03/12 20:02:31 UTC,598592544
2026/04/28 08:11:58 UTC,1391911016
2025/03/12 20:02:37 UTC,598592544
2026/04/25 09:29:26 UTC,427864244
2025/03/12 20:02:45 UTC,598592544
2026/04/25 09:29:34 UTC,427864244
2025/10/13 19:54:46 UTC,561452174
2026/04/25 09:26:52 UTC,427864244
2026/01/21 08:37:37 UTC,1109882063
2026/04/25 09:26:57 UTC,427864244
2025/10/13 18:10:47 UTC,647715984
2026/04/25 09:27:52 UTC,427864244
2025/11/27 20:54:59 UTC,647697194
2026/04/25 09:27:54 UTC,427864244
2025/12/25 21:15:06 UTC,427864244
2026/04/25 09:27:56 UTC,427864244
2025/12/25 21:15:38 UTC,427864244
2026/04/25 09:28:03 UTC,427864244
2025/12/25 21:15:41 UTC,427864244
2026/04/25 09:28:04 UTC,427864244
2025/12/25 21:15:47 UTC,427864244
2026/04/25 09:28:25 UTC,427864244
2025/12/25 21:15:49 UTC,427864244
2026/04/25 09:28:29 UTC,427864244
2025/11/27 18:46:38 UTC,647715984
2026/04/25 09:28:36 UTC,427864244
2025/11/27 18:46:56 UTC,647715984
2026/04/25 09:28:37 UTC,427864244
2025/07/26 00:38:58 UTC,679290413
2026/04/25 09:28:41 UTC,427864244
2025/07/26 00:46:19 UTC,745117573
2026/04/28 23:22:27 UTC,1190657203
2025/12/02 21:28:43 UTC,926830594
2026/04/24 18:57:11 UTC,1390560466
2025/05/26 05:26:41 UTC,620426676
2026/04/24 18:57:13 UTC,1390560466
2025/03/06 04:58:14 UTC,598592544
2026/04/24 18:57:13 UTC,1390560466
2025/03/06 04:58:25 UTC,598592544
2026/04/19 03:14:51 UTC,1149393644
2025/05/02 16:44:07 UTC,145111864
2026/04/19 03:15:29 UTC,1149393644
2025/05/02 17:41:31 UTC,636655976
2026/04/15 08:00:21 UTC,561452174
2024/09/27 02:30:32 UTC,374061034
2026/04/07 15:49:15 UTC,837422456
2025/03/14 11:42:22 UTC,602182194
2026/03/26 11:14:43 UTC,1364349536
2025/06/28 19:24:31 UTC,645616576
2026/03/26 11:16:57 UTC,1143782174
2026/03/11 05:25:37 UTC,1230203754
2025/07/30 06:29:28 UTC,145111864
2024/09/11 02:03:50 UTC,493152633
2025/07/30 06:29:41 UTC,145111864
2024/09/11 02:03:55 UTC,493152633
2025/07/16 23:38:02 UTC,712065733
2025/12/19 00:08:36 UTC,1073426234
2025/07/16 23:38:09 UTC,712065733
2025/02/10 22:33:04 UTC,164094834
2025/07/29 22:53:34 UTC,797867426
2025/08/19 11:29:57 UTC,585498474
2025/07/29 22:53:56 UTC,797867426
2025/08/19 11:33:48 UTC,832066986
2025/07/29 22:55:24 UTC,145111864
2025/08/19 11:33:58 UTC,832066986
2025/07/16 18:40:31 UTC,698860893
2025/05/20 18:09:28 UTC,705094296
2025/09/04 10:46:42 UTC,680320814
2025/05/20 05:33:17 UTC,687801856
2025/09/04 10:46:42 UTC,680320814
2025/08/20 03:01:30 UTC,145111864
2025/07/14 19:50:57 UTC,575422494
2025/12/02 21:28:52 UTC,926830594
2025/08/19 21:37:54 UTC,834431436
2026/01/05 04:57:46 UTC,884932236
2026/01/25 18:37:14 UTC,1124299964
2025/07/14 16:42:13 UTC,427698984
2025/07/25 14:29:43 UTC,751805166
2025/02/28 22:49:33 UTC,586299333
2026/01/05 04:21:14 UTC,895814214
2026/01/25 21:06:56 UTC,699767144
2025/07/06 19:35:47 UTC,712065733
2025/07/25 14:29:08 UTC,751805166
2025/06/04 20:12:06 UTC,647715984
2025/05/29 23:56:24 UTC,625955823
2026/01/25 21:07:02 UTC,699767144
2025/07/14 19:31:28 UTC,575422494
2024/09/15 16:55:48 UTC,420653084
2025/06/04 20:12:12 UTC,647715984
2025/05/29 23:57:53 UTC,625955823
2026/01/25 18:37:52 UTC,1124299964
2025/07/14 19:31:39 UTC,575422494
2025/04/01 18:31:02 UTC,651348406
2025/06/04 20:12:25 UTC,647715984
2025/05/29 23:57:57 UTC,625955823
2025/01/06 09:40:53 UTC,508527044
2025/12/03 18:53:55 UTC,831597686
2025/10/02 18:04:48 UTC,771412874
2025/06/04 20:12:26 UTC,647715984
2025/08/10 21:20:47 UTC,721647814
2025/01/06 09:40:54 UTC,508527044
2025/12/03 18:53:55 UTC,831597686
2025/06/08 04:14:52 UTC,647697194
2025/06/04 20:12:27 UTC,647715984
2025/09/28 05:37:50 UTC,721676514
2025/01/06 09:40:55 UTC,508527044
2025/07/14 16:09:40 UTC,783458986
2026/01/29 02:26:54 UTC,957889186
2025/06/04 20:12:33 UTC,647715984
2025/09/28 05:37:59 UTC,721676514
2025/01/06 09:40:56 UTC,508527044
2025/06/04 20:12:34 UTC,647715984
2025/03/25 20:03:53 UTC,570146944
2025/01/06 09:41:14 UTC,508527044
2025/06/04 20:12:58 UTC,647715984
2025/09/08 16:58:51 UTC,561452174
2025/01/06 09:41:14 UTC,508527044
2025/06/04 20:10:10 UTC,647715984
2025/09/08 16:58:57 UTC,561452174
2025/01/06 09:41:31 UTC,382462454
2025/06/04 20:11:59 UTC,647715984
2025/07/11 15:28:24 UTC,575422494
2025/05/18 19:52:06 UTC,685047456
2025/06/04 20:12:07 UTC,647715984
2025/07/11 15:28:33 UTC,575422494
2025/05/18 19:52:08 UTC,685047456
2025/06/04 20:12:09 UTC,647715984
2025/09/08 04:54:19 UTC,647697194
2025/06/13 00:33:37 UTC,145111864
2025/06/04 20:12:11 UTC,647715984
2025/09/08 04:54:20 UTC,647697194
2025/12/01 15:36:37 UTC,676880284
2025/06/04 20:12:27 UTC,647715984
2025/09/08 04:54:23 UTC,647697194
2025/04/28 05:48:18 UTC,616044076
2025/06/04 20:12:29 UTC,647715984
2025/09/08 04:54:49 UTC,647697194
2025/04/28 06:18:33 UTC,583998463
2025/06/04 20:12:29 UTC,647715984
2025/09/08 04:57:57 UTC,647697194
2026/03/03 18:46:06 UTC,1143782174
2025/06/04 20:12:35 UTC,647715984
2025/09/08 04:58:25 UTC,647697194
2026/03/17 18:01:29 UTC,1112987453
2025/06/04 20:12:35 UTC,647715984
2026/03/13 19:20:08 UTC,647715984
2025/03/10 02:41:46 UTC,616727046
2025/06/04 20:12:36 UTC,647715984
2025/12/27 22:41:09 UTC,990699963
2025/08/17 06:03:58 UTC,832077356
2026/01/15 06:53:16 UTC,927105394
2025/03/03 19:23:53 UTC,632371496
2025/08/17 06:04:18 UTC,832077356
2026/01/15 06:53:19 UTC,927105394
2025/09/07 23:24:59 UTC,757273696
2025/08/17 01:19:55 UTC,722162704
2026/01/15 06:53:21 UTC,927105394
2025/04/20 20:02:58 UTC,640224494
2025/08/17 01:20:14 UTC,722162704
2025/01/28 06:05:13 UTC,262828396
2025/04/20 20:03:15 UTC,640224494
2025/08/17 05:02:57 UTC,145111864
2025/01/28 06:05:13 UTC,262828396
2025/07/03 00:25:51 UTC,695114514
2025/06/07 04:24:14 UTC,543686464
2025/01/28 06:05:13 UTC,262828396
2025/07/03 00:25:51 UTC,695114514
2025/06/07 04:24:30 UTC,543686464
2025/08/22 18:59:52 UTC,809369096
2025/09/09 19:46:02 UTC,647715984
2026/02/12 04:33:08 UTC,898373686
2025/06/11 02:57:28 UTC,707465786
2025/09/09 15:59:28 UTC,647697194
2026/02/12 04:33:47 UTC,898373686
2025/06/11 02:57:33 UTC,707465786
2025/05/27 03:59:06 UTC,688613173
2026/02/12 04:33:50 UTC,898373686
2025/06/11 02:57:54 UTC,707465786
2025/03/17 09:07:01 UTC,532809034
2026/02/12 04:33:52 UTC,898373686
2025/06/11 02:58:03 UTC,707465786
2024/11/03 05:52:19 UTC,506808586
2025/05/05 05:47:06 UTC,684877886
2025/06/11 02:49:21 UTC,707465786
2024/11/03 05:52:21 UTC,506808586
2025/05/05 03:00:16 UTC,684877886
2025/06/11 02:49:23 UTC,707465786
2025/03/05 04:55:14 UTC,616771756
2025/05/05 03:00:17 UTC,684877886
2025/06/11 03:00:15 UTC,707465786
2025/03/05 04:55:19 UTC,616771756
2025/01/05 04:57:44 UTC,313809076
2025/06/11 03:00:19 UTC,707465786
2025/03/04 14:08:33 UTC,637605786
2025/03/31 11:21:57 UTC,632617386
2025/06/11 03:00:42 UTC,707465786
2025/06/30 15:46:11 UTC,145111864
2025/03/01 20:13:19 UTC,164094834
2025/06/11 03:00:42 UTC,707465786
2025/06/30 20:03:35 UTC,145111864
2025/03/01 20:13:22 UTC,164094834
2025/06/11 03:01:08 UTC,707465786
2025/08/12 19:47:06 UTC,575422494
2025/08/07 03:00:14 UTC,721676514
2025/06/11 03:01:15 UTC,707465786
2025/08/12 19:47:20 UTC,575422494
2025/08/07 03:01:02 UTC,721676514
2025/06/11 03:01:47 UTC,707465786
2025/08/12 19:47:23 UTC,575422494
2025/08/07 03:01:07 UTC,721676514
2025/06/11 03:01:59 UTC,707465786
2025/07/17 18:29:08 UTC,707054974
2025/06/11 03:03:01 UTC,707465786
2025/07/17 18:29:23 UTC,707054974
2025/06/11 03:03:14 UTC,707465786
2025/08/07 02:58:28 UTC,721676514
2025/06/11 03:07:23 UTC,707465786
2025/08/07 02:58:37 UTC,721676514
2025/06/11 03:07:27 UTC,707465786
2025/03/31 10:49:18 UTC,623976854
2025/06/11 03:07:42 UTC,707465786
2025/08/07 03:50:26 UTC,743333236
2025/06/11 03:07:46 UTC,707465786
2025/01/03 16:00:12 UTC,563817153
2025/06/11 03:08:12 UTC,707465786
2025/01/03 16:02:49 UTC,563817153
2025/06/11 03:08:14 UTC,707465786
2025/11/04 20:51:24 UTC,771385824
2025/06/11 03:08:34 UTC,707465786
2025/07/27 20:38:16 UTC,742150936
2025/06/11 03:08:35 UTC,707465786
2025/07/27 23:32:56 UTC,742150936
2025/06/11 03:09:15 UTC,707465786
2025/08/21 08:19:32 UTC,832058556
2025/06/11 03:09:23 UTC,707465786
2025/01/06 11:48:54 UTC,200008464
2025/06/11 03:17:31 UTC,707465786
2025/08/24 17:54:15 UTC,767977383
2025/06/11 03:17:34 UTC,707465786
2025/04/23 07:03:40 UTC,664281396
2025/06/11 03:18:00 UTC,707465786
2025/04/23 09:06:08 UTC,620444636
2025/06/11 03:18:00 UTC,707465786
2026/02/13 09:08:48 UTC,898373686
2025/06/11 03:18:20 UTC,707465786
2025/10/09 04:18:58 UTC,886154996
2025/06/11 03:18:26 UTC,707465786
2025/01/05 08:39:37 UTC,532357004
2025/06/11 03:18:46 UTC,707465786
2025/01/05 09:38:54 UTC,479722234
2025/06/11 03:18:50 UTC,707465786
2025/09/14 07:35:31 UTC,853700356
2025/07/15 17:35:17 UTC,695384596
2025/09/14 07:35:40 UTC,853700356
2025/07/10 19:41:35 UTC,699249414
2025/09/15 03:23:46 UTC,449454476
2025/08/28 23:11:29 UTC,449500676
2025/10/25 00:57:50 UTC,718080814
2025/09/24 08:38:04 UTC,870268676
2025/07/18 12:15:21 UTC,796656616
2025/09/24 08:38:06 UTC,870268676
2025/07/18 12:15:58 UTC,796656616
2025/09/24 08:38:08 UTC,870268676
2025/07/18 12:18:08 UTC,647715984
2025/09/24 08:38:15 UTC,870268676
2025/02/06 01:51:08 UTC,506808586
2025/09/24 08:38:16 UTC,870268676
2025/02/06 01:51:10 UTC,506808586
2025/09/24 08:38:31 UTC,870268676
2025/07/18 18:29:21 UTC,585527534
2025/09/24 08:38:40 UTC,870268676
2025/07/18 18:29:23 UTC,585527534
2025/09/24 08:38:42 UTC,870268676
2025/07/18 18:30:05 UTC,585527534
2025/09/24 08:38:08 UTC,870268676
2025/07/18 18:31:17 UTC,585527534
2025/09/24 08:38:09 UTC,870268676
2024/12/02 05:35:43 UTC,545960016
2025/09/24 08:38:10 UTC,870268676
2024/12/02 05:35:44 UTC,545960016
2025/09/24 08:38:12 UTC,870268676
2024/12/02 05:35:59 UTC,545960016
2025/09/24 08:38:13 UTC,870268676
2025/03/07 02:03:26 UTC,427864244
2025/09/24 08:38:19 UTC,870268676
2025/03/07 02:03:30 UTC,427864244
2025/09/24 08:38:36 UTC,870268676
2025/03/07 02:24:37 UTC,639823116
2025/09/24 08:38:40 UTC,870268676
2025/12/31 07:20:58 UTC,826884554
2025/09/24 08:38:40 UTC,870268676
2025/12/20 00:00:37 UTC,884932236
2025/09/24 08:38:41 UTC,870268676
2025/02/04 20:09:48 UTC,506808586
2025/04/28 17:51:32 UTC,616044076
2025/02/04 20:09:52 UTC,506808586
2025/07/20 20:04:45 UTC,696511533
2025/08/22 03:44:30 UTC,721932554
2025/07/20 20:04:46 UTC,696511533
2025/08/22 05:22:37 UTC,832334586
2025/07/20 20:04:47 UTC,696511533
2025/12/12 18:35:31 UTC,895070114
2026/01/16 21:40:49 UTC,561461204
2025/05/01 05:49:05 UTC,568407026
2025/09/22 19:40:26 UTC,832154826
2025/06/05 19:38:03 UTC,623746304
2024/12/19 19:41:45 UTC,513805306
2025/09/17 23:04:25 UTC,747893984
2024/12/19 19:41:55 UTC,374060454
2025/09/17 23:04:29 UTC,747893984
2025/09/09 16:00:21 UTC,647697194
2026/02/06 00:12:39 UTC,1100110983
2025/09/09 16:00:21 UTC,647697194
2025/07/13 01:01:01 UTC,751607016
2025/04/06 03:48:45 UTC,630500024
2025/07/13 01:01:10 UTC,751607016
2025/04/06 03:48:46 UTC,630500024
2026/03/18 21:59:25 UTC,1370017496
2025/11/13 11:22:43 UTC,895023964
2025/07/07 19:09:24 UTC,145111864
2025/11/13 11:22:50 UTC,895023964
2025/07/07 20:08:01 UTC,427698984
2025/03/16 03:23:57 UTC,578130916
2025/07/07 20:08:01 UTC,427698984
2025/03/15 21:41:58 UTC,578130916
2025/07/07 19:09:00 UTC,145111864
2025/10/11 03:23:34 UTC,746029763
2025/06/27 16:29:57 UTC,427698984
2024/10/01 04:30:50 UTC,507851543
2025/04/08 23:00:13 UTC,641234276
2024/10/01 04:30:50 UTC,507851543
2025/04/08 22:59:50 UTC,625955823
2026/01/22 08:12:07 UTC,1090602934
2025/04/08 22:59:51 UTC,625955823
2026/01/22 08:11:58 UTC,1090602934
2025/04/08 22:59:56 UTC,625955823
2026/01/22 08:12:03 UTC,1090602934
2025/02/22 16:02:41 UTC,145111864
2026/01/22 08:12:07 UTC,1090602934
2025/02/22 16:12:22 UTC,145111864
2025/01/09 08:21:54 UTC,510712374
2025/10/07 13:38:17 UTC,647697194
2025/02/17 21:11:45 UTC,619146926
2025/10/07 13:38:20 UTC,647697194
2025/09/18 15:56:44 UTC,561452174
2026/02/04 01:54:59 UTC,1135095344
2025/10/16 12:51:06 UTC,905463666
2026/02/04 01:55:04 UTC,1135095344
2024/12/07 23:36:58 UTC,339300584
2025/02/22 20:21:18 UTC,622616386
2025/09/03 10:39:36 UTC,575422494
2025/10/07 13:37:56 UTC,647697194
2025/09/03 10:39:46 UTC,575422494
2025/08/03 16:07:02 UTC,449454476
2025/09/03 10:39:46 UTC,575422494
2025/08/03 20:42:06 UTC,631681716
2024/11/03 13:01:36 UTC,461322276
2026/01/15 13:09:30 UTC,647715984
2024/11/03 13:01:40 UTC,461322276
2025/06/11 19:46:21 UTC,561461204
2024/11/03 13:02:30 UTC,461322276
2024/11/11 21:36:50 UTC,449954766
2025/08/13 04:36:51 UTC,797867426
2025/06/11 19:44:23 UTC,561461204
2025/08/13 04:36:57 UTC,797867426
2025/06/11 19:46:20 UTC,561461204
2025/09/28 21:15:30 UTC,875538206
2025/06/11 19:46:58 UTC,561461204
2025/09/28 21:18:14 UTC,875538206
2025/06/11 19:46:59 UTC,561461204
2025/08/07 20:29:22 UTC,746555723
2025/08/29 22:11:11 UTC,647715984
2025/08/08 02:26:04 UTC,743295256
2025/07/03 18:05:08 UTC,627055486
2025/07/29 02:16:35 UTC,712478634
2025/03/10 22:30:04 UTC,611522036
2025/07/29 02:16:55 UTC,712478634
2025/10/16 01:18:35 UTC,716885573
2025/07/29 02:17:07 UTC,712478634
2025/10/16 01:18:36 UTC,716885573
2025/07/29 02:17:20 UTC,712478634
2025/08/17 16:42:55 UTC,754791596
2025/09/16 03:58:38 UTC,145111864
2025/08/17 16:43:12 UTC,754791596
2025/09/16 05:08:49 UTC,688613173
2025/06/15 04:25:05 UTC,715485756
2025/06/15 04:25:12 UTC,715485756
2025/06/15 04:25:13 UTC,715485756
2025/06/15 04:25:42 UTC,715485756
2025/06/15 04:26:21 UTC,715485756
2025/06/15 04:26:38 UTC,715485756
2025/06/06 02:07:54 UTC,676844004
2026/08/26 08:49:43 UTC,926587194
2025/02/15 22:52:46 UTC,611522036
2026/08/25 06:23:15 UTC,145111864
2026/03/14 20:39:42 UTC,1144110564
2026/08/25 07:13:51 UTC,145111864
2025/08/28 05:23:39 UTC,809369096
2026/08/24 06:16:43 UTC,943208224
2025/06/18 08:24:44 UTC,681230796
2026/08/24 04:40:36 UTC,1456116993
2025/03/20 18:58:07 UTC,646621023
2026/08/24 02:57:19 UTC,1397534356
2025/03/20 18:58:12 UTC,646621023
2026/08/24 02:57:20 UTC,1397534356
2025/02/06 18:32:23 UTC,575437294
2026/08/24 02:59:03 UTC,1480129936
2025/02/06 18:32:45 UTC,575437294
2026/08/24 02:59:11 UTC,1480129936
2025/02/06 18:32:48 UTC,575437294
2026/08/24 04:43:07 UTC,1476575834
2025/02/06 18:32:52 UTC,575437294
2026/08/24 04:43:13 UTC,1476575834
2025/02/06 18:32:57 UTC,575437294
2026/08/22 20:01:53 UTC,145111864
2025/02/06 18:33:07 UTC,575437294
2026/08/24 06:18:00 UTC,145111864
2025/02/06 18:33:16 UTC,575437294
2026/08/21 19:47:14 UTC,1467174814
2025/02/06 18:33:19 UTC,575437294
2026/08/21 19:47:18 UTC,1467174814
2025/06/18 17:16:39 UTC,640914144
2026/08/26 16:33:32 UTC,1539562766
2025/03/30 01:02:23 UTC,564508746
2026/08/20 08:04:54 UTC,145111864
2025/03/30 01:02:34 UTC,564508746
2026/08/26 13:46:07 UTC,1535520266
2025/03/30 01:02:50 UTC,564508746
2026/08/29 20:08:25 UTC,145111864
2025/04/13 04:52:02 UTC,631208796
2026/08/29 20:09:29 UTC,145111864
2025/08/01 17:53:13 UTC,561452174
2026/08/18 10:58:04 UTC,1535996526
2025/08/01 17:53:04 UTC,561452174
2026/08/17 17:43:18 UTC,164094834
2025/08/01 17:53:15 UTC,561452174
2026/08/17 08:49:23 UTC,1465176814
2025/08/01 21:48:10 UTC,712197444
2026/08/07 05:13:42 UTC,1476575834
2025/08/01 22:03:46 UTC,717350204
2026/08/07 05:13:45 UTC,1476575834
2025/08/02 01:51:30 UTC,732113936
2026/08/07 05:13:46 UTC,1476575834
2025/08/02 01:52:48 UTC,797867426
2026/08/08 05:04:34 UTC,1456237153
2025/06/04 04:59:59 UTC,620748676
2026/08/08 05:04:50 UTC,1456237153
2025/06/04 03:37:22 UTC,620748676
2026/08/08 05:04:50 UTC,1456237153
2025/06/04 03:37:28 UTC,620748676
2026/08/06 12:23:39 UTC,145111864
2025/08/01 20:02:30 UTC,676880284
2026/08/06 01:55:38 UTC,1528586166
2025/08/01 20:02:38 UTC,676880284
2026/08/15 09:13:33 UTC,1477073634
2025/08/01 20:02:44 UTC,676880284
2026/08/04 04:10:07 UTC,145111864
2025/08/01 21:19:21 UTC,797873656
2026/08/13 01:32:05 UTC,1543564296
2025/06/04 01:01:58 UTC,620748676
2026/07/29 04:08:57 UTC,1149393644
2025/06/04 01:02:20 UTC,620748676
2026/08/10 23:36:34 UTC,1535520266
2025/06/04 01:02:26 UTC,620748676
2026/07/26 05:34:55 UTC,1451496406
2025/07/13 04:53:51 UTC,648321536
2026/07/27 09:05:29 UTC,145111864
2025/07/13 04:56:51 UTC,685324024
2026/07/27 03:58:30 UTC,1230238214
2025/07/13 04:56:56 UTC,685324024
2026/07/27 03:58:31 UTC,145111864
2025/09/10 07:16:04 UTC,756936483
2026/07/27 03:59:50 UTC,145111864
2025/08/01 01:19:42 UTC,799772616
2026/07/25 01:12:52 UTC,1230029424
2025/08/01 01:19:44 UTC,799772616
2026/07/24 15:48:19 UTC,145111864
2025/07/13 00:59:14 UTC,783476716
2026/07/24 15:48:54 UTC,145111864
2025/07/13 04:09:32 UTC,707073824
2026/07/24 15:47:44 UTC,1465176814
2025/08/08 08:48:46 UTC,721676514
2026/07/22 14:30:48 UTC,1451526556
2025/04/09 19:17:56 UTC,664281396
2026/07/20 20:29:50 UTC,1439140326
2025/04/09 17:32:32 UTC,611584536
2026/07/22 03:41:46 UTC,164094834
2025/04/09 10:34:55 UTC,630500024
2026/07/18 06:35:40 UTC,1502217916
2025/04/09 10:34:56 UTC,630500024
2026/07/18 06:35:46 UTC,1502217916
2025/08/11 04:20:54 UTC,754723596
2026/07/18 06:35:47 UTC,1502217916
2025/08/11 04:22:05 UTC,145111864
2026/07/10 01:49:09 UTC,1230029424
2025/08/20 19:44:04 UTC,680320814
2026/05/08 00:18:09 UTC,1393313916
2025/08/20 19:43:02 UTC,680320814
2026/06/25 06:29:59 UTC,145111864
2025/08/20 19:43:58 UTC,680320814
2026/06/25 06:23:36 UTC,145111864
2025/04/03 21:48:29 UTC,145111864
2026/05/08 05:10:11 UTC,145111864
2025/08/21 05:05:55 UTC,717183124
2026/05/31 23:22:32 UTC,848692913
2025/07/02 02:04:46 UTC,145111864
2026/05/31 23:22:32 UTC,848692913
2025/06/25 19:05:14 UTC,550492743
2026/05/31 23:24:47 UTC,848692913
2025/07/31 05:43:30 UTC,794391316
2026/05/28 17:18:32 UTC,1149393644
2025/05/12 05:09:19 UTC,622781436
2026/05/21 14:50:10 UTC,1254280863
2025/06/17 18:54:18 UTC,679569913
2026/05/21 14:50:42 UTC,1254280863
2025/03/19 05:09:48 UTC,552548184
2026/05/18 13:53:34 UTC,145111864
2026/01/10 08:48:46 UTC,895023964
2026/05/18 13:54:41 UTC,145111864
2025/08/06 00:44:25 UTC,145111864
2026/05/15 04:38:02 UTC,941613523
2025/08/06 00:48:18 UTC,145111864
2026/04/30 23:47:01 UTC,1196386593
2025/03/12 20:02:31 UTC,598592544
2026/04/28 08:11:58 UTC,1391911016
2025/03/12 20:02:37 UTC,598592544
2026/04/25 09:29:26 UTC,427864244
2025/03/12 20:02:45 UTC,598592544
2026/04/25 09:29:34 UTC,427864244
2025/10/13 19:54:46 UTC,561452174
2026/04/25 09:26:52 UTC,427864244
2026/01/21 08:37:37 UTC,1109882063
2026/04/25 09:26:57 UTC,427864244
2025/10/13 18:10:47 UTC,647715984
2026/04/25 09:27:52 UTC,427864244
2025/11/27 20:54:59 UTC,647697194
2026/04/25 09:27:54 UTC,427864244
2025/12/25 21:15:06 UTC,427864244
2026/04/25 09:27:56 UTC,427864244
2025/12/25 21:15:38 UTC,427864244
2026/04/25 09:28:03 UTC,427864244
2025/12/25 21:15:41 UTC,427864244
2026/04/25 09:28:04 UTC,427864244
2025/12/25 21:15:47 UTC,427864244
2026/04/25 09:28:25 UTC,427864244
2025/12/25 21:15:49 UTC,427864244
2026/04/25 09:28:29 UTC,427864244
2025/11/27 18:46:38 UTC,647715984
2026/04/25 09:28:36 UTC,427864244
2025/11/27 18:46:56 UTC,647715984
2026/04/25 09:28:37 UTC,427864244
2025/07/26 00:38:58 UTC,679290413
2026/04/25 09:28:41 UTC,427864244
2025/07/26 00:46:19 UTC,745117573
2026/04/28 23:22:27 UTC,1190657203
2025/12/02 21:28:43 UTC,926830594
2026/04/24 18:57:11 UTC,1390560466
2025/05/26 05:26:41 UTC,620426676
2026/04/24 18:57:13 UTC,1390560466
2025/03/06 04:58:14 UTC,598592544
2026/04/24 18:57:13 UTC,1390560466
2025/03/06 04:58:25 UTC,598592544
2026/04/19 03:14:51 UTC,1149393644
2025/05/02 16:44:07 UTC,145111864
2026/04/19 03:15:29 UTC,1149393644
2025/05/02 17:41:31 UTC,636655976
2026/04/15 08:00:21 UTC,561452174
2024/09/27 02:30:32 UTC,374061034
2026/04/07 15:49:15 UTC,837422456
2025/03/14 11:42:22 UTC,602182194
2026/03/26 11:14:43 UTC,1364349536
2025/06/28 19:24:31 UTC,645616576
2026/03/26 11:16:57 UTC,1143782174
2026/03/11 05:25:37 UTC,1230203754
2025/07/30 06:29:28 UTC,145111864
2024/09/11 02:03:50 UTC,493152633
2025/07/30 06:29:41 UTC,145111864
2024/09/11 02:03:55 UTC,493152633
2025/07/16 23:38:02 UTC,712065733
2025/12/19 00:08:36 UTC,1073426234
2025/07/16 23:38:09 UTC,712065733
2025/02/10 22:33:04 UTC,164094834
2025/07/29 22:53:34 UTC,797867426
2025/08/19 11:29:57 UTC,585498474
2025/07/29 22:53:56 UTC,797867426
2025/08/19 11:33:48 UTC,832066986
2025/07/29 22:55:24 UTC,145111864
2025/08/19 11:33:58 UTC,832066986
2025/07/16 18:40:31 UTC,698860893
2025/05/20 18:09:28 UTC,705094296
2025/09/04 10:46:42 UTC,680320814
2025/05/20 05:33:17 UTC,687801856
2025/09/04 10:46:42 UTC,680320814
2025/08/20 03:01:30 UTC,145111864
2025/07/14 19:50:57 UTC,575422494
2025/12/02 21:28:52 UTC,926830594
2025/08/19 21:37:54 UTC,834431436
2026/01/05 04:57:46 UTC,884932236
2026/01/25 18:37:14 UTC,1124299964
2025/07/14 16:42:13 UTC,427698984
2025/07/25 14:29:43 UTC,751805166
2025/02/28 22:49:33 UTC,586299333
2026/01/05 04:21:14 UTC,895814214
2026/01/25 21:06:56 UTC,699767144
2025/07/06 19:35:47 UTC,712065733
2025/07/25 14:29:08 UTC,751805166
2025/06/04 20:12:06 UTC,647715984
2025/05/29 23:56:24 UTC,625955823
2026/01/25 21:07:02 UTC,699767144
2025/07/14 19:31:28 UTC,575422494
2024/09/15 16:55:48 UTC,420653084
2025/06/04 20:12:12 UTC,647715984
2025/05/29 23:57:53 UTC,625955823
2026/01/25 18:37:52 UTC,1124299964
2025/07/14 19:31:39 UTC,575422494
2025/04/01 18:31:02 UTC,651348406
2025/06/04 20:12:25 UTC,647715984
2025/05/29 23:57:57 UTC,625955823
2025/01/06 09:40:53 UTC,508527044
2025/12/03 18:53:55 UTC,831597686
2025/10/02 18:04:48 UTC,771412874
2025/06/04 20:12:26 UTC,647715984
2025/08/10 21:20:47 UTC,721647814
2025/01/06 09:40:54 UTC,508527044
2025/12/03 18:53:55 UTC,831597686
2025/06/08 04:14:52 UTC,647697194
2025/06/04 20:12:27 UTC,647715984
2025/09/28 05:37:50 UTC,721676514
2025/01/06 09:40:55 UTC,508527044
2025/07/14 16:09:40 UTC,783458986
2026/01/29 02:26:54 UTC,957889186
2025/06/04 20:12:33 UTC,647715984
2025/09/28 05:37:59 UTC,721676514
2025/01/06 09:40:56 UTC,508527044
2025/06/04 20:12:34 UTC,647715984
2025/03/25 20:03:53 UTC,570146944
2025/01/06 09:41:14 UTC,508527044
2025/06/04 20:12:58 UTC,647715984
2025/09/08 16:58:51 UTC,561452174
2025/01/06 09:41:14 UTC,508527044
2025/06/04 20:10:10 UTC,647715984
2025/09/08 16:58:57 UTC,561452174
2025/01/06 09:41:31 UTC,382462454
2025/06/04 20:11:59 UTC,647715984
2025/07/11 15:28:24 UTC,575422494
2025/05/18 19:52:06 UTC,685047456
2025/06/04 20:12:07 UTC,647715984
2025/07/11 15:28:33 UTC,575422494
2025/05/18 19:52:08 UTC,685047456
2025/06/04 20:12:09 UTC,647715984
2025/09/08 04:54:19 UTC,647697194
2025/06/13 00:33:37 UTC,145111864
2025/06/04 20:12:11 UTC,647715984
2025/09/08 04:54:20 UTC,647697194
2025/12/01 15:36:37 UTC,676880284
2025/06/04 20:12:27 UTC,647715984
2025/09/08 04:54:23 UTC,647697194
2025/04/28 05:48:18 UTC,616044076
2025/06/04 20:12:29 UTC,647715984
2025/09/08 04:54:49 UTC,647697194
2025/04/28 06:18:33 UTC,583998463
2025/06/04 20:12:29 UTC,647715984
2025/09/08 04:57:57 UTC,647697194
2026/03/03 18:46:06 UTC,1143782174
2025/06/04 20:12:35 UTC,647715984
2025/09/08 04:58:25 UTC,647697194
2026/03/17 18:01:29 UTC,1112987453
2025/06/04 20:12:35 UTC,647715984
2026/03/13 19:20:08 UTC,647715984
2025/03/10 02:41:46 UTC,616727046
2025/06/04 20:12:36 UTC,647715984
2025/12/27 22:41:09 UTC,990699963
2025/08/17 06:03:58 UTC,832077356
2026/01/15 06:53:16 UTC,927105394
2025/03/03 19:23:53 UTC,632371496
2025/08/17 06:04:18 UTC,832077356
2026/01/15 06:53:19 UTC,927105394
2025/09/07 23:24:59 UTC,757273696
2025/08/17 01:19:55 UTC,722162704
2026/01/15 06:53:21 UTC,927105394
2025/04/20 20:02:58 UTC,640224494
2025/08/17 01:20:14 UTC,722162704
2025/01/28 06:05:13 UTC,262828396
2025/04/20 20:03:15 UTC,640224494
2025/08/17 05:02:57 UTC,145111864
2025/01/28 06:05:13 UTC,262828396
2025/07/03 00:25:51 UTC,695114514
2025/06/07 04:24:14 UTC,543686464
2025/01/28 06:05:13 UTC,262828396
2025/07/03 00:25:51 UTC,695114514
2025/06/07 04:24:30 UTC,543686464
2025/08/22 18:59:52 UTC,809369096
2025/09/09 19:46:02 UTC,647715984
2026/02/12 04:33:08 UTC,898373686
2025/06/11 02:57:28 UTC,707465786
2025/09/09 15:59:28 UTC,647697194
2026/02/12 04:33:47 UTC,898373686
2025/06/11 02:57:33 UTC,707465786
2025/05/27 03:59:06 UTC,688613173
2026/02/12 04:33:50 UTC,898373686
2025/06/11 02:57:54 UTC,707465786
2025/03/17 09:07:01 UTC,532809034
2026/02/12 04:33:52 UTC,898373686
2025/06/11 02:58:03 UTC,707465786
2024/11/03 05:52:19 UTC,506808586
2025/05/05 05:47:06 UTC,684877886
2025/06/11 02:49:21 UTC,707465786
2024/11/03 05:52:21 UTC,506808586
2025/05/05 03:00:16 UTC,684877886
2025/06/11 02:49:23 UTC,707465786
2025/03/05 04:55:14 UTC,616771756
2025/05/05 03:00:17 UTC,684877886
2025/06/11 03:00:15 UTC,707465786
2025/03/05 04:55:19 UTC,616771756
2025/01/05 04:57:44 UTC,313809076
2025/06/11 03:00:19 UTC,707465786
2025/03/04 14:08:33 UTC,637605786
2025/03/31 11:21:57 UTC,632617386
2025/06/11 03:00:42 UTC,707465786
2025/06/30 15:46:11 UTC,145111864
2025/03/01 20:13:19 UTC,164094834
2025/06/11 03:00:42 UTC,707465786
2025/06/30 20:03:35 UTC,145111864
2025/03/01 20:13:22 UTC,164094834
2025/06/11 03:01:08 UTC,707465786
2025/08/12 19:47:06 UTC,575422494
2025/08/07 03:00:14 UTC,721676514
2025/06/11 03:01:15 UTC,707465786
2025/08/12 19:47:20 UTC,575422494
2025/08/07 03:01:02 UTC,721676514
2025/06/11 03:01:47 UTC,707465786
2025/08/12 19:47:23 UTC,575422494
2025/08/07 03:01:07 UTC,721676514
2025/06/11 03:01:59 UTC,707465786
2025/07/17 18:29:08 UTC,707054974
2025/06/11 03:03:01 UTC,707465786
2025/07/17 18:29:23 UTC,707054974
2025/06/11 03:03:14 UTC,707465786
2025/08/07 02:58:28 UTC,721676514
2025/06/11 03:07:23 UTC,707465786
2025/08/07 02:58:37 UTC,721676514
2025/06/11 03:07:27 UTC,707465786
2025/03/31 10:49:18 UTC,623976854
2025/06/11 03:07:42 UTC,707465786
2025/08/07 03:50:26 UTC,743333236
2025/06/11 03:07:46 UTC,707465786
2025/01/03 16:00:12 UTC,563817153
2025/06/11 03:08:12 UTC,707465786
2025/01/03 16:02:49 UTC,563817153
2025/06/11 03:08:14 UTC,707465786
2025/11/04 20:51:24 UTC,771385824
2025/06/11 03:08:34 UTC,707465786
2025/07/27 20:38:16 UTC,742150936
2025/06/11 03:08:35 UTC,707465786
2025/07/27 23:32:56 UTC,742150936
2025/06/11 03:09:15 UTC,707465786
2025/08/21 08:19:32 UTC,832058556
2025/06/11 03:09:23 UTC,707465786
2025/01/06 11:48:54 UTC,200008464
2025/06/11 03:17:31 UTC,707465786
2025/08/24 17:54:15 UTC,767977383
2025/06/11 03:17:34 UTC,707465786
2025/04/23 07:03:40 UTC,664281396
2025/06/11 03:18:00 UTC,707465786
2025/04/23 09:06:08 UTC,620444636
2025/06/11 03:18:00 UTC,707465786
2026/02/13 09:08:48 UTC,898373686
2025/06/11 03:18:20 UTC,707465786
2025/10/09 04:18:58 UTC,886154996
2025/06/11 03:18:26 UTC,707465786
2025/01/05 08:39:37 UTC,532357004
2025/06/11 03:18:46 UTC,707465786
2025/01/05 09:38:54 UTC,479722234
2025/06/11 03:18:50 UTC,707465786
2025/09/14 07:35:31 UTC,853700356
2025/07/15 17:35:17 UTC,695384596
2025/09/14 07:35:40 UTC,853700356
2025/07/10 19:41:35 UTC,699249414
2025/09/15 03:23:46 UTC,449454476
2025/08/28 23:11:29 UTC,449500676
2025/10/25 00:57:50 UTC,718080814
2025/09/24 08:38:04 UTC,870268676
2025/07/18 12:15:21 UTC,796656616
2025/09/24 08:38:06 UTC,870268676
2025/07/18 12:15:58 UTC,796656616
2025/09/24 08:38:08 UTC,870268676
2025/07/18 12:18:08 UTC,647715984
2025/09/24 08:38:15 UTC,870268676
2025/02/06 01:51:08 UTC,506808586
2025/09/24 08:38:16 UTC,870268676
2025/02/06 01:51:10 UTC,506808586
2025/09/24 08:38:31 UTC,870268676
2025/07/18 18:29:21 UTC,585527534
2025/09/24 08:38:40 UTC,870268676
2025/07/18 18:29:23 UTC,585527534
2025/09/24 08:38:42 UTC,870268676
2025/07/18 18:30:05 UTC,585527534
2025/09/24 08:38:08 UTC,870268676
2025/07/18 18:31:17 UTC,585527534
2025/09/24 08:38:09 UTC,870268676
2024/12/02 05:35:43 UTC,545960016
2025/09/24 08:38:10 UTC,870268676
2024/12/02 05:35:44 UTC,545960016
2025/09/24 08:38:12 UTC,870268676
2024/12/02 05:35:59 UTC,545960016
2025/09/24 08:38:13 UTC,870268676
2025/03/07 02:03:26 UTC,427864244
2025/09/24 08:38:19 UTC,870268676
2025/03/07 02:03:30 UTC,427864244
2025/09/24 08:38:36 UTC,870268676
2025/03/07 02:24:37 UTC,639823116
2025/09/24 08:38:40 UTC,870268676
2025/12/31 07:20:58 UTC,826884554
2025/09/24 08:38:40 UTC,870268676
2025/12/20 00:00:37 UTC,884932236
2025/09/24 08:38:41 UTC,870268676
2025/02/04 20:09:48 UTC,506808586
2025/04/28 17:51:32 UTC,616044076
2025/02/04 20:09:52 UTC,506808586
2025/07/20 20:04:45 UTC,696511533
2025/08/22 03:44:30 UTC,721932554
2025/07/20 20:04:46 UTC,696511533
2025/08/22 05:22:37 UTC,832334586
2025/07/20 20:04:47 UTC,696511533
2025/12/12 18:35:31 UTC,895070114
2026/01/16 21:40:49 UTC,561461204
2025/05/01 05:49:05 UTC,568407026
2025/09/22 19:40:26 UTC,832154826
2025/06/05 19:38:03 UTC,623746304
2024/12/19 19:41:45 UTC,513805306
2025/09/17 23:04:25 UTC,747893984
2024/12/19 19:41:55 UTC,374060454
2025/09/17 23:04:29 UTC,747893984
2025/09/09 16:00:21 UTC,647697194
2026/02/06 00:12:39 UTC,1100110983
2025/09/09 16:00:21 UTC,647697194
2025/07/13 01:01:01 UTC,751607016
2025/04/06 03:48:45 UTC,630500024
2025/07/13 01:01:10 UTC,751607016
2025/04/06 03:48:46 UTC,630500024
2026/03/18 21:59:25 UTC,1370017496
2025/11/13 11:22:43 UTC,895023964
2025/07/07 19:09:24 UTC,145111864
2025/11/13 11:22:50 UTC,895023964
2025/07/07 20:08:01 UTC,427698984
2025/03/16 03:23:57 UTC,578130916
2025/07/07 20:08:01 UTC,427698984
2025/03/15 21:41:58 UTC,578130916
2025/07/07 19:09:00 UTC,145111864
2025/10/11 03:23:34 UTC,746029763
2025/06/27 16:29:57 UTC,427698984
2024/10/01 04:30:50 UTC,507851543
2025/04/08 23:00:13 UTC,641234276
2024/10/01 04:30:50 UTC,507851543
2025/04/08 22:59:50 UTC,625955823
2026/01/22 08:12:07 UTC,1090602934
2025/04/08 22:59:51 UTC,625955823
2026/01/22 08:11:58 UTC,1090602934
2025/04/08 22:59:56 UTC,625955823
2026/01/22 08:12:03 UTC,1090602934
2025/02/22 16:02:41 UTC,145111864
2026/01/22 08:12:07 UTC,1090602934
2025/02/22 16:12:22 UTC,145111864
2025/01/09 08:21:54 UTC,510712374
2025/10/07 13:38:17 UTC,647697194
2025/02/17 21:11:45 UTC,619146926
2025/10/07 13:38:20 UTC,647697194
2025/09/18 15:56:44 UTC,561452174
2026/02/04 01:54:59 UTC,1135095344
2025/10/16 12:51:06 UTC,905463666
2026/02/04 01:55:04 UTC,1135095344
2024/12/07 23:36:58 UTC,339300584
2025/02/22 20:21:18 UTC,622616386
2025/09/03 10:39:36 UTC,575422494
2025/10/07 13:37:56 UTC,647697194
2025/09/03 10:39:46 UTC,575422494
2025/08/03 16:07:02 UTC,449454476
2025/09/03 10:39:46 UTC,575422494
2025/08/03 20:42:06 UTC,631681716
2024/11/03 13:01:36 UTC,461322276
2026/01/15 13:09:30 UTC,647715984
2024/11/03 13:01:40 UTC,461322276
2025/06/11 19:46:21 UTC,561461204
2024/11/03 13:02:30 UTC,461322276
2024/11/11 21:36:50 UTC,449954766
2025/08/13 04:36:51 UTC,797867426
2025/06/11 19:44:23 UTC,561461204
2025/08/13 04:36:57 UTC,797867426
2025/06/11 19:46:20 UTC,561461204
2025/09/28 21:15:30 UTC,875538206
2025/06/11 19:46:58 UTC,561461204
2025/09/28 21:18:14 UTC,875538206
2025/06/11 19:46:59 UTC,561461204
2025/08/07 20:29:22 UTC,746555723
2025/08/29 22:11:11 UTC,647715984
2025/08/08 02:26:04 UTC,743295256
2025/07/03 18:05:08 UTC,627055486
2025/07/29 02:16:35 UTC,712478634
2025/03/10 22:30:04 UTC,611522036
2025/07/29 02:16:55 UTC,712478634
2025/10/16 01:18:35 UTC,716885573
2025/07/29 02:17:07 UTC,712478634
2025/10/16 01:18:36 UTC,716885573
2025/07/29 02:17:20 UTC,712478634
2025/08/17 16:42:55 UTC,754791596
2025/09/16 03:58:38 UTC,145111864
2025/08/17 16:43:12 UTC,754791596
2025/09/16 05:08:49 UTC,688613173
2025/06/15 04:25:05 UTC,715485756
2025/06/15 04:25:12 UTC,715485756
2025/06/15 04:25:13 UTC,715485756
2025/06/15 04:25:42 UTC,715485756
2025/06/15 04:26:21 UTC,715485756
2025/06/15 04:26:38 UTC,715485756
2025/06/06 02:07:54 UTC,676844004
2026/08/26 08:49:43 UTC,926587194
2025/02/15 22:52:46 UTC,611522036
2026/08/25 06:23:15 UTC,145111864
2026/03/14 20:39:42 UTC,1144110564
2026/08/25 07:13:51 UTC,145111864
2025/08/28 05:23:39 UTC,809369096
2026/08/24 06:16:43 UTC,943208224
2025/06/18 08:24:44 UTC,681230796
2026/08/24 04:40:36 UTC,1456116993
2025/03/20 18:58:07 UTC,646621023
2026/08/24 02:57:19 UTC,1397534356
2025/03/20 18:58:12 UTC,646621023
2026/08/24 02:57:20 UTC,1397534356
2025/02/06 18:32:23 UTC,575437294
2026/08/24 02:59:03 UTC,1480129936
2025/02/06 18:32:45 UTC,575437294
2026/08/24 02:59:11 UTC,1480129936
2025/02/06 18:32:48 UTC,575437294
2026/08/24 04:43:07 UTC,1476575834
2025/02/06 18:32:52 UTC,575437294
2026/08/24 04:43:13 UTC,1476575834
2025/02/06 18:32:57 UTC,575437294
2026/08/22 20:01:53 UTC,145111864
2025/02/06 18:33:07 UTC,575437294
2026/08/24 06:18:00 UTC,145111864
2025/02/06 18:33:16 UTC,575437294
2026/08/21 19:47:14 UTC,1467174814
2025/02/06 18:33:19 UTC,575437294
2026/08/21 19:47:18 UTC,1467174814
2025/06/18 17:16:39 UTC,640914144
2026/08/26 16:33:32 UTC,1539562766
2025/03/30 01:02:23 UTC,564508746
2026/08/20 08:04:54 UTC,145111864
2025/03/30 01:02:34 UTC,564508746
2026/08/26 13:46:07 UTC,1535520266
2025/03/30 01:02:50 UTC,564508746
2026/08/29 20:08:25 UTC,145111864
2025/04/13 04:52:02 UTC,631208796
2026/08/29 20:09:29 UTC,145111864
2025/08/01 17:53:13 UTC,561452174
2026/08/18 10:58:04 UTC,1535996526
2025/08/01 17:53:04 UTC,561452174
2026/08/17 17:43:18 UTC,164094834
2025/08/01 17:53:15 UTC,561452174
2026/08/17 08:49:23 UTC,1465176814
2025/08/01 21:48:10 UTC,712197444
2026/08/07 05:13:42 UTC,1476575834
2025/08/01 22:03:46 UTC,717350204
2026/08/07 05:13:45 UTC,1476575834
2025/08/02 01:51:30 UTC,732113936
2026/08/07 05:13:46 UTC,1476575834
2025/08/02 01:52:48 UTC,797867426
2026/08/08 05:04:34 UTC,1456237153
2025/06/04 04:59:59 UTC,620748676
2026/08/08 05:04:50 UTC,1456237153
2025/06/04 03:37:22 UTC,620748676
2026/08/08 05:04:50 UTC,1456237153
2025/06/04 03:37:28 UTC,620748676
2026/08/06 12:23:39 UTC,145111864
2025/08/01 20:02:30 UTC,676880284
2026/08/06 01:55:38 UTC,1528586166
2025/08/01 20:02:38 UTC,676880284
2026/08/15 09:13:33 UTC,1477073634
2025/08/01 20:02:44 UTC,676880284
2026/08/04 04:10:07 UTC,145111864
2025/08/01 21:19:21 UTC,797873656
2026/08/13 01:32:05 UTC,1543564296
2025/06/04 01:01:58 UTC,620748676
2026/07/29 04:08:57 UTC,1149393644
2025/06/04 01:02:20 UTC,620748676
2026/08/10 23:36:34 UTC,1535520266
2025/06/04 01:02:26 UTC,620748676
2026/07/26 05:34:55 UTC,1451496406
2025/07/13 04:53:51 UTC,648321536
2026/07/27 09:05:29 UTC,145111864
2025/07/13 04:56:51 UTC,685324024
2026/07/27 03:58:30 UTC,1230238214
2025/07/13 04:56:56 UTC,685324024
2026/07/27 03:58:31 UTC,145111864
2025/09/10 07:16:04 UTC,756936483
2026/07/27 03:59:50 UTC,145111864
2025/08/01 01:19:42 UTC,799772616
2026/07/25 01:12:52 UTC,1230029424
2025/08/01 01:19:44 UTC,799772616
2026/07/24 15:48:19 UTC,145111864
2025/07/13 00:59:14 UTC,783476716
2026/07/24 15:48:54 UTC,145111864
2025/07/13 04:09:32 UTC,707073824
2026/07/24 15:47:44 UTC,1465176814
2025/08/08 08:48:46 UTC,721676514
2026/07/22 14:30:48 UTC,1451526556
2025/04/09 19:17:56 UTC,664281396
2026/07/20 20:29:50 UTC,1439140326
2025/04/09 17:32:32 UTC,611584536
2026/07/22 03:41:46 UTC,164094834
2025/04/09 10:34:55 UTC,630500024
2026/07/18 06:35:40 UTC,1502217916
2025/04/09 10:34:56 UTC,630500024
2026/07/18 06:35:46 UTC,1502217916
2025/08/11 04:20:54 UTC,754723596
2026/07/18 06:35:47 UTC,1502217916
2025/08/11 04:22:05 UTC,145111864
2026/07/10 01:49:09 UTC,1230029424
2025/08/20 19:44:04 UTC,680320814
2026/05/08 00:18:09 UTC,1393313916
2025/08/20 19:43:02 UTC,680320814
2026/06/25 06:29:59 UTC,145111864
2025/08/20 19:43:58 UTC,680320814
2026/06/25 06:23:36 UTC,145111864
2025/04/03 21:48:29 UTC,145111864
2026/05/08 05:10:11 UTC,145111864
2025/08/21 05:05:55 UTC,717183124
2026/05/31 23:22:32 UTC,848692913
2025/07/02 02:04:46 UTC,145111864
2026/05/31 23:22:32 UTC,848692913
2025/06/25 19:05:14 UTC,550492743
2026/05/31 23:24:47 UTC,848692913
2025/07/31 05:43:30 UTC,794391316
2026/05/28 17:18:32 UTC,1149393644
2025/05/12 05:09:19 UTC,622781436
2026/05/21 14:50:10 UTC,1254280863
2025/06/17 18:54:18 UTC,679569913
2026/05/21 14:50:42 UTC,1254280863
2025/03/19 05:09:48 UTC,552548184
2026/05/18 13:53:34 UTC,145111864
2026/01/10 08:48:46 UTC,895023964
2026/05/18 13:54:41 UTC,145111864
2025/08/06 00:44:25 UTC,145111864
2026/05/15 04:38:02 UTC,941613523
2025/08/06 00:48:18 UTC,145111864
2026/04/30 23:47:01 UTC,1196386593
2025/03/12 20:02:31 UTC,598592544
2026/04/28 08:11:58 UTC,1391911016
2025/03/12 20:02:37 UTC,598592544
2026/04/25 09:29:26 UTC,427864244
2025/03/12 20:02:45 UTC,598592544
2026/04/25 09:29:34 UTC,427864244
2025/10/13 19:54:46 UTC,561452174
2026/04/25 09:26:52 UTC,427864244
2026/01/21 08:37:37 UTC,1109882063
2026/04/25 09:26:57 UTC,427864244
2025/10/13 18:10:47 UTC,647715984
2026/04/25 09:27:52 UTC,427864244
2025/11/27 20:54:59 UTC,647697194
2026/04/25 09:27:54 UTC,427864244
2025/12/25 21:15:06 UTC,427864244
2026/04/25 09:27:56 UTC,427864244
2025/12/25 21:15:38 UTC,427864244
2026/04/25 09:28:03 UTC,427864244
2025/12/25 21:15:41 UTC,427864244
2026/04/25 09:28:04 UTC,427864244
2025/12/25 21:15:47 UTC,427864244
2026/04/25 09:28:25 UTC,427864244
2025/12/25 21:15:49 UTC,427864244
2026/04/25 09:28:29 UTC,427864244
2025/11/27 18:46:38 UTC,647715984
2026/04/25 09:28:36 UTC,427864244
2025/11/27 18:46:56 UTC,647715984
2026/04/25 09:28:37 UTC,427864244
2025/07/26 00:38:58 UTC,679290413
2026/04/25 09:28:41 UTC,427864244
2025/07/26 00:46:19 UTC,745117573
2026/04/28 23:22:27 UTC,1190657203
2025/12/02 21:28:43 UTC,926830594
2026/04/24 18:57:11 UTC,1390560466
2025/05/26 05:26:41 UTC,620426676
2026/04/24 18:57:13 UTC,1390560466
2025/03/06 04:58:14 UTC,598592544
2026/04/24 18:57:13 UTC,1390560466
2025/03/06 04:58:25 UTC,598592544
2026/04/19 03:14:51 UTC,1149393644
2025/05/02 16:44:07 UTC,145111864
2026/04/19 03:15:29 UTC,1149393644
2025/05/02 17:41:31 UTC,636655976
2026/04/15 08:00:21 UTC,561452174
2024/09/27 02:30:32 UTC,374061034
2026/04/07 15:49:15 UTC,837422456
2025/03/14 11:42:22 UTC,602182194
2026/03/26 11:14:43 UTC,1364349536
2025/06/28 19:24:31 UTC,645616576
2026/03/26 11:16:57 UTC,1143782174
2026/03/11 05:25:37 UTC,1230203754
2025/07/30 06:29:28 UTC,145111864
2024/09/11 02:03:50 UTC,493152633
2025/07/30 06:29:41 UTC,145111864
2024/09/11 02:03:55 UTC,493152633
2025/07/16 23:38:02 UTC,712065733
2025/12/19 00:08:36 UTC,1073426234
2025/07/16 23:38:09 UTC,712065733
2025/02/10 22:33:04 UTC,164094834
2025/07/29 22:53:34 UTC,797867426
2025/08/19 11:29:57 UTC,585498474
2025/07/29 22:53:56 UTC,797867426
2025/08/19 11:33:48 UTC,832066986
2025/07/29 22:55:24 UTC,145111864
2025/08/19 11:33:58 UTC,832066986
2025/07/16 18:40:31 UTC,698860893
2025/05/20 18:09:28 UTC,705094296
2025/09/04 10:46:42 UTC,680320814
2025/05/20 05:33:17 UTC,687801856
2025/09/04 10:46:42 UTC,680320814
2025/08/20 03:01:30 UTC,145111864
2025/07/14 19:50:57 UTC,575422494
2025/12/02 21:28:52 UTC,926830594
2025/08/19 21:37:54 UTC,834431436
2026/01/05 04:57:46 UTC,884932236
2026/01/25 18:37:14 UTC,1124299964
2025/07/14 16:42:13 UTC,427698984
2025/07/25 14:29:43 UTC,751805166
2025/02/28 22:49:33 UTC,586299333
2026/01/05 04:21:14 UTC,895814214
2026/01/25 21:06:56 UTC,699767144
2025/07/06 19:35:47 UTC,712065733
2025/07/25 14:29:08 UTC,751805166
2025/06/04 20:12:06 UTC,647715984
2025/05/29 23:56:24 UTC,625955823
2026/01/25 21:07:02 UTC,699767144
2025/07/14 19:31:28 UTC,575422494
2024/09/15 16:55:48 UTC,420653084
2025/06/04 20:12:12 UTC,647715984
2025/05/29 23:57:53 UTC,625955823
2026/01/25 18:37:52 UTC,1124299964
2025/07/14 19:31:39 UTC,575422494
2025/04/01 18:31:02 UTC,651348406
2025/06/04 20:12:25 UTC,647715984
2025/05/29 23:57:57 UTC,625955823
2025/01/06 09:40:53 UTC,508527044
2025/12/03 18:53:55 UTC,831597686
2025/10/02 18:04:48 UTC,771412874
2025/06/04 20:12:26 UTC,647715984
2025/08/10 21:20:47 UTC,721647814
2025/01/06 09:40:54 UTC,508527044
2025/12/03 18:53:55 UTC,831597686
2025/06/08 04:14:52 UTC,647697194
2025/06/04 20:12:27 UTC,647715984
2025/09/28 05:37:50 UTC,721676514
2025/01/06 09:40:55 UTC,508527044
2025/07/14 16:09:40 UTC,783458986
2026/01/29 02:26:54 UTC,957889186
2025/06/04 20:12:33 UTC,647715984
2025/09/28 05:37:59 UTC,721676514
2025/01/06 09:40:56 UTC,508527044
2025/06/04 20:12:34 UTC,647715984
2025/03/25 20:03:53 UTC,570146944
2025/01/06 09:41:14 UTC,508527044
2025/06/04 20:12:58 UTC,647715984
2025/09/08 16:58:51 UTC,561452174
2025/01/06 09:41:14 UTC,508527044
2025/06/04 20:10:10 UTC,647715984
2025/09/08 16:58:57 UTC,561452174
2025/01/06 09:41:31 UTC,382462454
2025/06/04 20:11:59 UTC,647715984
2025/07/11 15:28:24 UTC,575422494
2025/05/18 19:52:06 UTC,685047456
2025/06/04 20:12:07 UTC,647715984
2025/07/11 15:28:33 UTC,575422494
2025/05/18 19:52:08 UTC,685047456
2025/06/04 20:12:09 UTC,647715984
2025/09/08 04:54:19 UTC,647697194
2025/06/13 00:33:37 UTC,145111864
2025/06/04 20:12:11 UTC,647715984
2025/09/08 04:54:20 UTC,647697194
2025/12/01 15:36:37 UTC,676880284
2025/06/04 20:12:27 UTC,647715984
2025/09/08 04:54:23 UTC,647697194
2025/04/28 05:48:18 UTC,616044076
2025/06/04 20:12:29 UTC,647715984
2025/09/08 04:54:49 UTC,647697194
2025/04/28 06:18:33 UTC,583998463
2025/06/04 20:12:29 UTC,647715984
2025/09/08 04:57:57 UTC,647697194
2026/03/03 18:46:06 UTC,1143782174
2025/06/04 20:12:35 UTC,647715984
2025/09/08 04:58:25 UTC,647697194
2026/03/17 18:01:29 UTC,1112987453
2025/06/04 20:12:35 UTC,647715984
2026/03/13 19:20:08 UTC,647715984
2025/03/10 02:41:46 UTC,616727046
2025/06/04 20:12:36 UTC,647715984
2025/12/27 22:41:09 UTC,990699963
2025/08/17 06:03:58 UTC,832077356
2026/01/15 06:53:16 UTC,927105394
2025/03/03 19:23:53 UTC,632371496
2025/08/17 06:04:18 UTC,832077356
2026/01/15 06:53:19 UTC,927105394
2025/09/07 23:24:59 UTC,757273696
2025/08/17 01:19:55 UTC,722162704
2026/01/15 06:53:21 UTC,927105394
2025/04/20 20:02:58 UTC,640224494
2025/08/17 01:20:14 UTC,722162704
2025/01/28 06:05:13 UTC,262828396
2025/04/20 20:03:15 UTC,640224494
2025/08/17 05:02:57 UTC,145111864
2025/01/28 06:05:13 UTC,262828396
2025/07/03 00:25:51 UTC,695114514
2025/06/07 04:24:14 UTC,543686464
2025/01/28 06:05:13 UTC,262828396
2025/07/03 00:25:51 UTC,695114514
2025/06/07 04:24:30 UTC,543686464
2025/08/22 18:59:52 UTC,809369096
2025/09/09 19:46:02 UTC,647715984
2026/02/12 04:33:08 UTC,898373686
2025/06/11 02:57:28 UTC,707465786
2025/09/09 15:59:28 UTC,647697194
2026/02/12 04:33:47 UTC,898373686
2025/06/11 02:57:33 UTC,707465786
2025/05/27 03:59:06 UTC,688613173
2026/02/12 04:33:50 UTC,898373686
2025/06/11 02:57:54 UTC,707465786
2025/03/17 09:07:01 UTC,532809034
2026/02/12 04:33:52 UTC,898373686
2025/06/11 02:58:03 UTC,707465786
2024/11/03 05:52:19 UTC,506808586
2025/05/05 05:47:06 UTC,684877886
2025/06/11 02:49:21 UTC,707465786
2024/11/03 05:52:21 UTC,506808586
2025/05/05 03:00:16 UTC,684877886
2025/06/11 02:49:23 UTC,707465786
2025/03/05 04:55:14 UTC,616771756
2025/05/05 03:00:17 UTC,684877886
2025/06/11 03:00:15 UTC,707465786
2025/03/05 04:55:19 UTC,616771756
2025/01/05 04:57:44 UTC,313809076
2025/06/11 03:00:19 UTC,707465786
2025/03/04 14:08:33 UTC,637605786
2025/03/31 11:21:57 UTC,632617386
2025/06/11 03:00:42 UTC,707465786
2025/06/30 15:46:11 UTC,145111864
2025/03/01 20:13:19 UTC,164094834
2025/06/11 03:00:42 UTC,707465786
2025/06/30 20:03:35 UTC,145111864
2025/03/01 20:13:22 UTC,164094834
2025/06/11 03:01:08 UTC,707465786
2025/08/12 19:47:06 UTC,575422494
2025/08/07 03:00:14 UTC,721676514
2025/06/11 03:01:15 UTC,707465786
2025/08/12 19:47:20 UTC,575422494
2025/08/07 03:01:02 UTC,721676514
2025/06/11 03:01:47 UTC,707465786
2025/08/12 19:47:23 UTC,575422494
2025/08/07 03:01:07 UTC,721676514
2025/06/11 03:01:59 UTC,707465786
2025/07/17 18:29:08 UTC,707054974
2025/06/11 03:03:01 UTC,707465786
2025/07/17 18:29:23 UTC,707054974
2025/06/11 03:03:14 UTC,707465786
2025/08/07 02:58:28 UTC,721676514
2025/06/11 03:07:23 UTC,707465786
2025/08/07 02:58:37 UTC,721676514
2025/06/11 03:07:27 UTC,707465786
2025/03/31 10:49:18 UTC,623976854
2025/06/11 03:07:42 UTC,707465786
2025/08/07 03:50:26 UTC,743333236
2025/06/11 03:07:46 UTC,707465786
2025/01/03 16:00:12 UTC,563817153
2025/06/11 03:08:12 UTC,707465786
2025/01/03 16:02:49 UTC,563817153
2025/06/11 03:08:14 UTC,707465786
2025/11/04 20:51:24 UTC,771385824
2025/06/11 03:08:34 UTC,707465786
2025/07/27 20:38:16 UTC,742150936
2025/06/11 03:08:35 UTC,707465786
2025/07/27 23:32:56 UTC,742150936
2025/06/11 03:09:15 UTC,707465786
2025/08/21 08:19:32 UTC,832058556
2025/06/11 03:09:23 UTC,707465786
2025/01/06 11:48:54 UTC,200008464
2025/06/11 03:17:31 UTC,707465786
2025/08/24 17:54:15 UTC,767977383
2025/06/11 03:17:34 UTC,707465786
2025/04/23 07:03:40 UTC,664281396
2025/06/11 03:18:00 UTC,707465786
2025/04/23 09:06:08 UTC,620444636
2025/06/11 03:18:00 UTC,707465786
2026/02/13 09:08:48 UTC,898373686
2025/06/11 03:18:20 UTC,707465786
2025/10/09 04:18:58 UTC,886154996
2025/06/11 03:18:26 UTC,707465786
2025/01/05 08:39:37 UTC,532357004
2025/06/11 03:18:46 UTC,707465786
2025/01/05 09:38:54 UTC,479722234
2025/06/11 03:18:50 UTC,707465786
2025/09/14 07:35:31 UTC,853700356
2025/07/15 17:35:17 UTC,695384596
2025/09/14 07:35:40 UTC,853700356
2025/07/10 19:41:35 UTC,699249414
2025/09/15 03:23:46 UTC,449454476
2025/08/28 23:11:29 UTC,449500676
2025/10/25 00:57:50 UTC,718080814
2025/09/24 08:38:04 UTC,870268676
2025/07/18 12:15:21 UTC,796656616
2025/09/24 08:38:06 UTC,870268676
2025/07/18 12:15:58 UTC,796656616
2025/09/24 08:38:08 UTC,870268676
2025/07/18 12:18:08 UTC,647715984
2025/09/24 08:38:15 UTC,870268676
2025/02/06 01:51:08 UTC,506808586
2025/09/24 08:38:16 UTC,870268676
2025/02/06 01:51:10 UTC,506808586
2025/09/24 08:38:31 UTC,870268676
2025/07/18 18:29:21 UTC,585527534
2025/09/24 08:38:40 UTC,870268676
2025/07/18 18:29:23 UTC,585527534
2025/09/24 08:38:42 UTC,870268676
2025/07/18 18:30:05 UTC,585527534
2025/09/24 08:38:08 UTC,870268676
2025/07/18 18:31:17 UTC,585527534
2025/09/24 08:38:09 UTC,870268676
2024/12/02 05:35:43 UTC,545960016
2025/09/24 08:38:10 UTC,870268676
2024/12/02 05:35:44 UTC,545960016
2025/09/24 08:38:12 UTC,870268676
2024/12/02 05:35:59 UTC,545960016
2025/09/24 08:38:13 UTC,870268676
2025/03/07 02:03:26 UTC,427864244
2025/09/24 08:38:19 UTC,870268676
2025/03/07 02:03:30 UTC,427864244
2025/09/24 08:38:36 UTC,870268676
2025/03/07 02:24:37 UTC,639823116
2025/09/24 08:38:40 UTC,870268676
2025/12/31 07:20:58 UTC,826884554
2025/09/24 08:38:40 UTC,870268676
2025/12/20 00:00:37 UTC,884932236
2025/09/24 08:38:41 UTC,870268676
2025/02/04 20:09:48 UTC,506808586
2025/04/28 17:51:32 UTC,616044076
2025/02/04 20:09:52 UTC,506808586
2025/07/20 20:04:45 UTC,696511533
2025/08/22 03:44:30 UTC,721932554
2025/07/20 20:04:46 UTC,696511533
2025/08/22 05:22:37 UTC,832334586
2025/07/20 20:04:47 UTC,696511533
2025/12/12 18:35:31 UTC,895070114
2026/01/16 21:40:49 UTC,561461204
2025/05/01 05:49:05 UTC,568407026
2025/09/22 19:40:26 UTC,832154826
2025/06/05 19:38:03 UTC,623746304
2024/12/19 19:41:45 UTC,513805306
2025/09/17 23:04:25 UTC,747893984
2024/12/19 19:41:55 UTC,374060454
2025/09/17 23:04:29 UTC,747893984
2025/09/09 16:00:21 UTC,647697194
2026/02/06 00:12:39 UTC,1100110983
2025/09/09 16:00:21 UTC,647697194
2025/07/13 01:01:01 UTC,751607016
2025/04/06 03:48:45 UTC,630500024
2025/07/13 01:01:10 UTC,751607016
2025/04/06 03:48:46 UTC,630500024
2026/03/18 21:59:25 UTC,1370017496
2025/11/13 11:22:43 UTC,895023964
2025/07/07 19:09:24 UTC,145111864
2025/11/13 11:22:50 UTC,895023964
2025/07/07 20:08:01 UTC,427698984
2025/03/16 03:23:57 UTC,578130916
2025/07/07 20:08:01 UTC,427698984
2025/03/15 21:41:58 UTC,578130916
2025/07/07 19:09:00 UTC,145111864
2025/10/11 03:23:34 UTC,746029763
2025/06/27 16:29:57 UTC,427698984
2024/10/01 04:30:50 UTC,507851543
2025/04/08 23:00:13 UTC,641234276
2024/10/01 04:30:50 UTC,507851543
2025/04/08 22:59:50 UTC,625955823
2026/01/22 08:12:07 UTC,1090602934
2025/04/08 22:59:51 UTC,625955823
2026/01/22 08:11:58 UTC,1090602934
2025/04/08 22:59:56 UTC,625955823
2026/01/22 08:12:03 UTC,1090602934
2025/02/22 16:02:41 UTC,145111864
2026/01/22 08:12:07 UTC,1090602934
2025/02/22 16:12:22 UTC,145111864
2025/01/09 08:21:54 UTC,510712374
2025/10/07 13:38:17 UTC,647697194
2025/02/17 21:11:45 UTC,619146926
2025/10/07 13:38:20 UTC,647697194
2025/09/18 15:56:44 UTC,561452174
2026/02/04 01:54:59 UTC,1135095344
2025/10/16 12:51:06 UTC,905463666
2026/02/04 01:55:04 UTC,1135095344
2024/12/07 23:36:58 UTC,339300584
2025/02/22 20:21:18 UTC,622616386
2025/09/03 10:39:36 UTC,575422494
2025/10/07 13:37:56 UTC,647697194
2025/09/03 10:39:46 UTC,575422494
2025/08/03 16:07:02 UTC,449454476
2025/09/03 10:39:46 UTC,575422494
2025/08/03 20:42:06 UTC,631681716
2024/11/03 13:01:36 UTC,461322276
2026/01/15 13:09:30 UTC,647715984
2024/11/03 13:01:40 UTC,461322276
2025/06/11 19:46:21 UTC,561461204
2024/11/03 13:02:30 UTC,461322276
2024/11/11 21:36:50 UTC,449954766
2025/08/13 04:36:51 UTC,797867426
2025/06/11 19:44:23 UTC,561461204
2025/08/13 04:36:57 UTC,797867426
2025/06/11 19:46:20 UTC,561461204
2025/09/28 21:15:30 UTC,875538206
2025/06/11 19:46:58 UTC,561461204
2025/09/28 21:18:14 UTC,875538206
2025/06/11 19:46:59 UTC,561461204
2025/08/07 20:29:22 UTC,746555723
2025/08/29 22:11:11 UTC,647715984
2025/08/08 02:26:04 UTC,743295256
2025/07/03 18:05:08 UTC,627055486
2025/07/29 02:16:35 UTC,712478634
2025/03/10 22:30:04 UTC,611522036
2025/07/29 02:16:55 UTC,712478634
2025/10/16 01:18:35 UTC,716885573
2025/07/29 02:17:07 UTC,712478634
2025/10/16 01:18:36 UTC,716885573
2025/07/29 02:17:20 UTC,712478634
2025/08/17 16:42:55 UTC,754791596
2025/09/16 03:58:38 UTC,145111864
2025/08/17 16:43:12 UTC,754791596
2025/09/16 05:08:49 UTC,688613173
2025/06/15 04:25:05 UTC,715485756
2025/06/15 04:25:12 UTC,715485756
2025/06/15 04:25:13 UTC,715485756
2025/06/15 04:25:42 UTC,715485756
2025/06/15 04:26:21 UTC,715485756
2025/06/15 04:26:38 UTC,715485756
2025/06/06 02:07:54 UTC,676844004
2026/08/26 08:49:43 UTC,926587194
2025/02/15 22:52:46 UTC,611522036
2026/08/25 06:23:15 UTC,145111864
2026/03/14 20:39:42 UTC,1144110564
2026/08/25 07:13:51 UTC,145111864
2025/08/28 05:23:39 UTC,809369096
2026/08/24 06:16:43 UTC,943208224
2025/06/18 08:24:44 UTC,681230796
2026/08/24 04:40:36 UTC,1456116993
2025/03/20 18:58:07 UTC,646621023
2026/08/24 02:57:19 UTC,1397534356
2025/03/20 18:58:12 UTC,646621023
2026/08/24 02:57:20 UTC,1397534356
2025/02/06 18:32:23 UTC,575437294
2026/08/24 02:59:03 UTC,1480129936
2025/02/06 18:32:45 UTC,575437294
2026/08/24 02:59:11 UTC,1480129936
2025/02/06 18:32:48 UTC,575437294
2026/08/24 04:43:07 UTC,1476575834
2025/02/06 18:32:52 UTC,575437294
2026/08/24 04:43:13 UTC,1476575834
2025/02/06 18:32:57 UTC,575437294
2026/08/22 20:01:53 UTC,145111864
2025/02/06 18:33:07 UTC,575437294
2026/08/24 06:18:00 UTC,145111864
2025/02/06 18:33:16 UTC,575437294
2026/08/21 19:47:14 UTC,1467174814
2025/02/06 18:33:19 UTC,575437294
2026/08/21 19:47:18 UTC,1467174814
2025/06/18 17:16:39 UTC,640914144
2026/08/26 16:33:32 UTC,1539562766
2025/03/30 01:02:23 UTC,564508746
2026/08/20 08:04:54 UTC,145111864
2025/03/30 01:02:34 UTC,564508746
2026/08/26 13:46:07 UTC,1535520266
2025/03/30 01:02:50 UTC,564508746
2026/08/29 20:08:25 UTC,145111864
2025/04/13 04:52:02 UTC,631208796
2026/08/29 20:09:29 UTC,145111864
2025/08/01 17:53:13 UTC,561452174
2026/08/18 10:58:04 UTC,1535996526
2025/08/01 17:53:04 UTC,561452174
2026/08/17 17:43:18 UTC,164094834
2025/08/01 17:53:15 UTC,561452174
2026/08/17 08:49:23 UTC,1465176814
2025/08/01 21:48:10 UTC,712197444
2026/08/07 05:13:42 UTC,1476575834
2025/08/01 22:03:46 UTC,717350204
2026/08/07 05:13:45 UTC,1476575834
2025/08/02 01:51:30 UTC,732113936
2026/08/07 05:13:46 UTC,1476575834
2025/08/02 01:52:48 UTC,797867426
2026/08/08 05:04:34 UTC,1456237153
2025/06/04 04:59:59 UTC,620748676
2026/08/08 05:04:50 UTC,1456237153
2025/06/04 03:37:22 UTC,620748676
2026/08/08 05:04:50 UTC,1456237153
2025/06/04 03:37:28 UTC,620748676
2026/08/06 12:23:39 UTC,145111864
2025/08/01 20:02:30 UTC,676880284
2026/08/06 01:55:38 UTC,1528586166
2025/08/01 20:02:38 UTC,676880284
2026/08/15 09:13:33 UTC,1477073634
2025/08/01 20:02:44 UTC,676880284
2026/08/04 04:10:07 UTC,145111864
2025/08/01 21:19:21 UTC,797873656
2026/08/13 01:32:05 UTC,1543564296
2025/06/04 01:01:58 UTC,620748676
2026/07/29 04:08:57 UTC,1149393644
2025/06/04 01:02:20 UTC,620748676
2026/08/10 23:36:34 UTC,1535520266
2025/06/04 01:02:26 UTC,620748676
2026/07/26 05:34:55 UTC,1451496406
2025/07/13 04:53:51 UTC,648321536
2026/07/27 09:05:29 UTC,145111864
2025/07/13 04:56:51 UTC,685324024
2026/07/27 03:58:30 UTC,1230238214
2025/07/13 04:56:56 UTC,685324024
2026/07/27 03:58:31 UTC,145111864
2025/09/10 07:16:04 UTC,756936483
2026/07/27 03:59:50 UTC,145111864
2025/08/01 01:19:42 UTC,799772616
2026/07/25 01:12:52 UTC,1230029424
2025/08/01 01:19:44 UTC,799772616
2026/07/24 15:48:19 UTC,145111864
2025/07/13 00:59:14 UTC,783476716
2026/07/24 15:48:54 UTC,145111864
2025/07/13 04:09:32 UTC,707073824
2026/07/24 15:47:44 UTC,1465176814
2025/08/08 08:48:46 UTC,721676514
2026/07/22 14:30:48 UTC,1451526556
2025/04/09 19:17:56 UTC,664281396
2026/07/20 20:29:50 UTC,1439140326
2025/04/09 17:32:32 UTC,611584536
2026/07/22 03:41:46 UTC,164094834
2025/04/09 10:34:55 UTC,630500024
2026/07/18 06:35:40 UTC,1502217916
2025/04/09 10:34:56 UTC,630500024
2026/07/18 06:35:46 UTC,1502217916
2025/08/11 04:20:54 UTC,754723596
2026/07/18 06:35:47 UTC,1502217916
2025/08/11 04:22:05 UTC,145111864
2026/07/10 01:49:09 UTC,1230029424
2025/08/20 19:44:04 UTC,680320814
2026/05/08 00:18:09 UTC,1393313916
2025/08/20 19:43:02 UTC,680320814
2026/06/25 06:29:59 UTC,145111864
2025/08/20 19:43:58 UTC,680320814
2026/06/25 06:23:36 UTC,145111864
2025/04/03 21:48:29 UTC,145111864
2026/05/08 05:10:11 UTC,145111864
2025/08/21 05:05:55 UTC,717183124
2026/05/31 23:22:32 UTC,848692913
2025/07/02 02:04:46 UTC,145111864
2026/05/31 23:22:32 UTC,848692913
2025/06/25 19:05:14 UTC,550492743
2026/05/31 23:24:47 UTC,848692913
2025/07/31 05:43:30 UTC,794391316
2026/05/28 17:18:32 UTC,1149393644
2025/05/12 05:09:19 UTC,622781436
2026/05/21 14:50:10 UTC,1254280863
2025/06/17 18:54:18 UTC,679569913
2026/05/21 14:50:42 UTC,1254280863
2025/03/19 05:09:48 UTC,552548184
2026/05/18 13:53:34 UTC,145111864
2026/01/10 08:48:46 UTC,895023964
2026/05/18 13:54:41 UTC,145111864
2025/08/06 00:44:25 UTC,145111864
2026/05/15 04:38:02 UTC,941613523
2025/08/06 00:48:18 UTC,145111864
2026/04/30 23:47:01 UTC,1196386593
2025/03/12 20:02:31 UTC,598592544
2026/04/28 08:11:58 UTC,1391911016
2025/03/12 20:02:37 UTC,598592544
2026/04/25 09:29:26 UTC,427864244
2025/03/12 20:02:45 UTC,598592544
2026/04/25 09:29:34 UTC,427864244
2025/10/13 19:54:46 UTC,561452174
2026/04/25 09:26:52 UTC,427864244
2026/01/21 08:37:37 UTC,1109882063
2026/04/25 09:26:57 UTC,427864244
2025/10/13 18:10:47 UTC,647715984
2026/04/25 09:27:52 UTC,427864244
2025/11/27 20:54:59 UTC,647697194
2026/04/25 09:27:54 UTC,427864244
2025/12/25 21:15:06 UTC,427864244
2026/04/25 09:27:56 UTC,427864244
2025/12/25 21:15:38 UTC,427864244
2026/04/25 09:28:03 UTC,427864244
2025/12/25 21:15:41 UTC,427864244
2026/04/25 09:28:04 UTC,427864244
2025/12/25 21:15:47 UTC,427864244
2026/04/25 09:28:25 UTC,427864244
2025/12/25 21:15:49 UTC,427864244
2026/04/25 09:28:29 UTC,427864244
2025/11/27 18:46:38 UTC,647715984
2026/04/25 09:28:36 UTC,427864244
2025/11/27 18:46:56 UTC,647715984
2026/04/25 09:28:37 UTC,427864244
2025/07/26 00:38:58 UTC,679290413
2026/04/25 09:28:41 UTC,427864244
2025/07/26 00:46:19 UTC,745117573
2026/04/28 23:22:27 UTC,1190657203
2025/12/02 21:28:43 UTC,926830594
2026/04/24 18:57:11 UTC,1390560466
2025/05/26 05:26:41 UTC,620426676
2026/04/24 18:57:13 UTC,1390560466
2025/03/06 04:58:14 UTC,598592544
2026/04/24 18:57:13 UTC,1390560466
2025/03/06 04:58:25 UTC,598592544
2026/04/19 03:14:51 UTC,1149393644
2025/05/02 16:44:07 UTC,145111864
2026/04/19 03:15:29 UTC,1149393644
2025/05/02 17:41:31 UTC,636655976
2026/04/15 08:00:21 UTC,561452174
2024/09/27 02:30:32 UTC,374061034
2026/04/07 15:49:15 UTC,837422456
2025/03/14 11:42:22 UTC,602182194
2026/03/26 11:14:43 UTC,1364349536
2025/06/28 19:24:31 UTC,645616576
2026/03/26 11:16:57 UTC,1143782174
2026/03/11 05:25:37 UTC,1230203754
2025/07/30 06:29:28 UTC,145111864
2024/09/11 02:03:50 UTC,493152633
2025/07/30 06:29:41 UTC,145111864
2024/09/11 02:03:55 UTC,493152633
2025/07/16 23:38:02 UTC,712065733
2025/12/19 00:08:36 UTC,1073426234
2025/07/16 23:38:09 UTC,712065733
2025/02/10 22:33:04 UTC,164094834
2025/07/29 22:53:34 UTC,797867426
2025/08/19 11:29:57 UTC,585498474
2025/07/29 22:53:56 UTC,797867426
2025/08/19 11:33:48 UTC,832066986
2025/07/29 22:55:24 UTC,145111864
2025/08/19 11:33:58 UTC,832066986
2025/07/16 18:40:31 UTC,698860893
2025/05/20 18:09:28 UTC,705094296
2025/09/04 10:46:42 UTC,680320814
2025/05/20 05:33:17 UTC,687801856
2025/09/04 10:46:42 UTC,680320814
2025/08/20 03:01:30 UTC,145111864
2025/07/14 19:50:57 UTC,575422494
2025/12/02 21:28:52 UTC,926830594
2025/08/19 21:37:54 UTC,834431436
2026/01/05 04:57:46 UTC,884932236
2026/01/25 18:37:14 UTC,1124299964
2025/07/14 16:42:13 UTC,427698984
2025/07/25 14:29:43 UTC,751805166
2025/02/28 22:49:33 UTC,586299333
2026/01/05 04:21:14 UTC,895814214
2026/01/25 21:06:56 UTC,699767144
2025/07/06 19:35:47 UTC,712065733
2025/07/25 14:29:08 UTC,751805166
2025/06/04 20:12:06 UTC,647715984
2025/05/29 23:56:24 UTC,625955823
2026/01/25 21:07:02 UTC,699767144
2025/07/14 19:31:28 UTC,575422494
2024/09/15 16:55:48 UTC,420653084
2025/06/04 20:12:12 UTC,647715984
2025/05/29 23:57:53 UTC,625955823
2026/01/25 18:37:52 UTC,1124299964
2025/07/14 19:31:39 UTC,575422494
2025/04/01 18:31:02 UTC,651348406
2025/06/04 20:12:25 UTC,647715984
2025/05/29 23:57:57 UTC,625955823
2025/01/06 09:40:53 UTC,508527044
2025/12/03 18:53:55 UTC,831597686
2025/10/02 18:04:48 UTC,771412874
2025/06/04 20:12:26 UTC,647715984
2025/08/10 21:20:47 UTC,721647814
2025/01/06 09:40:54 UTC,508527044
2025/12/03 18:53:55 UTC,831597686
2025/06/08 04:14:52 UTC,647697194
2025/06/04 20:12:27 UTC,647715984
2025/09/28 05:37:50 UTC,721676514
2025/01/06 09:40:55 UTC,508527044
2025/07/14 16:09:40 UTC,783458986
2026/01/29 02:26:54 UTC,957889186
2025/06/04 20:12:33 UTC,647715984
2025/09/28 05:37:59 UTC,721676514
2025/01/06 09:40:56 UTC,508527044
2025/06/04 20:12:34 UTC,647715984
2025/03/25 20:03:53 UTC,570146944
2025/01/06 09:41:14 UTC,508527044
2025/06/04 20:12:58 UTC,647715984
2025/09/08 16:58:51 UTC,561452174
2025/01/06 09:41:14 UTC,508527044
2025/06/04 20:10:10 UTC,647715984
2025/09/08 16:58:57 UTC,561452174
2025/01/06 09:41:31 UTC,382462454
2025/06/04 20:11:59 UTC,647715984
2025/07/11 15:28:24 UTC,575422494
2025/05/18 19:52:06 UTC,685047456
2025/06/04 20:12:07 UTC,647715984
2025/07/11 15:28:33 UTC,575422494
2025/05/18 19:52:08 UTC,685047456
2025/06/04 20:12:09 UTC,647715984
2025/09/08 04:54:19 UTC,647697194
2025/06/13 00:33:37 UTC,145111864
2025/06/04 20:12:11 UTC,647715984
2025/09/08 04:54:20 UTC,647697194
2025/12/01 15:36:37 UTC,676880284
2025/06/04 20:12:27 UTC,647715984
2025/09/08 04:54:23 UTC,647697194
2025/04/28 05:48:18 UTC,616044076
2025/06/04 20:12:29 UTC,647715984
2025/09/08 04:54:49 UTC,647697194
2025/04/28 06:18:33 UTC,583998463
2025/06/04 20:12:29 UTC,647715984
2025/09/08 04:57:57 UTC,647697194
2026/03/03 18:46:06 UTC,1143782174
2025/06/04 20:12:35 UTC,647715984
2025/09/08 04:58:25 UTC,647697194
2026/03/17 18:01:29 UTC,1112987453
2025/06/04 20:12:35 UTC,647715984
2026/03/13 19:20:08 UTC,647715984
2025/03/10 02:41:46 UTC,616727046
2025/06/04 20:12:36 UTC,647715984
2025/12/27 22:41:09 UTC,990699963
2025/08/17 06:03:58 UTC,832077356
2026/01/15 06:53:16 UTC,927105394
2025/03/03 19:23:53 UTC,632371496
2025/08/17 06:04:18 UTC,832077356
2026/01/15 06:53:19 UTC,927105394
2025/09/07 23:24:59 UTC,757273696
2025/08/17 01:19:55 UTC,722162704
2026/01/15 06:53:21 UTC,927105394
2025/04/20 20:02:58 UTC,640224494
2025/08/17 01:20:14 UTC,722162704
2025/01/28 06:05:13 UTC,262828396
2025/04/20 20:03:15 UTC,640224494
2025/08/17 05:02:57 UTC,145111864
2025/01/28 06:05:13 UTC,262828396
2025/07/03 00:25:51 UTC,695114514
2025/06/07 04:24:14 UTC,543686464
2025/01/28 06:05:13 UTC,262828396
2025/07/03 00:25:51 UTC,695114514
2025/06/07 04:24:30 UTC,543686464
2025/08/22 18:59:52 UTC,809369096
2025/09/09 19:46:02 UTC,647715984
2026/02/12 04:33:08 UTC,898373686
2025/06/11 02:57:28 UTC,707465786
2025/09/09 15:59:28 UTC,647697194
2026/02/12 04:33:47 UTC,898373686
2025/06/11 02:57:33 UTC,707465786
2025/05/27 03:59:06 UTC,688613173
2026/02/12 04:33:50 UTC,898373686
2025/06/11 02:57:54 UTC,707465786
2025/03/17 09:07:01 UTC,532809034
2026/02/12 04:33:52 UTC,898373686
2025/06/11 02:58:03 UTC,707465786
2024/11/03 05:52:19 UTC,506808586
2025/05/05 05:47:06 UTC,684877886
2025/06/11 02:49:21 UTC,707465786
2024/11/03 05:52:21 UTC,506808586
2025/05/05 03:00:16 UTC,684877886
2025/06/11 02:49:23 UTC,707465786
2025/03/05 04:55:14 UTC,616771756
2025/05/05 03:00:17 UTC,684877886
2025/06/11 03:00:15 UTC,707465786
2025/03/05 04:55:19 UTC,616771756
2025/01/05 04:57:44 UTC,313809076
2025/06/11 03:00:19 UTC,707465786
2025/03/04 14:08:33 UTC,637605786
2025/03/31 11:21:57 UTC,632617386
2025/06/11 03:00:42 UTC,707465786
2025/06/30 15:46:11 UTC,145111864
2025/03/01 20:13:19 UTC,164094834
2025/06/11 03:00:42 UTC,707465786
2025/06/30 20:03:35 UTC,145111864
2025/03/01 20:13:22 UTC,164094834
2025/06/11 03:01:08 UTC,707465786
2025/08/12 19:47:06 UTC,575422494
2025/08/07 03:00:14 UTC,721676514
2025/06/11 03:01:15 UTC,707465786
2025/08/12 19:47:20 UTC,575422494
2025/08/07 03:01:02 UTC,721676514
2025/06/11 03:01:47 UTC,707465786
2025/08/12 19:47:23 UTC,575422494
2025/08/07 03:01:07 UTC,721676514
2025/06/11 03:01:59 UTC,707465786
2025/07/17 18:29:08 UTC,707054974
2025/06/11 03:03:01 UTC,707465786
2025/07/17 18:29:23 UTC,707054974
2025/06/11 03:03:14 UTC,707465786
2025/08/07 02:58:28 UTC,721676514
2025/06/11 03:07:23 UTC,707465786
2025/08/07 02:58:37 UTC,721676514
2025/06/11 03:07:27 UTC,707465786
2025/03/31 10:49:18 UTC,623976854
2025/06/11 03:07:42 UTC,707465786
2025/08/07 03:50:26 UTC,743333236
2025/06/11 03:07:46 UTC,707465786
2025/01/03 16:00:12 UTC,563817153
2025/06/11 03:08:12 UTC,707465786
2025/01/03 16:02:49 UTC,563817153
2025/06/11 03:08:14 UTC,707465786
2025/11/04 20:51:24 UTC,771385824
2025/06/11 03:08:34 UTC,707465786
2025/07/27 20:38:16 UTC,742150936
2025/06/11 03:08:35 UTC,707465786
2025/07/27 23:32:56 UTC,742150936
2025/06/11 03:09:15 UTC,707465786
2025/08/21 08:19:32 UTC,832058556
2025/06/11 03:09:23 UTC,707465786
2025/01/06 11:48:54 UTC,200008464
2025/06/11 03:17:31 UTC,707465786
2025/08/24 17:54:15 UTC,767977383
2025/06/11 03:17:34 UTC,707465786
2025/04/23 07:03:40 UTC,664281396
2025/06/11 03:18:00 UTC,707465786
2025/04/23 09:06:08 UTC,620444636
2025/06/11 03:18:00 UTC,707465786
2026/02/13 09:08:48 UTC,898373686
2025/06/11 03:18:20 UTC,707465786
2025/10/09 04:18:58 UTC,886154996
2025/06/11 03:18:26 UTC,707465786
2025/01/05 08:39:37 UTC,532357004
2025/06/11 03:18:46 UTC,707465786
2025/01/05 09:38:54 UTC,479722234
2025/06/11 03:18:50 UTC,707465786
2025/09/14 07:35:31 UTC,853700356
2025/07/15 17:35:17 UTC,695384596
2025/09/14 07:35:40 UTC,853700356
2025/07/10 19:41:35 UTC,699249414
2025/09/15 03:23:46 UTC,449454476
2025/08/28 23:11:29 UTC,449500676
2025/10/25 00:57:50 UTC,718080814
2025/09/24 08:38:04 UTC,870268676
2025/07/18 12:15:21 UTC,796656616
2025/09/24 08:38:06 UTC,870268676
2025/07/18 12:15:58 UTC,796656616
2025/09/24 08:38:08 UTC,870268676
2025/07/18 12:18:08 UTC,647715984
2025/09/24 08:38:15 UTC,870268676
2025/02/06 01:51:08 UTC,506808586
2025/09/24 08:38:16 UTC,870268676
2025/02/06 01:51:10 UTC,506808586
2025/09/24 08:38:31 UTC,870268676
2025/07/18 18:29:21 UTC,585527534
2025/09/24 08:38:40 UTC,870268676
2025/07/18 18:29:23 UTC,585527534
2025/09/24 08:38:42 UTC,870268676
2025/07/18 18:30:05 UTC,585527534
2025/09/24 08:38:08 UTC,870268676
2025/07/18 18:31:17 UTC,585527534
2025/09/24 08:38:09 UTC,870268676
2024/12/02 05:35:43 UTC,545960016
2025/09/24 08:38:10 UTC,870268676
2024/12/02 05:35:44 UTC,545960016
2025/09/24 08:38:12 UTC,870268676
2024/12/02 05:35:59 UTC,545960016
2025/09/24 08:38:13 UTC,870268676
2025/03/07 02:03:26 UTC,427864244
2025/09/24 08:38:19 UTC,870268676
2025/03/07 02:03:30 UTC,427864244
2025/09/24 08:38:36 UTC,870268676
2025/03/07 02:24:37 UTC,639823116
2025/09/24 08:38:40 UTC,870268676
2025/12/31 07:20:58 UTC,826884554
2025/09/24 08:38:40 UTC,870268676
2025/12/20 00:00:37 UTC,884932236
2025/09/24 08:38:41 UTC,870268676
2025/02/04 20:09:48 UTC,506808586
2025/04/28 17:51:32 UTC,616044076
2025/02/04 20:09:52 UTC,506808586
2025/07/20 20:04:45 UTC,696511533
2025/08/22 03:44:30 UTC,721932554
2025/07/20 20:04:46 UTC,696511533
2025/08/22 05:22:37 UTC,832334586
2025/07/20 20:04:47 UTC,696511533
2025/12/12 18:35:31 UTC,895070114
2026/01/16 21:40:49 UTC,561461204
2025/05/01 05:49:05 UTC,568407026
2025/09/22 19:40:26 UTC,832154826
2025/06/05 19:38:03 UTC,623746304
2024/12/19 19:41:45 UTC,513805306
2025/09/17 23:04:25 UTC,747893984
2024/12/19 19:41:55 UTC,374060454
2025/09/17 23:04:29 UTC,747893984
2025/09/09 16:00:21 UTC,647697194
2026/02/06 00:12:39 UTC,1100110983
2025/09/09 16:00:21 UTC,647697194
2025/07/13 01:01:01 UTC,751607016
2025/04/06 03:48:45 UTC,630500024
2025/07/13 01:01:10 UTC,751607016
2025/04/06 03:48:46 UTC,630500024
2026/03/18 21:59:25 UTC,1370017496
2025/11/13 11:22:43 UTC,895023964
2025/07/07 19:09:24 UTC,145111864
2025/11/13 11:22:50 UTC,895023964
2025/07/07 20:08:01 UTC,427698984
2025/03/16 03:23:57 UTC,578130916
2025/07/07 20:08:01 UTC,427698984
2025/03/15 21:41:58 UTC,578130916
2025/07/07 19:09:00 UTC,145111864
2025/10/11 03:23:34 UTC,746029763
2025/06/27 16:29:57 UTC,427698984
2024/10/01 04:30:50 UTC,507851543
2025/04/08 23:00:13 UTC,641234276
2024/10/01 04:30:50 UTC,507851543
2025/04/08 22:59:50 UTC,625955823
2026/01/22 08:12:07 UTC,1090602934
2025/04/08 22:59:51 UTC,625955823
2026/01/22 08:11:58 UTC,1090602934
2025/04/08 22:59:56 UTC,625955823
2026/01/22 08:12:03 UTC,1090602934
2025/02/22 16:02:41 UTC,145111864
2026/01/22 08:12:07 UTC,1090602934
2025/02/22 16:12:22 UTC,145111864
2025/01/09 08:21:54 UTC,510712374
2025/10/07 13:38:17 UTC,647697194
2025/02/17 21:11:45 UTC,619146926
2025/10/07 13:38:20 UTC,647697194
2025/09/18 15:56:44 UTC,561452174
2026/02/04 01:54:59 UTC,1135095344
2025/10/16 12:51:06 UTC,905463666
2026/02/04 01:55:04 UTC,1135095344
2024/12/07 23:36:58 UTC,339300584
2025/02/22 20:21:18 UTC,622616386
2025/09/03 10:39:36 UTC,575422494
2025/10/07 13:37:56 UTC,647697194
2025/09/03 10:39:46 UTC,575422494
2025/08/03 16:07:02 UTC,449454476
2025/09/03 10:39:46 UTC,575422494
2025/08/03 20:42:06 UTC,631681716
2024/11/03 13:01:36 UTC,461322276
2026/01/15 13:09:30 UTC,647715984
2024/11/03 13:01:40 UTC,461322276
2025/06/11 19:46:21 UTC,561461204
2024/11/03 13:02:30 UTC,461322276
2024/11/11 21:36:50 UTC,449954766
2025/08/13 04:36:51 UTC,797867426
2025/06/11 19:44:23 UTC,561461204
2025/08/13 04:36:57 UTC,797867426
2025/06/11 19:46:20 UTC,561461204
2025/09/28 21:15:30 UTC,875538206
2025/06/11 19:46:58 UTC,561461204
2025/09/28 21:18:14 UTC,875538206
2025/06/11 19:46:59 UTC,561461204
2025/08/07 20:29:22 UTC,746555723
2025/08/29 22:11:11 UTC,647715984
2025/08/08 02:26:04 UTC,743295256
2025/07/03 18:05:08 UTC,627055486
2025/07/29 02:16:35 UTC,712478634
2025/03/10 22:30:04 UTC,611522036
2025/07/29 02:16:55 UTC,712478634
2025/10/16 01:18:35 UTC,716885573
2025/07/29 02:17:07 UTC,712478634
2025/10/16 01:18:36 UTC,716885573
2025/07/29 02:17:20 UTC,712478634
2025/08/17 16:42:55 UTC,754791596
2025/09/16 03:58:38 UTC,145111864
2025/08/17 16:43:12 UTC,754791596
2025/09/16 05:08:49 UTC,688613173
2025/06/15 04:25:05 UTC,715485756
2025/06/15 04:25:12 UTC,715485756
2025/06/15 04:25:13 UTC,715485756
2025/06/15 04:25:42 UTC,715485756
2025/06/15 04:26:21 UTC,715485756
2025/06/15 04:26:38 UTC,715485756
2025/06/06 02:07:54 UTC,676844004
2026/08/26 08:49:43 UTC,926587194
2025/02/15 22:52:46 UTC,611522036
2026/08/25 06:23:15 UTC,145111864
2026/03/14 20:39:42 UTC,1144110564
2026/08/25 07:13:51 UTC,145111864
2025/08/28 05:23:39 UTC,809369096
2026/08/24 06:16:43 UTC,943208224
2025/06/18 08:24:44 UTC,681230796
2026/08/24 04:40:36 UTC,1456116993
2025/03/20 18:58:07 UTC,646621023
2026/08/24 02:57:19 UTC,1397534356
2025/03/20 18:58:12 UTC,646621023
2026/08/24 02:57:20 UTC,1397534356
2025/02/06 18:32:23 UTC,575437294
2026/08/24 02:59:03 UTC,1480129936
2025/02/06 18:32:45 UTC,575437294
2026/08/24 02:59:11 UTC,1480129936
2025/02/06 18:32:48 UTC,575437294
2026/08/24 04:43:07 UTC,1476575834
2025/02/06 18:32:52 UTC,575437294
2026/08/24 04:43:13 UTC,1476575834
2025/02/06 18:32:57 UTC,575437294
2026/08/22 20:01:53 UTC,145111864
2025/02/06 18:33:07 UTC,575437294
2026/08/24 06:18:00 UTC,145111864
2025/02/06 18:33:16 UTC,575437294
2026/08/21 19:47:14 UTC,1467174814
2025/02/06 18:33:19 UTC,575437294
2026/08/21 19:47:18 UTC,1467174814
2025/06/18 17:16:39 UTC,640914144
2026/08/26 16:33:32 UTC,1539562766
2025/03/30 01:02:23 UTC,564508746
2026/08/20 08:04:54 UTC,145111864
2025/03/30 01:02:34 UTC,564508746
2026/08/26 13:46:07 UTC,1535520266
2025/03/30 01:02:50 UTC,564508746
2026/08/29 20:08:25 UTC,145111864
2025/04/13 04:52:02 UTC,631208796
2026/08/29 20:09:29 UTC,145111864
2025/08/01 17:53:13 UTC,561452174
2026/08/18 10:58:04 UTC,1535996526
2025/08/01 17:53:04 UTC,561452174
2026/08/17 17:43:18 UTC,164094834
2025/08/01 17:53:15 UTC,561452174
2026/08/17 08:49:23 UTC,1465176814
2025/08/01 21:48:10 UTC,712197444
2026/08/07 05:13:42 UTC,1476575834
2025/08/01 22:03:46 UTC,717350204
2026/08/07 05:13:45 UTC,1476575834
2025/08/02 01:51:30 UTC,732113936
2026/08/07 05:13:46 UTC,1476575834
2025/08/02 01:52:48 UTC,797867426
2026/08/08 05:04:34 UTC,1456237153
2025/06/04 04:59:59 UTC,620748676
2026/08/08 05:04:50 UTC,1456237153
2025/06/04 03:37:22 UTC,620748676
2026/08/08 05:04:50 UTC,1456237153
2025/06/04 03:37:28 UTC,620748676
2026/08/06 12:23:39 UTC,145111864
2025/08/01 20:02:30 UTC,676880284
2026/08/06 01:55:38 UTC,1528586166
2025/08/01 20:02:38 UTC,676880284
2026/08/15 09:13:33 UTC,1477073634
2025/08/01 20:02:44 UTC,676880284
2026/08/04 04:10:07 UTC,145111864
2025/08/01 21:19:21 UTC,797873656
2026/08/13 01:32:05 UTC,1543564296
2025/06/04 01:01:58 UTC,620748676
2026/07/29 04:08:57 UTC,1149393644
2025/06/04 01:02:20 UTC,620748676
2026/08/10 23:36:34 UTC,1535520266
2025/06/04 01:02:26 UTC,620748676
2026/07/26 05:34:55 UTC,1451496406
2025/07/13 04:53:51 UTC,648321536
2026/07/27 09:05:29 UTC,145111864
2025/07/13 04:56:51 UTC,685324024
2026/07/27 03:58:30 UTC,1230238214
2025/07/13 04:56:56 UTC,685324024
2026/07/27 03:58:31 UTC,145111864
2025/09/10 07:16:04 UTC,756936483
2026/07/27 03:59:50 UTC,145111864
2025/08/01 01:19:42 UTC,799772616
2026/07/25 01:12:52 UTC,1230029424
2025/08/01 01:19:44 UTC,799772616
2026/07/24 15:48:19 UTC,145111864
2025/07/13 00:59:14 UTC,783476716
2026/07/24 15:48:54 UTC,145111864
2025/07/13 04:09:32 UTC,707073824
2026/07/24 15:47:44 UTC,1465176814
2025/08/08 08:48:46 UTC,721676514
2026/07/22 14:30:48 UTC,1451526556
2025/04/09 19:17:56 UTC,664281396
2026/07/20 20:29:50 UTC,1439140326
2025/04/09 17:32:32 UTC,611584536
2026/07/22 03:41:46 UTC,164094834
2025/04/09 10:34:55 UTC,630500024
2026/07/18 06:35:40 UTC,1502217916
2025/04/09 10:34:56 UTC,630500024
2026/07/18 06:35:46 UTC,1502217916
2025/08/11 04:20:54 UTC,754723596
2026/07/18 06:35:47 UTC,1502217916
2025/08/11 04:22:05 UTC,145111864
2026/07/10 01:49:09 UTC,1230029424
2025/08/20 19:44:04 UTC,680320814
2026/05/08 00:18:09 UTC,1393313916
2025/08/20 19:43:02 UTC,680320814
2026/06/25 06:29:59 UTC,145111864
2025/08/20 19:43:58 UTC,680320814
2026/06/25 06:23:36 UTC,145111864
2025/04/03 21:48:29 UTC,145111864
2026/05/08 05:10:11 UTC,145111864
2025/08/21 05:05:55 UTC,717183124
2026/05/31 23:22:32 UTC,848692913
2025/07/02 02:04:46 UTC,145111864
2026/05/31 23:22:32 UTC,848692913
2025/06/25 19:05:14 UTC,550492743
2026/05/31 23:24:47 UTC,848692913
2025/07/31 05:43:30 UTC,794391316
2026/05/28 17:18:32 UTC,1149393644
2025/05/12 05:09:19 UTC,622781436
2026/05/21 14:50:10 UTC,1254280863
2025/06/17 18:54:18 UTC,679569913
2026/05/21 14:50:42 UTC,1254280863
2025/03/19 05:09:48 UTC,552548184
2026/05/18 13:53:34 UTC,145111864
2026/01/10 08:48:46 UTC,895023964
2026/05/18 13:54:41 UTC,145111864
2025/08/06 00:44:25 UTC,145111864
2026/05/15 04:38:02 UTC,941613523
2025/08/06 00:48:18 UTC,145111864
2026/04/30 23:47:01 UTC,1196386593
2025/03/12 20:02:31 UTC,598592544
2026/04/28 08:11:58 UTC,1391911016
2025/03/12 20:02:37 UTC,598592544
2026/04/25 09:29:26 UTC,427864244
2025/03/12 20:02:45 UTC,598592544
2026/04/25 09:29:34 UTC,427864244
2025/10/13 19:54:46 UTC,561452174
2026/04/25 09:26:52 UTC,427864244
2026/01/21 08:37:37 UTC,1109882063
2026/04/25 09:26:57 UTC,427864244
2025/10/13 18:10:47 UTC,647715984
2026/04/25 09:27:52 UTC,427864244
2025/11/27 20:54:59 UTC,647697194
2026/04/25 09:27:54 UTC,427864244
2025/12/25 21:15:06 UTC,427864244
2026/04/25 09:27:56 UTC,427864244
2025/12/25 21:15:38 UTC,427864244
2026/04/25 09:28:03 UTC,427864244
2025/12/25 21:15:41 UTC,427864244
2026/04/25 09:28:04 UTC,427864244
2025/12/25 21:15:47 UTC,427864244
2026/04/25 09:28:25 UTC,427864244
2025/12/25 21:15:49 UTC,427864244
2026/04/25 09:28:29 UTC,427864244
2025/11/27 18:46:38 UTC,647715984
2026/04/25 09:28:36 UTC,427864244
2025/11/27 18:46:56 UTC,647715984
2026/04/25 09:28:37 UTC,427864244
2025/07/26 00:38:58 UTC,679290413
2026/04/25 09:28:41 UTC,427864244
2025/07/26 00:46:19 UTC,745117573
2026/04/28 23:22:27 UTC,1190657203
2025/12/02 21:28:43 UTC,926830594
2026/04/24 18:57:11 UTC,1390560466
2025/05/26 05:26:41 UTC,620426676
2026/04/24 18:57:13 UTC,1390560466
2025/03/06 04:58:14 UTC,598592544
2026/04/24 18:57:13 UTC,1390560466
2025/03/06 04:58:25 UTC,598592544
2026/04/19 03:14:51 UTC,1149393644
2025/05/02 16:44:07 UTC,145111864
2026/04/19 03:15:29 UTC,1149393644
2025/05/02 17:41:31 UTC,636655976
2026/04/15 08:00:21 UTC,561452174
2024/09/27 02:30:32 UTC,374061034
2026/04/07 15:49:15 UTC,837422456
2025/03/14 11:42:22 UTC,602182194
2026/03/26 11:14:43 UTC,1364349536
2025/06/28 19:24:31 UTC,645616576
2026/03/26 11:16:57 UTC,1143782174
2026/03/11 05:25:37 UTC,1230203754
2025/07/30 06:29:28 UTC,145111864
2024/09/11 02:03:50 UTC,493152633
2025/07/30 06:29:41 UTC,145111864
2024/09/11 02:03:55 UTC,493152633
2025/07/16 23:38:02 UTC,712065733
2025/12/19 00:08:36 UTC,1073426234
2025/07/16 23:38:09 UTC,712065733
2025/02/10 22:33:04 UTC,164094834
2025/07/29 22:53:34 UTC,797867426
2025/08/19 11:29:57 UTC,585498474
2025/07/29 22:53:56 UTC,797867426
2025/08/19 11:33:48 UTC,832066986
2025/07/29 22:55:24 UTC,145111864
2025/08/19 11:33:58 UTC,832066986
2025/07/16 18:40:31 UTC,698860893
2025/05/20 18:09:28 UTC,705094296
2025/09/04 10:46:42 UTC,680320814
2025/05/20 05:33:17 UTC,687801856
2025/09/04 10:46:42 UTC,680320814
2025/08/20 03:01:30 UTC,145111864
2025/07/14 19:50:57 UTC,575422494
2025/12/02 21:28:52 UTC,926830594
2025/08/19 21:37:54 UTC,834431436
2026/01/05 04:57:46 UTC,884932236
2026/01/25 18:37:14 UTC,1124299964
2025/07/14 16:42:13 UTC,427698984
2025/07/25 14:29:43 UTC,751805166
2025/02/28 22:49:33 UTC,586299333
2026/01/05 04:21:14 UTC,895814214
2026/01/25 21:06:56 UTC,699767144
2025/07/06 19:35:47 UTC,712065733
2025/07/25 14:29:08 UTC,751805166
2025/06/04 20:12:06 UTC,647715984
2025/05/29 23:56:24 UTC,625955823
2026/01/25 21:07:02 UTC,699767144
2025/07/14 19:31:28 UTC,575422494
2024/09/15 16:55:48 UTC,420653084
2025/06/04 20:12:12 UTC,647715984
2025/05/29 23:57:53 UTC,625955823
2026/01/25 18:37:52 UTC,1124299964
2025/07/14 19:31:39 UTC,575422494
2025/04/01 18:31:02 UTC,651348406
2025/06/04 20:12:25 UTC,647715984
2025/05/29 23:57:57 UTC,625955823
2025/01/06 09:40:53 UTC,508527044
2025/12/03 18:53:55 UTC,831597686
2025/10/02 18:04:48 UTC,771412874
2025/06/04 20:12:26 UTC,647715984
2025/08/10 21:20:47 UTC,721647814
2025/01/06 09:40:54 UTC,508527044
2025/12/03 18:53:55 UTC,831597686
2025/06/08 04:14:52 UTC,647697194
2025/06/04 20:12:27 UTC,647715984
2025/09/28 05:37:50 UTC,721676514
2025/01/06 09:40:55 UTC,508527044
2025/07/14 16:09:40 UTC,783458986
2026/01/29 02:26:54 UTC,957889186
2025/06/04 20:12:33 UTC,647715984
2025/09/28 05:37:59 UTC,721676514
2025/01/06 09:40:56 UTC,508527044
2025/06/04 20:12:34 UTC,647715984
2025/03/25 20:03:53 UTC,570146944
2025/01/06 09:41:14 UTC,508527044
2025/06/04 20:12:58 UTC,647715984
2025/09/08 16:58:51 UTC,561452174
2025/01/06 09:41:14 UTC,508527044
2025/06/04 20:10:10 UTC,647715984
2025/09/08 16:58:57 UTC,561452174
2025/01/06 09:41:31 UTC,382462454
2025/06/04 20:11:59 UTC,647715984
2025/07/11 15:28:24 UTC,575422494
2025/05/18 19:52:06 UTC,685047456
2025/06/04 20:12:07 UTC,647715984
2025/07/11 15:28:33 UTC,575422494
2025/05/18 19:52:08 UTC,685047456
2025/06/04 20:12:09 UTC,647715984
2025/09/08 04:54:19 UTC,647697194
2025/06/13 00:33:37 UTC,145111864
2025/06/04 20:12:11 UTC,647715984
2025/09/08 04:54:20 UTC,647697194
2025/12/01 15:36:37 UTC,676880284
2025/06/04 20:12:27 UTC,647715984
2025/09/08 04:54:23 UTC,647697194
2025/04/28 05:48:18 UTC,616044076
2025/06/04 20:12:29 UTC,647715984
2025/09/08 04:54:49 UTC,647697194
2025/04/28 06:18:33 UTC,583998463
2025/06/04 20:12:29 UTC,647715984
2025/09/08 04:57:57 UTC,647697194
2026/03/03 18:46:06 UTC,1143782174
2025/06/04 20:12:35 UTC,647715984
2025/09/08 04:58:25 UTC,647697194
2026/03/17 18:01:29 UTC,1112987453
2025/06/04 20:12:35 UTC,647715984
2026/03/13 19:20:08 UTC,647715984
2025/03/10 02:41:46 UTC,616727046
2025/06/04 20:12:36 UTC,647715984
2025/12/27 22:41:09 UTC,990699963
2025/08/17 06:03:58 UTC,832077356
2026/01/15 06:53:16 UTC,927105394
2025/03/03 19:23:53 UTC,632371496
2025/08/17 06:04:18 UTC,832077356
2026/01/15 06:53:19 UTC,927105394
2025/09/07 23:24:59 UTC,757273696
2025/08/17 01:19:55 UTC,722162704
2026/01/15 06:53:21 UTC,927105394
2025/04/20 20:02:58 UTC,640224494
2025/08/17 01:20:14 UTC,722162704
2025/01/28 06:05:13 UTC,262828396
2025/04/20 20:03:15 UTC,640224494
2025/08/17 05:02:57 UTC,145111864
2025/01/28 06:05:13 UTC,262828396
2025/07/03 00:25:51 UTC,695114514
2025/06/07 04:24:14 UTC,543686464
2025/01/28 06:05:13 UTC,262828396
2025/07/03 00:25:51 UTC,695114514
2025/06/07 04:24:30 UTC,543686464
2025/08/22 18:59:52 UTC,809369096
2025/09/09 19:46:02 UTC,647715984
2026/02/12 04:33:08 UTC,898373686
2025/06/11 02:57:28 UTC,707465786
2025/09/09 15:59:28 UTC,647697194
2026/02/12 04:33:47 UTC,898373686
2025/06/11 02:57:33 UTC,707465786
2025/05/27 03:59:06 UTC,688613173
2026/02/12 04:33:50 UTC,898373686
2025/06/11 02:57:54 UTC,707465786
2025/03/17 09:07:01 UTC,532809034
2026/02/12 04:33:52 UTC,898373686
2025/06/11 02:58:03 UTC,707465786
2024/11/03 05:52:19 UTC,506808586
2025/05/05 05:47:06 UTC,684877886
2025/06/11 02:49:21 UTC,707465786
2024/11/03 05:52:21 UTC,506808586
2025/05/05 03:00:16 UTC,684877886
2025/06/11 02:49:23 UTC,707465786
2025/03/05 04:55:14 UTC,616771756
2025/05/05 03:00:17 UTC,684877886
2025/06/11 03:00:15 UTC,707465786
2025/03/05 04:55:19 UTC,616771756
2025/01/05 04:57:44 UTC,313809076
2025/06/11 03:00:19 UTC,707465786
2025/03/04 14:08:33 UTC,637605786
2025/03/31 11:21:57 UTC,632617386
2025/06/11 03:00:42 UTC,707465786
2025/06/30 15:46:11 UTC,145111864
2025/03/01 20:13:19 UTC,164094834
2025/06/11 03:00:42 UTC,707465786
2025/06/30 20:03:35 UTC,145111864
2025/03/01 20:13:22 UTC,164094834
2025/06/11 03:01:08 UTC,707465786
2025/08/12 19:47:06 UTC,575422494
2025/08/07 03:00:14 UTC,721676514
2025/06/11 03:01:15 UTC,707465786
2025/08/12 19:47:20 UTC,575422494
2025/08/07 03:01:02 UTC,721676514
2025/06/11 03:01:47 UTC,707465786
2025/08/12 19:47:23 UTC,575422494
2025/08/07 03:01:07 UTC,721676514
2025/06/11 03:01:59 UTC,707465786
2025/07/17 18:29:08 UTC,707054974
2025/06/11 03:03:01 UTC,707465786
2025/07/17 18:29:23 UTC,707054974
2025/06/11 03:03:14 UTC,707465786
2025/08/07 02:58:28 UTC,721676514
2025/06/11 03:07:23 UTC,707465786
2025/08/07 02:58:37 UTC,721676514
2025/06/11 03:07:27 UTC,707465786
2025/03/31 10:49:18 UTC,623976854
2025/06/11 03:07:42 UTC,707465786
2025/08/07 03:50:26 UTC,743333236
2025/06/11 03:07:46 UTC,707465786
2025/01/03 16:00:12 UTC,563817153
2025/06/11 03:08:12 UTC,707465786
2025/01/03 16:02:49 UTC,563817153
2025/06/11 03:08:14 UTC,707465786
2025/11/04 20:51:24 UTC,771385824
2025/06/11 03:08:34 UTC,707465786
2025/07/27 20:38:16 UTC,742150936
2025/06/11 03:08:35 UTC,707465786
2025/07/27 23:32:56 UTC,742150936
2025/06/11 03:09:15 UTC,707465786
2025/08/21 08:19:32 UTC,832058556
2025/06/11 03:09:23 UTC,707465786
2025/01/06 11:48:54 UTC,200008464
2025/06/11 03:17:31 UTC,707465786
2025/08/24 17:54:15 UTC,767977383
2025/06/11 03:17:34 UTC,707465786
2025/04/23 07:03:40 UTC,664281396
2025/06/11 03:18:00 UTC,707465786
2025/04/23 09:06:08 UTC,620444636
2025/06/11 03:18:00 UTC,707465786
2026/02/13 09:08:48 UTC,898373686
2025/06/11 03:18:20 UTC,707465786
2025/10/09 04:18:58 UTC,886154996
2025/06/11 03:18:26 UTC,707465786
2025/01/05 08:39:37 UTC,532357004
2025/06/11 03:18:46 UTC,707465786
2025/01/05 09:38:54 UTC,479722234
2025/06/11 03:18:50 UTC,707465786
2025/09/14 07:35:31 UTC,853700356
2025/07/15 17:35:17 UTC,695384596
2025/09/14 07:35:40 UTC,853700356
2025/07/10 19:41:35 UTC,699249414
2025/09/15 03:23:46 UTC,449454476
2025/08/28 23:11:29 UTC,449500676
2025/10/25 00:57:50 UTC,718080814
2025/09/24 08:38:04 UTC,870268676
2025/07/18 12:15:21 UTC,796656616
2025/09/24 08:38:06 UTC,870268676
2025/07/18 12:15:58 UTC,796656616
2025/09/24 08:38:08 UTC,870268676
2025/07/18 12:18:08 UTC,647715984
2025/09/24 08:38:15 UTC,870268676
2025/02/06 01:51:08 UTC,506808586
2025/09/24 08:38:16 UTC,870268676
2025/02/06 01:51:10 UTC,506808586
2025/09/24 08:38:31 UTC,870268676
2025/07/18 18:29:21 UTC,585527534
2025/09/24 08:38:40 UTC,870268676
2025/07/18 18:29:23 UTC,585527534
2025/09/24 08:38:42 UTC,870268676
2025/07/18 18:30:05 UTC,585527534
2025/09/24 08:38:08 UTC,870268676
2025/07/18 18:31:17 UTC,585527534
2025/09/24 08:38:09 UTC,870268676
2024/12/02 05:35:43 UTC,545960016
2025/09/24 08:38:10 UTC,870268676
2024/12/02 05:35:44 UTC,545960016
2025/09/24 08:38:12 UTC,870268676
2024/12/02 05:35:59 UTC,545960016
2025/09/24 08:38:13 UTC,870268676
2025/03/07 02:03:26 UTC,427864244
2025/09/24 08:38:19 UTC,870268676
2025/03/07 02:03:30 UTC,427864244
2025/09/24 08:38:36 UTC,870268676
2025/03/07 02:24:37 UTC,639823116
2025/09/24 08:38:40 UTC,870268676
2025/12/31 07:20:58 UTC,826884554
2025/09/24 08:38:40 UTC,870268676
2025/12/20 00:00:37 UTC,884932236
2025/09/24 08:38:41 UTC,870268676
2025/02/04 20:09:48 UTC,506808586
2025/04/28 17:51:32 UTC,616044076
2025/02/04 20:09:52 UTC,506808586
2025/07/20 20:04:45 UTC,696511533
2025/08/22 03:44:30 UTC,721932554
2025/07/20 20:04:46 UTC,696511533
2025/08/22 05:22:37 UTC,832334586
2025/07/20 20:04:47 UTC,696511533
2025/12/12 18:35:31 UTC,895070114
2026/01/16 21:40:49 UTC,561461204
2025/05/01 05:49:05 UTC,568407026
2025/09/22 19:40:26 UTC,832154826
2025/06/05 19:38:03 UTC,623746304
2024/12/19 19:41:45 UTC,513805306
2025/09/17 23:04:25 UTC,747893984
2024/12/19 19:41:55 UTC,374060454
2025/09/17 23:04:29 UTC,747893984
2025/09/09 16:00:21 UTC,647697194
2026/02/06 00:12:39 UTC,1100110983
2025/09/09 16:00:21 UTC,647697194
2025/07/13 01:01:01 UTC,751607016
2025/04/06 03:48:45 UTC,630500024
2025/07/13 01:01:10 UTC,751607016
2025/04/06 03:48:46 UTC,630500024
2026/03/18 21:59:25 UTC,1370017496
2025/11/13 11:22:43 UTC,895023964
2025/07/07 19:09:24 UTC,145111864
2025/11/13 11:22:50 UTC,895023964
2025/07/07 20:08:01 UTC,427698984
2025/03/16 03:23:57 UTC,578130916
2025/07/07 20:08:01 UTC,427698984
2025/03/15 21:41:58 UTC,578130916
2025/07/07 19:09:00 UTC,145111864
2025/10/11 03:23:34 UTC,746029763
2025/06/27 16:29:57 UTC,427698984
2024/10/01 04:30:50 UTC,507851543
2025/04/08 23:00:13 UTC,641234276
2024/10/01 04:30:50 UTC,507851543
2025/04/08 22:59:50 UTC,625955823
2026/01/22 08:12:07 UTC,1090602934
2025/04/08 22:59:51 UTC,625955823
2026/01/22 08:11:58 UTC,1090602934
2025/04/08 22:59:56 UTC,625955823
2026/01/22 08:12:03 UTC,1090602934
2025/02/22 16:02:41 UTC,145111864
2026/01/22 08:12:07 UTC,1090602934
2025/02/22 16:12:22 UTC,145111864
2025/01/09 08:21:54 UTC,510712374
2025/10/07 13:38:17 UTC,647697194
2025/02/17 21:11:45 UTC,619146926
2025/10/07 13:38:20 UTC,647697194
2025/09/18 15:56:44 UTC,561452174
2026/02/04 01:54:59 UTC,1135095344
2025/10/16 12:51:06 UTC,905463666
2026/02/04 01:55:04 UTC,1135095344
2024/12/07 23:36:58 UTC,339300584
2025/02/22 20:21:18 UTC,622616386
2025/09/03 10:39:36 UTC,575422494
2025/10/07 13:37:56 UTC,647697194
2025/09/03 10:39:46 UTC,575422494
2025/08/03 16:07:02 UTC,449454476
2025/09/03 10:39:46 UTC,575422494
2025/08/03 20:42:06 UTC,631681716
2024/11/03 13:01:36 UTC,461322276
2026/01/15 13:09:30 UTC,647715984
2024/11/03 13:01:40 UTC,461322276
2025/06/11 19:46:21 UTC,561461204
2024/11/03 13:02:30 UTC,461322276
2024/11/11 21:36:50 UTC,449954766
2025/08/13 04:36:51 UTC,797867426
2025/06/11 19:44:23 UTC,561461204
2025/08/13 04:36:57 UTC,797867426
2025/06/11 19:46:20 UTC,561461204
2025/09/28 21:15:30 UTC,875538206
2025/06/11 19:46:58 UTC,561461204
2025/09/28 21:18:14 UTC,875538206
2025/06/11 19:46:59 UTC,561461204
2025/08/07 20:29:22 UTC,746555723
2025/08/29 22:11:11 UTC,647715984
2025/08/08 02:26:04 UTC,743295256
2025/07/03 18:05:08 UTC,627055486
2025/07/29 02:16:35 UTC,712478634
2025/03/10 22:30:04 UTC,611522036
2025/07/29 02:16:55 UTC,712478634
2025/10/16 01:18:35 UTC,716885573
2025/07/29 02:17:07 UTC,712478634
2025/10/16 01:18:36 UTC,716885573
2025/07/29 02:17:20 UTC,712478634
2025/08/17 16:42:55 UTC,754791596
2025/09/16 03:58:38 UTC,145111864
2025/08/17 16:43:12 UTC,754791596
2025/09/16 05:08:49 UTC,688613173
2025/06/15 04:25:05 UTC,715485756
2025/06/15 04:25:12 UTC,715485756
2025/06/15 04:25:13 UTC,715485756
2025/06/15 04:25:42 UTC,715485756
2025/06/15 04:26:21 UTC,715485756
2025/06/15 04:26:38 UTC,715485756
2025/06/06 02:07:54 UTC,676844004
2026/08/26 08:49:43 UTC,926587194
2025/02/15 22:52:46 UTC,611522036
2026/08/25 06:23:15 UTC,145111864
2026/03/14 20:39:42 UTC,1144110564
2026/08/25 07:13:51 UTC,145111864
2025/08/28 05:23:39 UTC,809369096
2026/08/24 06:16:43 UTC,943208224
2025/06/18 08:24:44 UTC,681230796
2026/08/24 04:40:36 UTC,1456116993
2025/03/20 18:58:07 UTC,646621023
2026/08/24 02:57:19 UTC,1397534356
2025/03/20 18:58:12 UTC,646621023
2026/08/24 02:57:20 UTC,1397534356
2025/02/06 18:32:23 UTC,575437294
2026/08/24 02:59:03 UTC,1480129936
2025/02/06 18:32:45 UTC,575437294
2026/08/24 02:59:11 UTC,1480129936
2025/02/06 18:32:48 UTC,575437294
2026/08/24 04:43:07 UTC,1476575834
2025/02/06 18:32:52 UTC,575437294
2026/08/24 04:43:13 UTC,1476575834
2025/02/06 18:32:57 UTC,575437294
2026/08/22 20:01:53 UTC,145111864
2025/02/06 18:33:07 UTC,575437294
2026/08/24 06:18:00 UTC,145111864
2025/02/06 18:33:16 UTC,575437294
2026/08/21 19:47:14 UTC,1467174814
2025/02/06 18:33:19 UTC,575437294
2026/08/21 19:47:18 UTC,1467174814
2025/06/18 17:16:39 UTC,640914144
2026/08/26 16:33:32 UTC,1539562766
2025/03/30 01:02:23 UTC,564508746
2026/08/20 08:04:54 UTC,145111864
2025/03/30 01:02:34 UTC,564508746
2026/08/26 13:46:07 UTC,1535520266
2025/03/30 01:02:50 UTC,564508746
2026/08/29 20:08:25 UTC,145111864
2025/04/13 04:52:02 UTC,631208796
2026/08/29 20:09:29 UTC,145111864
2025/08/01 17:53:13 UTC,561452174
2026/08/18 10:58:04 UTC,1535996526
2025/08/01 17:53:04 UTC,561452174
2026/08/17 17:43:18 UTC,164094834
2025/08/01 17:53:15 UTC,561452174
2026/08/17 08:49:23 UTC,1465176814
2025/08/01 21:48:10 UTC,712197444
2026/08/07 05:13:42 UTC,1476575834
2025/08/01 22:03:46 UTC,717350204
2026/08/07 05:13:45 UTC,1476575834
2025/08/02 01:51:30 UTC,732113936
2026/08/07 05:13:46 UTC,1476575834
2025/08/02 01:52:48 UTC,797867426
2026/08/08 05:04:34 UTC,1456237153
2025/06/04 04:59:59 UTC,620748676
2026/08/08 05:04:50 UTC,1456237153
2025/06/04 03:37:22 UTC,620748676
2026/08/08 05:04:50 UTC,1456237153
2025/06/04 03:37:28 UTC,620748676
2026/08/06 12:23:39 UTC,145111864
2025/08/01 20:02:30 UTC,676880284
2026/08/06 01:55:38 UTC,1528586166
2025/08/01 20:02:38 UTC,676880284
2026/08/15 09:13:33 UTC,1477073634
2025/08/01 20:02:44 UTC,676880284
2026/08/04 04:10:07 UTC,145111864
2025/08/01 21:19:21 UTC,797873656
2026/08/13 01:32:05 UTC,1543564296
2025/06/04 01:01:58 UTC,620748676
2026/07/29 04:08:57 UTC,1149393644
2025/06/04 01:02:20 UTC,620748676
2026/08/10 23:36:34 UTC,1535520266
2025/06/04 01:02:26 UTC,620748676
2026/07/26 05:34:55 UTC,1451496406
2025/07/13 04:53:51 UTC,648321536
2026/07/27 09:05:29 UTC,145111864
2025/07/13 04:56:51 UTC,685324024
2026/07/27 03:58:30 UTC,1230238214
2025/07/13 04:56:56 UTC,685324024
2026/07/27 03:58:31 UTC,145111864
2025/09/10 07:16:04 UTC,756936483
2026/07/27 03:59:50 UTC,145111864
2025/08/01 01:19:42 UTC,799772616
2026/07/25 01:12:52 UTC,1230029424
2025/08/01 01:19:44 UTC,799772616
2026/07/24 15:48:19 UTC,145111864
2025/07/13 00:59:14 UTC,783476716
2026/07/24 15:48:54 UTC,145111864
2025/07/13 04:09:32 UTC,707073824
2026/07/24 15:47:44 UTC,1465176814
2025/08/08 08:48:46 UTC,721676514
2026/07/22 14:30:48 UTC,1451526556
2025/04/09 19:17:56 UTC,664281396
2026/07/20 20:29:50 UTC,1439140326
2025/04/09 17:32:32 UTC,611584536
2026/07/22 03:41:46 UTC,164094834
2025/04/09 10:34:55 UTC,630500024
2026/07/18 06:35:40 UTC,1502217916
2025/04/09 10:34:56 UTC,630500024
2026/07/18 06:35:46 UTC,1502217916
2025/08/11 04:20:54 UTC,754723596
2026/07/18 06:35:47 UTC,1502217916
2025/08/11 04:22:05 UTC,145111864
2026/07/10 01:49:09 UTC,1230029424
2025/08/20 19:44:04 UTC,680320814
2026/05/08 00:18:09 UTC,1393313916
2025/08/20 19:43:02 UTC,680320814
2026/06/25 06:29:59 UTC,145111864
2025/08/20 19:43:58 UTC,680320814
2026/06/25 06:23:36 UTC,145111864
2025/04/03 21:48:29 UTC,145111864
2026/05/08 05:10:11 UTC,145111864
2025/08/21 05:05:55 UTC,717183124
2026/05/31 23:22:32 UTC,848692913
2025/07/02 02:04:46 UTC,145111864
2026/05/31 23:22:32 UTC,848692913
2025/06/25 19:05:14 UTC,550492743
2026/05/31 23:24:47 UTC,848692913
2025/07/31 05:43:30 UTC,794391316
2026/05/28 17:18:32 UTC,1149393644
2025/05/12 05:09:19 UTC,622781436
2026/05/21 14:50:10 UTC,1254280863
2025/06/17 18:54:18 UTC,679569913
2026/05/21 14:50:42 UTC,1254280863
2025/03/19 05:09:48 UTC,552548184
2026/05/18 13:53:34 UTC,145111864
2026/01/10 08:48:46 UTC,895023964
2026/05/18 13:54:41 UTC,145111864
2025/08/06 00:44:25 UTC,145111864
2026/05/15 04:38:02 UTC,941613523
2025/08/06 00:48:18 UTC,145111864
2026/04/30 23:47:01 UTC,1196386593
2025/03/12 20:02:31 UTC,598592544
2026/04/28 08:11:58 UTC,1391911016
2025/03/12 20:02:37 UTC,598592544
2026/04/25 09:29:26 UTC,427864244
2025/03/12 20:02:45 UTC,598592544
2026/04/25 09:29:34 UTC,427864244
2025/10/13 19:54:46 UTC,561452174
2026/04/25 09:26:52 UTC,427864244
2026/01/21 08:37:37 UTC,1109882063
2026/04/25 09:26:57 UTC,427864244
2025/10/13 18:10:47 UTC,647715984
2026/04/25 09:27:52 UTC,427864244
2025/11/27 20:54:59 UTC,647697194
2026/04/25 09:27:54 UTC,427864244
2025/12/25 21:15:06 UTC,427864244
2026/04/25 09:27:56 UTC,427864244
2025/12/25 21:15:38 UTC,427864244
2026/04/25 09:28:03 UTC,427864244
2025/12/25 21:15:41 UTC,427864244
2026/04/25 09:28:04 UTC,427864244
2025/12/25 21:15:47 UTC,427864244
2026/04/25 09:28:25 UTC,427864244
2025/12/25 21:15:49 UTC,427864244
2026/04/25 09:28:29 UTC,427864244
2025/11/27 18:46:38 UTC,647715984
2026/04/25 09:28:36 UTC,427864244
2025/11/27 18:46:56 UTC,647715984
2026/04/25 09:28:37 UTC,427864244
2025/07/26 00:38:58 UTC,679290413
2026/04/25 09:28:41 UTC,427864244
2025/07/26 00:46:19 UTC,745117573
2026/04/28 23:22:27 UTC,1190657203
2025/12/02 21:28:43 UTC,926830594
2026/04/24 18:57:11 UTC,1390560466
2025/05/26 05:26:41 UTC,620426676
2026/04/24 18:57:13 UTC,1390560466
2025/03/06 04:58:14 UTC,598592544
2026/04/24 18:57:13 UTC,1390560466
2025/03/06 04:58:25 UTC,598592544
2026/04/19 03:14:51 UTC,1149393644
2025/05/02 16:44:07 UTC,145111864
2026/04/19 03:15:29 UTC,1149393644
2025/05/02 17:41:31 UTC,636655976
2026/04/15 08:00:21 UTC,561452174
2024/09/27 02:30:32 UTC,374061034
2026/04/07 15:49:15 UTC,837422456
2025/03/14 11:42:22 UTC,602182194
2026/03/26 11:14:43 UTC,1364349536
2025/06/28 19:24:31 UTC,645616576
2026/03/26 11:16:57 UTC,1143782174
2026/03/11 05:25:37 UTC,1230203754
2025/07/30 06:29:28 UTC,145111864
2024/09/11 02:03:50 UTC,493152633
2025/07/30 06:29:41 UTC,145111864
2024/09/11 02:03:55 UTC,493152633
2025/07/16 23:38:02 UTC,712065733
2025/12/19 00:08:36 UTC,1073426234
2025/07/16 23:38:09 UTC,712065733
2025/02/10 22:33:04 UTC,164094834
2025/07/29 22:53:34 UTC,797867426
2025/08/19 11:29:57 UTC,585498474
2025/07/29 22:53:56 UTC,797867426
2025/08/19 11:33:48 UTC,832066986
2025/07/29 22:55:24 UTC,145111864
2025/08/19 11:33:58 UTC,832066986
2025/07/16 18:40:31 UTC,698860893
2025/05/20 18:09:28 UTC,705094296
2025/09/04 10:46:42 UTC,680320814
2025/05/20 05:33:17 UTC,687801856
2025/09/04 10:46:42 UTC,680320814
2025/08/20 03:01:30 UTC,145111864
2025/07/14 19:50:57 UTC,575422494
2025/12/02 21:28:52 UTC,926830594
2025/08/19 21:37:54 UTC,834431436
2026/01/05 04:57:46 UTC,884932236
2026/01/25 18:37:14 UTC,1124299964
2025/07/14 16:42:13 UTC,427698984
2025/07/25 14:29:43 UTC,751805166
2025/02/28 22:49:33 UTC,586299333
2026/01/05 04:21:14 UTC,895814214
2026/01/25 21:06:56 UTC,699767144
2025/07/06 19:35:47 UTC,712065733
2025/07/25 14:29:08 UTC,751805166
2025/06/04 20:12:06 UTC,647715984
2025/05/29 23:56:24 UTC,625955823
2026/01/25 21:07:02 UTC,699767144
2025/07/14 19:31:28 UTC,575422494
2024/09/15 16:55:48 UTC,420653084
2025/06/04 20:12:12 UTC,647715984
2025/05/29 23:57:53 UTC,625955823
2026/01/25 18:37:52 UTC,1124299964
2025/07/14 19:31:39 UTC,575422494
2025/04/01 18:31:02 UTC,651348406
2025/06/04 20:12:25 UTC,647715984
2025/05/29 23:57:57 UTC,625955823
2025/01/06 09:40:53 UTC,508527044
2025/12/03 18:53:55 UTC,831597686
2025/10/02 18:04:48 UTC,771412874
2025/06/04 20:12:26 UTC,647715984
2025/08/10 21:20:47 UTC,721647814
2025/01/06 09:40:54 UTC,508527044
2025/12/03 18:53:55 UTC,831597686
2025/06/08 04:14:52 UTC,647697194
2025/06/04 20:12:27 UTC,647715984
2025/09/28 05:37:50 UTC,721676514
2025/01/06 09:40:55 UTC,508527044
2025/07/14 16:09:40 UTC,783458986
2026/01/29 02:26:54 UTC,957889186
2025/06/04 20:12:33 UTC,647715984
2025/09/28 05:37:59 UTC,721676514
2025/01/06 09:40:56 UTC,508527044
2025/06/04 20:12:34 UTC,647715984
2025/03/25 20:03:53 UTC,570146944
2025/01/06 09:41:14 UTC,508527044
2025/06/04 20:12:58 UTC,647715984
2025/09/08 16:58:51 UTC,561452174
2025/01/06 09:41:14 UTC,508527044
2025/06/04 20:10:10 UTC,647715984
2025/09/08 16:58:57 UTC,561452174
2025/01/06 09:41:31 UTC,382462454
2025/06/04 20:11:59 UTC,647715984
2025/07/11 15:28:24 UTC,575422494
2025/05/18 19:52:06 UTC,685047456
2025/06/04 20:12:07 UTC,647715984
2025/07/11 15:28:33 UTC,575422494
2025/05/18 19:52:08 UTC,685047456
2025/06/04 20:12:09 UTC,647715984
2025/09/08 04:54:19 UTC,647697194
2025/06/13 00:33:37 UTC,145111864
2025/06/04 20:12:11 UTC,647715984
2025/09/08 04:54:20 UTC,647697194
2025/12/01 15:36:37 UTC,676880284
2025/06/04 20:12:27 UTC,647715984
2025/09/08 04:54:23 UTC,647697194
2025/04/28 05:48:18 UTC,616044076
2025/06/04 20:12:29 UTC,647715984
2025/09/08 04:54:49 UTC,647697194
2025/04/28 06:18:33 UTC,583998463
2025/06/04 20:12:29 UTC,647715984
2025/09/08 04:57:57 UTC,647697194
2026/03/03 18:46:06 UTC,1143782174
2025/06/04 20:12:35 UTC,647715984
2025/09/08 04:58:25 UTC,647697194
2026/03/17 18:01:29 UTC,1112987453
2025/06/04 20:12:35 UTC,647715984
2026/03/13 19:20:08 UTC,647715984
2025/03/10 02:41:46 UTC,616727046
2025/06/04 20:12:36 UTC,647715984
2025/12/27 22:41:09 UTC,990699963
2025/08/17 06:03:58 UTC,832077356
2026/01/15 06:53:16 UTC,927105394
2025/03/03 19:23:53 UTC,632371496
2025/08/17 06:04:18 UTC,832077356
2026/01/15 06:53:19 UTC,927105394
2025/09/07 23:24:59 UTC,757273696
2025/08/17 01:19:55 UTC,722162704
2026/01/15 06:53:21 UTC,927105394
2025/04/20 20:02:58 UTC,640224494
2025/08/17 01:20:14 UTC,722162704
2025/01/28 06:05:13 UTC,262828396
2025/04/20 20:03:15 UTC,640224494
2025/08/17 05:02:57 UTC,145111864
2025/01/28 06:05:13 UTC,262828396
2025/07/03 00:25:51 UTC,695114514
2025/06/07 04:24:14 UTC,543686464
2025/01/28 06:05:13 UTC,262828396
2025/07/03 00:25:51 UTC,695114514
2025/06/07 04:24:30 UTC,543686464
2025/08/22 18:59:52 UTC,809369096
2025/09/09 19:46:02 UTC,647715984
2026/02/12 04:33:08 UTC,898373686
2025/06/11 02:57:28 UTC,707465786
2025/09/09 15:59:28 UTC,647697194
2026/02/12 04:33:47 UTC,898373686
2025/06/11 02:57:33 UTC,707465786
2025/05/27 03:59:06 UTC,688613173
2026/02/12 04:33:50 UTC,898373686
2025/06/11 02:57:54 UTC,707465786
2025/03/17 09:07:01 UTC,532809034
2026/02/12 04:33:52 UTC,898373686
2025/06/11 02:58:03 UTC,707465786
2024/11/03 05:52:19 UTC,506808586
2025/05/05 05:47:06 UTC,684877886
2025/06/11 02:49:21 UTC,707465786
2024/11/03 05:52:21 UTC,506808586
2025/05/05 03:00:16 UTC,684877886
2025/06/11 02:49:23 UTC,707465786
2025/03/05 04:55:14 UTC,616771756
2025/05/05 03:00:17 UTC,684877886
2025/06/11 03:00:15 UTC,707465786
2025/03/05 04:55:19 UTC,616771756
2025/01/05 04:57:44 UTC,313809076
2025/06/11 03:00:19 UTC,707465786
2025/03/04 14:08:33 UTC,637605786
2025/03/31 11:21:57 UTC,632617386
2025/06/11 03:00:42 UTC,707465786
2025/06/30 15:46:11 UTC,145111864
2025/03/01 20:13:19 UTC,164094834
2025/06/11 03:00:42 UTC,707465786
2025/06/30 20:03:35 UTC,145111864
2025/03/01 20:13:22 UTC,164094834
2025/06/11 03:01:08 UTC,707465786
2025/08/12 19:47:06 UTC,575422494
2025/08/07 03:00:14 UTC,721676514
2025/06/11 03:01:15 UTC,707465786
2025/08/12 19:47:20 UTC,575422494
2025/08/07 03:01:02 UTC,721676514
2025/06/11 03:01:47 UTC,707465786
2025/08/12 19:47:23 UTC,575422494
2025/08/07 03:01:07 UTC,721676514
2025/06/11 03:01:59 UTC,707465786
2025/07/17 18:29:08 UTC,707054974
2025/06/11 03:03:01 UTC,707465786
2025/07/17 18:29:23 UTC,707054974
2025/06/11 03:03:14 UTC,707465786
2025/08/07 02:58:28 UTC,721676514
2025/06/11 03:07:23 UTC,707465786
2025/08/07 02:58:37 UTC,721676514
2025/06/11 03:07:27 UTC,707465786
2025/03/31 10:49:18 UTC,623976854
2025/06/11 03:07:42 UTC,707465786
2025/08/07 03:50:26 UTC,743333236
2025/06/11 03:07:46 UTC,707465786
2025/01/03 16:00:12 UTC,563817153
2025/06/11 03:08:12 UTC,707465786
2025/01/03 16:02:49 UTC,563817153
2025/06/11 03:08:14 UTC,707465786
2025/11/04 20:51:24 UTC,771385824
2025/06/11 03:08:34 UTC,707465786
2025/07/27 20:38:16 UTC,742150936
2025/06/11 03:08:35 UTC,707465786
2025/07/27 23:32:56 UTC,742150936
2025/06/11 03:09:15 UTC,707465786
2025/08/21 08:19:32 UTC,832058556
2025/06/11 03:09:23 UTC,707465786
2025/01/06 11:48:54 UTC,200008464
2025/06/11 03:17:31 UTC,707465786
2025/08/24 17:54:15 UTC,767977383
2025/06/11 03:17:34 UTC,707465786
2025/04/23 07:03:40 UTC,664281396
2025/06/11 03:18:00 UTC,707465786
2025/04/23 09:06:08 UTC,620444636
2025/06/11 03:18:00 UTC,707465786
2026/02/13 09:08:48 UTC,898373686
2025/06/11 03:18:20 UTC,707465786
2025/10/09 04:18:58 UTC,886154996
2025/06/11 03:18:26 UTC,707465786
2025/01/05 08:39:37 UTC,532357004
2025/06/11 03:18:46 UTC,707465786
2025/01/05 09:38:54 UTC,479722234
2025/06/11 03:18:50 UTC,707465786
2025/09/14 07:35:31 UTC,853700356
2025/07/15 17:35:17 UTC,695384596
2025/09/14 07:35:40 UTC,853700356
2025/07/10 19:41:35 UTC,699249414
2025/09/15 03:23:46 UTC,449454476
2025/08/28 23:11:29 UTC,449500676
2025/10/25 00:57:50 UTC,718080814
2025/09/24 08:38:04 UTC,870268676
2025/07/18 12:15:21 UTC,796656616
2025/09/24 08:38:06 UTC,870268676
2025/07/18 12:15:58 UTC,796656616
2025/09/24 08:38:08 UTC,870268676
2025/07/18 12:18:08 UTC,647715984
2025/09/24 08:38:15 UTC,870268676
2025/02/06 01:51:08 UTC,506808586
2025/09/24 08:38:16 UTC,870268676
2025/02/06 01:51:10 UTC,506808586
2025/09/24 08:38:31 UTC,870268676
2025/07/18 18:29:21 UTC,585527534
2025/09/24 08:38:40 UTC,870268676
2025/07/18 18:29:23 UTC,585527534
2025/09/24 08:38:42 UTC,870268676
2025/07/18 18:30:05 UTC,585527534
2025/09/24 08:38:08 UTC,870268676
2025/07/18 18:31:17 UTC,585527534
2025/09/24 08:38:09 UTC,870268676
2024/12/02 05:35:43 UTC,545960016
2025/09/24 08:38:10 UTC,870268676
2024/12/02 05:35:44 UTC,545960016
2025/09/24 08:38:12 UTC,870268676
2024/12/02 05:35:59 UTC,545960016
2025/09/24 08:38:13 UTC,870268676
2025/03/07 02:03:26 UTC,427864244
2025/09/24 08:38:19 UTC,870268676
2025/03/07 02:03:30 UTC,427864244
2025/09/24 08:38:36 UTC,870268676
2025/03/07 02:24:37 UTC,639823116
2025/09/24 08:38:40 UTC,870268676
2025/12/31 07:20:58 UTC,826884554
2025/09/24 08:38:40 UTC,870268676
2025/12/20 00:00:37 UTC,884932236
2025/09/24 08:38:41 UTC,870268676
2025/02/04 20:09:48 UTC,506808586
2025/04/28 17:51:32 UTC,616044076
2025/02/04 20:09:52 UTC,506808586
2025/07/20 20:04:45 UTC,696511533
2025/08/22 03:44:30 UTC,721932554
2025/07/20 20:04:46 UTC,696511533
2025/08/22 05:22:37 UTC,832334586
2025/07/20 20:04:47 UTC,696511533
2025/12/12 18:35:31 UTC,895070114
2026/01/16 21:40:49 UTC,561461204
2025/05/01 05:49:05 UTC,568407026
2025/09/22 19:40:26 UTC,832154826
2025/06/05 19:38:03 UTC,623746304
2024/12/19 19:41:45 UTC,513805306
2025/09/17 23:04:25 UTC,747893984
2024/12/19 19:41:55 UTC,374060454
2025/09/17 23:04:29 UTC,747893984
2025/09/09 16:00:21 UTC,647697194
2026/02/06 00:12:39 UTC,1100110983
2025/09/09 16:00:21 UTC,647697194
2025/07/13 01:01:01 UTC,751607016
2025/04/06 03:48:45 UTC,630500024
2025/07/13 01:01:10 UTC,751607016
2025/04/06 03:48:46 UTC,630500024
2026/03/18 21:59:25 UTC,1370017496
2025/11/13 11:22:43 UTC,895023964
2025/07/07 19:09:24 UTC,145111864
2025/11/13 11:22:50 UTC,895023964
2025/07/07 20:08:01 UTC,427698984
2025/03/16 03:23:57 UTC,578130916
2025/07/07 20:08:01 UTC,427698984
2025/03/15 21:41:58 UTC,578130916
2025/07/07 19:09:00 UTC,145111864
2025/10/11 03:23:34 UTC,746029763
2025/06/27 16:29:57 UTC,427698984
2024/10/01 04:30:50 UTC,507851543
2025/04/08 23:00:13 UTC,641234276
2024/10/01 04:30:50 UTC,507851543
2025/04/08 22:59:50 UTC,625955823
2026/01/22 08:12:07 UTC,1090602934
2025/04/08 22:59:51 UTC,625955823
2026/01/22 08:11:58 UTC,1090602934
2025/04/08 22:59:56 UTC,625955823
2026/01/22 08:12:03 UTC,1090602934
2025/02/22 16:02:41 UTC,145111864
2026/01/22 08:12:07 UTC,1090602934
2025/02/22 16:12:22 UTC,145111864
2025/01/09 08:21:54 UTC,510712374
2025/10/07 13:38:17 UTC,647697194
2025/02/17 21:11:45 UTC,619146926
2025/10/07 13:38:20 UTC,647697194
2025/09/18 15:56:44 UTC,561452174
2026/02/04 01:54:59 UTC,1135095344
2025/10/16 12:51:06 UTC,905463666
2026/02/04 01:55:04 UTC,1135095344
2024/12/07 23:36:58 UTC,339300584
2025/02/22 20:21:18 UTC,622616386
2025/09/03 10:39:36 UTC,575422494
2025/10/07 13:37:56 UTC,647697194
2025/09/03 10:39:46 UTC,575422494
2025/08/03 16:07:02 UTC,449454476
2025/09/03 10:39:46 UTC,575422494
2025/08/03 20:42:06 UTC,631681716
2024/11/03 13:01:36 UTC,461322276
2026/01/15 13:09:30 UTC,647715984
2024/11/03 13:01:40 UTC,461322276
2025/06/11 19:46:21 UTC,561461204
2024/11/03 13:02:30 UTC,461322276
2024/11/11 21:36:50 UTC,449954766
2025/08/13 04:36:51 UTC,797867426
2025/06/11 19:44:23 UTC,561461204
2025/08/13 04:36:57 UTC,797867426
2025/06/11 19:46:20 UTC,561461204
2025/09/28 21:15:30 UTC,875538206
2025/06/11 19:46:58 UTC,561461204
2025/09/28 21:18:14 UTC,875538206
2025/06/11 19:46:59 UTC,561461204
2025/08/07 20:29:22 UTC,746555723
2025/08/29 22:11:11 UTC,647715984
2025/08/08 02:26:04 UTC,743295256
2025/07/03 18:05:08 UTC,627055486
2025/07/29 02:16:35 UTC,712478634
2025/03/10 22:30:04 UTC,611522036
2025/07/29 02:16:55 UTC,712478634
2025/10/16 01:18:35 UTC,716885573
2025/07/29 02:17:07 UTC,712478634
2025/10/16 01:18:36 UTC,716885573
2025/07/29 02:17:20 UTC,712478634
2025/08/17 16:42:55 UTC,754791596
2025/09/16 03:58:38 UTC,145111864
2025/08/17 16:43:12 UTC,754791596
2025/09/16 05:08:49 UTC,688613173
2025/06/15 04:25:05 UTC,715485756
2025/06/15 04:25:12 UTC,715485756
2025/06/15 04:25:13 UTC,715485756
2025/06/15 04:25:42 UTC,715485756
2025/06/15 04:26:21 UTC,715485756
2025/06/15 04:26:38 UTC,715485756
2025/06/06 02:07:54 UTC,676844004
2026/08/26 08:49:43 UTC,926587194
2025/02/15 22:52:46 UTC,611522036
2026/08/25 06:23:15 UTC,145111864
2026/03/14 20:39:42 UTC,1144110564
2026/08/25 07:13:51 UTC,145111864
2025/08/28 05:23:39 UTC,809369096
2026/08/24 06:16:43 UTC,943208224
2025/06/18 08:24:44 UTC,681230796
2026/08/24 04:40:36 UTC,1456116993
2025/03/20 18:58:07 UTC,646621023
2026/08/24 02:57:19 UTC,1397534356
2025/03/20 18:58:12 UTC,646621023
2026/08/24 02:57:20 UTC,1397534356
2025/02/06 18:32:23 UTC,575437294
2026/08/24 02:59:03 UTC,1480129936
2025/02/06 18:32:45 UTC,575437294
2026/08/24 02:59:11 UTC,1480129936
2025/02/06 18:32:48 UTC,575437294
2026/08/24 04:43:07 UTC,1476575834
2025/02/06 18:32:52 UTC,575437294
2026/08/24 04:43:13 UTC,1476575834
2025/02/06 18:32:57 UTC,575437294
2026/08/22 20:01:53 UTC,145111864
2025/02/06 18:33:07 UTC,575437294
2026/08/24 06:18:00 UTC,145111864
2025/02/06 18:33:16 UTC,575437294
2026/08/21 19:47:14 UTC,1467174814
2025/02/06 18:33:19 UTC,575437294
2026/08/21 19:47:18 UTC,1467174814
2025/06/18 17:16:39 UTC,640914144
2026/08/26 16:33:32 UTC,1539562766
2025/03/30 01:02:23 UTC,564508746
2026/08/20 08:04:54 UTC,145111864
2025/03/30 01:02:34 UTC,564508746
2026/08/26 13:46:07 UTC,1535520266
2025/03/30 01:02:50 UTC,564508746
2026/08/29 20:08:25 UTC,145111864
2025/04/13 04:52:02 UTC,631208796
2026/08/29 20:09:29 UTC,145111864
2025/08/01 17:53:13 UTC,561452174
2026/08/18 10:58:04 UTC,1535996526
2025/08/01 17:53:04 UTC,561452174
2026/08/17 17:43:18 UTC,164094834
2025/08/01 17:53:15 UTC,561452174
2026/08/17 08:49:23 UTC,1465176814
2025/08/01 21:48:10 UTC,712197444
2026/08/07 05:13:42 UTC,1476575834
2025/08/01 22:03:46 UTC,717350204
2026/08/07 05:13:45 UTC,1476575834
2025/08/02 01:51:30 UTC,732113936
2026/08/07 05:13:46 UTC,1476575834
2025/08/02 01:52:48 UTC,797867426
2026/08/08 05:04:34 UTC,1456237153
2025/06/04 04:59:59 UTC,620748676
2026/08/08 05:04:50 UTC,1456237153
2025/06/04 03:37:22 UTC,620748676
2026/08/08 05:04:50 UTC,1456237153
2025/06/04 03:37:28 UTC,620748676
2026/08/06 12:23:39 UTC,145111864
2025/08/01 20:02:30 UTC,676880284
2026/08/06 01:55:38 UTC,1528586166
2025/08/01 20:02:38 UTC,676880284
2026/08/15 09:13:33 UTC,1477073634
2025/08/01 20:02:44 UTC,676880284
2026/08/04 04:10:07 UTC,145111864
2025/08/01 21:19:21 UTC,797873656
2026/08/13 01:32:05 UTC,1543564296
2025/06/04 01:01:58 UTC,620748676
2026/07/29 04:08:57 UTC,1149393644
2025/06/04 01:02:20 UTC,620748676
2026/08/10 23:36:34 UTC,1535520266
2025/06/04 01:02:26 UTC,620748676
2026/07/26 05:34:55 UTC,1451496406
2025/07/13 04:53:51 UTC,648321536
2026/07/27 09:05:29 UTC,145111864
2025/07/13 04:56:51 UTC,685324024
2026/07/27 03:58:30 UTC,1230238214
2025/07/13 04:56:56 UTC,685324024
2026/07/27 03:58:31 UTC,145111864
2025/09/10 07:16:04 UTC,756936483
2026/07/27 03:59:50 UTC,145111864
2025/08/01 01:19:42 UTC,799772616
2026/07/25 01:12:52 UTC,1230029424
2025/08/01 01:19:44 UTC,799772616
2026/07/24 15:48:19 UTC,145111864
2025/07/13 00:59:14 UTC,783476716
2026/07/24 15:48:54 UTC,145111864
2025/07/13 04:09:32 UTC,707073824
2026/07/24 15:47:44 UTC,1465176814
2025/08/08 08:48:46 UTC,721676514
2026/07/22 14:30:48 UTC,1451526556
2025/04/09 19:17:56 UTC,664281396
2026/07/20 20:29:50 UTC,1439140326
2025/04/09 17:32:32 UTC,611584536
2026/07/22 03:41:46 UTC,164094834
2025/04/09 10:34:55 UTC,630500024
2026/07/18 06:35:40 UTC,1502217916
2025/04/09 10:34:56 UTC,630500024
2026/07/18 06:35:46 UTC,1502217916
2025/08/11 04:20:54 UTC,754723596
2026/07/18 06:35:47 UTC,1502217916
2025/08/11 04:22:05 UTC,145111864
2026/07/10 01:49:09 UTC,1230029424
2025/08/20 19:44:04 UTC,680320814
2026/05/08 00:18:09 UTC,1393313916
2025/08/20 19:43:02 UTC,680320814
2026/06/25 06:29:59 UTC,145111864
2025/08/20 19:43:58 UTC,680320814
2026/06/25 06:23:36 UTC,145111864
2025/04/03 21:48:29 UTC,145111864
2026/05/08 05:10:11 UTC,145111864
2025/08/21 05:05:55 UTC,717183124
2026/05/31 23:22:32 UTC,848692913
2025/07/02 02:04:46 UTC,145111864
2026/05/31 23:22:32 UTC,848692913
2025/06/25 19:05:14 UTC,550492743
2026/05/31 23:24:47 UTC,848692913
2025/07/31 05:43:30 UTC,794391316
2026/05/28 17:18:32 UTC,1149393644
2025/05/12 05:09:19 UTC,622781436
2026/05/21 14:50:10 UTC,1254280863
2025/06/17 18:54:18 UTC,679569913
2026/05/21 14:50:42 UTC,1254280863
2025/03/19 05:09:48 UTC,552548184
2026/05/18 13:53:34 UTC,145111864
2026/01/10 08:48:46 UTC,895023964
2026/05/18 13:54:41 UTC,145111864
2025/08/06 00:44:25 UTC,145111864
2026/05/15 04:38:02 UTC,941613523
2025/08/06 00:48:18 UTC,145111864
2026/04/30 23:47:01 UTC,1196386593
2025/03/12 20:02:31 UTC,598592544
2026/04/28 08:11:58 UTC,1391911016
2025/03/12 20:02:37 UTC,598592544
2026/04/25 09:29:26 UTC,427864244
2025/03/12 20:02:45 UTC,598592544
2026/04/25 09:29:34 UTC,427864244
2025/10/13 19:54:46 UTC,561452174
2026/04/25 09:26:52 UTC,427864244
2026/01/21 08:37:37 UTC,1109882063
2026/04/25 09:26:57 UTC,427864244
2025/10/13 18:10:47 UTC,647715984
2026/04/25 09:27:52 UTC,427864244
2025/11/27 20:54:59 UTC,647697194
2026/04/25 09:27:54 UTC,427864244
2025/12/25 21:15:06 UTC,427864244
2026/04/25 09:27:56 UTC,427864244
2025/12/25 21:15:38 UTC,427864244
2026/04/25 09:28:03 UTC,427864244
2025/12/25 21:15:41 UTC,427864244
2026/04/25 09:28:04 UTC,427864244
2025/12/25 21:15:47 UTC,427864244
2026/04/25 09:28:25 UTC,427864244
2025/12/25 21:15:49 UTC,427864244
2026/04/25 09:28:29 UTC,427864244
2025/11/27 18:46:38 UTC,647715984
2026/04/25 09:28:36 UTC,427864244
2025/11/27 18:46:56 UTC,647715984
2026/04/25 09:28:37 UTC,427864244
2025/07/26 00:38:58 UTC,679290413
2026/04/25 09:28:41 UTC,427864244
2025/07/26 00:46:19 UTC,745117573
2026/04/28 23:22:27 UTC,1190657203
2025/12/02 21:28:43 UTC,926830594
2026/04/24 18:57:11 UTC,1390560466
2025/05/26 05:26:41 UTC,620426676
2026/04/24 18:57:13 UTC,1390560466
2025/03/06 04:58:14 UTC,598592544
2026/04/24 18:57:13 UTC,1390560466
2025/03/06 04:58:25 UTC,598592544
2026/04/19 03:14:51 UTC,1149393644
2025/05/02 16:44:07 UTC,145111864
2026/04/19 03:15:29 UTC,1149393644
2025/05/02 17:41:31 UTC,636655976
2026/04/15 08:00:21 UTC,561452174
2024/09/27 02:30:32 UTC,374061034
2026/04/07 15:49:15 UTC,837422456
2025/03/14 11:42:22 UTC,602182194
2026/03/26 11:14:43 UTC,1364349536
2025/06/28 19:24:31 UTC,645616576
2026/03/26 11:16:57 UTC,1143782174
2026/03/11 05:25:37 UTC,1230203754
2025/07/30 06:29:28 UTC,145111864
2024/09/11 02:03:50 UTC,493152633
2025/07/30 06:29:41 UTC,145111864
2024/09/11 02:03:55 UTC,493152633
2025/07/16 23:38:02 UTC,712065733
2025/12/19 00:08:36 UTC,1073426234
2025/07/16 23:38:09 UTC,712065733
2025/02/10 22:33:04 UTC,164094834
2025/07/29 22:53:34 UTC,797867426
2025/08/19 11:29:57 UTC,585498474
2025/07/29 22:53:56 UTC,797867426
2025/08/19 11:33:48 UTC,832066986
2025/07/29 22:55:24 UTC,145111864
2025/08/19 11:33:58 UTC,832066986
2025/07/16 18:40:31 UTC,698860893
2025/05/20 18:09:28 UTC,705094296
2025/09/04 10:46:42 UTC,680320814
2025/05/20 05:33:17 UTC,687801856
2025/09/04 10:46:42 UTC,680320814
2025/08/20 03:01:30 UTC,145111864
2025/07/14 19:50:57 UTC,575422494
2025/12/02 21:28:52 UTC,926830594
2025/08/19 21:37:54 UTC,834431436
2026/01/05 04:57:46 UTC,884932236
2026/01/25 18:37:14 UTC,1124299964
2025/07/14 16:42:13 UTC,427698984
2025/07/25 14:29:43 UTC,751805166
2025/02/28 22:49:33 UTC,586299333
2026/01/05 04:21:14 UTC,895814214
2026/01/25 21:06:56 UTC,699767144
2025/07/06 19:35:47 UTC,712065733
2025/07/25 14:29:08 UTC,751805166
2025/06/04 20:12:06 UTC,647715984
2025/05/29 23:56:24 UTC,625955823
2026/01/25 21:07:02 UTC,699767144
2025/07/14 19:31:28 UTC,575422494
2024/09/15 16:55:48 UTC,420653084
2025/06/04 20:12:12 UTC,647715984
2025/05/29 23:57:53 UTC,625955823
2026/01/25 18:37:52 UTC,1124299964
2025/07/14 19:31:39 UTC,575422494
2025/04/01 18:31:02 UTC,651348406
2025/06/04 20:12:25 UTC,647715984
2025/05/29 23:57:57 UTC,625955823
2025/01/06 09:40:53 UTC,508527044
2025/12/03 18:53:55 UTC,831597686
2025/10/02 18:04:48 UTC,771412874
2025/06/04 20:12:26 UTC,647715984
2025/08/10 21:20:47 UTC,721647814
2025/01/06 09:40:54 UTC,508527044
2025/12/03 18:53:55 UTC,831597686
2025/06/08 04:14:52 UTC,647697194
2025/06/04 20:12:27 UTC,647715984
2025/09/28 05:37:50 UTC,721676514
2025/01/06 09:40:55 UTC,508527044
2025/07/14 16:09:40 UTC,783458986
2026/01/29 02:26:54 UTC,957889186
2025/06/04 20:12:33 UTC,647715984
2025/09/28 05:37:59 UTC,721676514
2025/01/06 09:40:56 UTC,508527044
2025/06/04 20:12:34 UTC,647715984
2025/03/25 20:03:53 UTC,570146944
2025/01/06 09:41:14 UTC,508527044
2025/06/04 20:12:58 UTC,647715984
2025/09/08 16:58:51 UTC,561452174
2025/01/06 09:41:14 UTC,508527044
2025/06/04 20:10:10 UTC,647715984
2025/09/08 16:58:57 UTC,561452174
2025/01/06 09:41:31 UTC,382462454
2025/06/04 20:11:59 UTC,647715984
2025/07/11 15:28:24 UTC,575422494
2025/05/18 19:52:06 UTC,685047456
2025/06/04 20:12:07 UTC,647715984
2025/07/11 15:28:33 UTC,575422494
2025/05/18 19:52:08 UTC,685047456
2025/06/04 20:12:09 UTC,647715984
2025/09/08 04:54:19 UTC,647697194
2025/06/13 00:33:37 UTC,145111864
2025/06/04 20:12:11 UTC,647715984
2025/09/08 04:54:20 UTC,647697194
2025/12/01 15:36:37 UTC,676880284
2025/06/04 20:12:27 UTC,647715984
2025/09/08 04:54:23 UTC,647697194
2025/04/28 05:48:18 UTC,616044076
2025/06/04 20:12:29 UTC,647715984
2025/09/08 04:54:49 UTC,647697194
2025/04/28 06:18:33 UTC,583998463
2025/06/04 20:12:29 UTC,647715984
2025/09/08 04:57:57 UTC,647697194
2026/03/03 18:46:06 UTC,1143782174
2025/06/04 20:12:35 UTC,647715984
2025/09/08 04:58:25 UTC,647697194
2026/03/17 18:01:29 UTC,1112987453
2025/06/04 20:12:35 UTC,647715984
2026/03/13 19:20:08 UTC,647715984
2025/03/10 02:41:46 UTC,616727046
2025/06/04 20:12:36 UTC,647715984
2025/12/27 22:41:09 UTC,990699963
2025/08/17 06:03:58 UTC,832077356
2026/01/15 06:53:16 UTC,927105394
2025/03/03 19:23:53 UTC,632371496
2025/08/17 06:04:18 UTC,832077356
2026/01/15 06:53:19 UTC,927105394
2025/09/07 23:24:59 UTC,757273696
2025/08/17 01:19:55 UTC,722162704
2026/01/15 06:53:21 UTC,927105394
2025/04/20 20:02:58 UTC,640224494
2025/08/17 01:20:14 UTC,722162704
2025/01/28 06:05:13 UTC,262828396
2025/04/20 20:03:15 UTC,640224494
2025/08/17 05:02:57 UTC,145111864
2025/01/28 06:05:13 UTC,262828396
2025/07/03 00:25:51 UTC,695114514
2025/06/07 04:24:14 UTC,543686464
2025/01/28 06:05:13 UTC,262828396
2025/07/03 00:25:51 UTC,695114514
2025/06/07 04:24:30 UTC,543686464
2025/08/22 18:59:52 UTC,809369096
2025/09/09 19:46:02 UTC,647715984
2026/02/12 04:33:08 UTC,898373686
2025/06/11 02:57:28 UTC,707465786
2025/09/09 15:59:28 UTC,647697194
2026/02/12 04:33:47 UTC,898373686
2025/06/11 02:57:33 UTC,707465786
2025/05/27 03:59:06 UTC,688613173
2026/02/12 04:33:50 UTC,898373686
2025/06/11 02:57:54 UTC,707465786
2025/03/17 09:07:01 UTC,532809034
2026/02/12 04:33:52 UTC,898373686
2025/06/11 02:58:03 UTC,707465786
2024/11/03 05:52:19 UTC,506808586
2025/05/05 05:47:06 UTC,684877886
2025/06/11 02:49:21 UTC,707465786
2024/11/03 05:52:21 UTC,506808586
2025/05/05 03:00:16 UTC,684877886
2025/06/11 02:49:23 UTC,707465786
2025/03/05 04:55:14 UTC,616771756
2025/05/05 03:00:17 UTC,684877886
2025/06/11 03:00:15 UTC,707465786
2025/03/05 04:55:19 UTC,616771756
2025/01/05 04:57:44 UTC,313809076
2025/06/11 03:00:19 UTC,707465786
2025/03/04 14:08:33 UTC,637605786
2025/03/31 11:21:57 UTC,632617386
2025/06/11 03:00:42 UTC,707465786
2025/06/30 15:46:11 UTC,145111864
2025/03/01 20:13:19 UTC,164094834
2025/06/11 03:00:42 UTC,707465786
2025/06/30 20:03:35 UTC,145111864
2025/03/01 20:13:22 UTC,164094834
2025/06/11 03:01:08 UTC,707465786
2025/08/12 19:47:06 UTC,575422494
2025/08/07 03:00:14 UTC,721676514
2025/06/11 03:01:15 UTC,707465786
2025/08/12 19:47:20 UTC,575422494
2025/08/07 03:01:02 UTC,721676514
2025/06/11 03:01:47 UTC,707465786
2025/08/12 19:47:23 UTC,575422494
2025/08/07 03:01:07 UTC,721676514
2025/06/11 03:01:59 UTC,707465786
2025/07/17 18:29:08 UTC,707054974
2025/06/11 03:03:01 UTC,707465786
2025/07/17 18:29:23 UTC,707054974
2025/06/11 03:03:14 UTC,707465786
2025/08/07 02:58:28 UTC,721676514
2025/06/11 03:07:23 UTC,707465786
2025/08/07 02:58:37 UTC,721676514
2025/06/11 03:07:27 UTC,707465786
2025/03/31 10:49:18 UTC,623976854
2025/06/11 03:07:42 UTC,707465786
2025/08/07 03:50:26 UTC,743333236
2025/06/11 03:07:46 UTC,707465786
2025/01/03 16:00:12 UTC,563817153
2025/06/11 03:08:12 UTC,707465786
2025/01/03 16:02:49 UTC,563817153
2025/06/11 03:08:14 UTC,707465786
2025/11/04 20:51:24 UTC,771385824
2025/06/11 03:08:34 UTC,707465786
2025/07/27 20:38:16 UTC,742150936
2025/06/11 03:08:35 UTC,707465786
2025/07/27 23:32:56 UTC,742150936
2025/06/11 03:09:15 UTC,707465786
2025/08/21 08:19:32 UTC,832058556
2025/06/11 03:09:23 UTC,707465786
2025/01/06 11:48:54 UTC,200008464
2025/06/11 03:17:31 UTC,707465786
2025/08/24 17:54:15 UTC,767977383
2025/06/11 03:17:34 UTC,707465786
2025/04/23 07:03:40 UTC,664281396
2025/06/11 03:18:00 UTC,707465786
2025/04/23 09:06:08 UTC,620444636
2025/06/11 03:18:00 UTC,707465786
2026/02/13 09:08:48 UTC,898373686
2025/06/11 03:18:20 UTC,707465786
2025/10/09 04:18:58 UTC,886154996
2025/06/11 03:18:26 UTC,707465786
2025/01/05 08:39:37 UTC,532357004
2025/06/11 03:18:46 UTC,707465786
2025/01/05 09:38:54 UTC,479722234
2025/06/11 03:18:50 UTC,707465786
2025/09/14 07:35:31 UTC,853700356
2025/07/15 17:35:17 UTC,695384596
2025/09/14 07:35:40 UTC,853700356
2025/07/10 19:41:35 UTC,699249414
2025/09/15 03:23:46 UTC,449454476
2025/08/28 23:11:29 UTC,449500676
2025/10/25 00:57:50 UTC,718080814
2025/09/24 08:38:04 UTC,870268676
2025/07/18 12:15:21 UTC,796656616
2025/09/24 08:38:06 UTC,870268676
2025/07/18 12:15:58 UTC,796656616
2025/09/24 08:38:08 UTC,870268676
2025/07/18 12:18:08 UTC,647715984
2025/09/24 08:38:15 UTC,870268676
2025/02/06 01:51:08 UTC,506808586
2025/09/24 08:38:16 UTC,870268676
2025/02/06 01:51:10 UTC,506808586
2025/09/24 08:38:31 UTC,870268676
2025/07/18 18:29:21 UTC,585527534
2025/09/24 08:38:40 UTC,870268676
2025/07/18 18:29:23 UTC,585527534
2025/09/24 08:38:42 UTC,870268676
2025/07/18 18:30:05 UTC,585527534
2025/09/24 08:38:08 UTC,870268676
2025/07/18 18:31:17 UTC,585527534
2025/09/24 08:38:09 UTC,870268676
2024/12/02 05:35:43 UTC,545960016
2025/09/24 08:38:10 UTC,870268676
2024/12/02 05:35:44 UTC,545960016
2025/09/24 08:38:12 UTC,870268676
2024/12/02 05:35:59 UTC,545960016
2025/09/24 08:38:13 UTC,870268676
2025/03/07 02:03:26 UTC,427864244
2025/09/24 08:38:19 UTC,870268676
2025/03/07 02:03:30 UTC,427864244
2025/09/24 08:38:36 UTC,870268676
2025/03/07 02:24:37 UTC,639823116
2025/09/24 08:38:40 UTC,870268676
2025/12/31 07:20:58 UTC,826884554
2025/09/24 08:38:40 UTC,870268676
2025/12/20 00:00:37 UTC,884932236
2025/09/24 08:38:41 UTC,870268676
2025/02/04 20:09:48 UTC,506808586
2025/04/28 17:51:32 UTC,616044076
2025/02/04 20:09:52 UTC,506808586
2025/07/20 20:04:45 UTC,696511533
2025/08/22 03:44:30 UTC,721932554
2025/07/20 20:04:46 UTC,696511533
2025/08/22 05:22:37 UTC,832334586
2025/07/20 20:04:47 UTC,696511533
2025/12/12 18:35:31 UTC,895070114
2026/01/16 21:40:49 UTC,561461204
2025/05/01 05:49:05 UTC,568407026
2025/09/22 19:40:26 UTC,832154826
2025/06/05 19:38:03 UTC,623746304
2024/12/19 19:41:45 UTC,513805306
2025/09/17 23:04:25 UTC,747893984
2024/12/19 19:41:55 UTC,374060454
2025/09/17 23:04:29 UTC,747893984
2025/09/09 16:00:21 UTC,647697194
2026/02/06 00:12:39 UTC,1100110983
2025/09/09 16:00:21 UTC,647697194
2025/07/13 01:01:01 UTC,751607016
2025/04/06 03:48:45 UTC,630500024
2025/07/13 01:01:10 UTC,751607016
2025/04/06 03:48:46 UTC,630500024
2026/03/18 21:59:25 UTC,1370017496
2025/11/13 11:22:43 UTC,895023964
2025/07/07 19:09:24 UTC,145111864
2025/11/13 11:22:50 UTC,895023964
2025/07/07 20:08:01 UTC,427698984
2025/03/16 03:23:57 UTC,578130916
2025/07/07 20:08:01 UTC,427698984
2025/03/15 21:41:58 UTC,578130916
2025/07/07 19:09:00 UTC,145111864
2025/10/11 03:23:34 UTC,746029763
2025/06/27 16:29:57 UTC,427698984
2024/10/01 04:30:50 UTC,507851543
2025/04/08 23:00:13 UTC,641234276
2024/10/01 04:30:50 UTC,507851543
2025/04/08 22:59:50 UTC,625955823
2026/01/22 08:12:07 UTC,1090602934
2025/04/08 22:59:51 UTC,625955823
2026/01/22 08:11:58 UTC,1090602934
2025/04/08 22:59:56 UTC,625955823
2026/01/22 08:12:03 UTC,1090602934
2025/02/22 16:02:41 UTC,145111864
2026/01/22 08:12:07 UTC,1090602934
2025/02/22 16:12:22 UTC,145111864
2025/01/09 08:21:54 UTC,510712374
2025/10/07 13:38:17 UTC,647697194
2025/02/17 21:11:45 UTC,619146926
2025/10/07 13:38:20 UTC,647697194
2025/09/18 15:56:44 UTC,561452174
2026/02/04 01:54:59 UTC,1135095344
2025/10/16 12:51:06 UTC,905463666
2026/02/04 01:55:04 UTC,1135095344
2024/12/07 23:36:58 UTC,339300584
2025/02/22 20:21:18 UTC,622616386
2025/09/03 10:39:36 UTC,575422494
2025/10/07 13:37:56 UTC,647697194
2025/09/03 10:39:46 UTC,575422494
2025/08/03 16:07:02 UTC,449454476
2025/09/03 10:39:46 UTC,575422494
2025/08/03 20:42:06 UTC,631681716
2024/11/03 13:01:36 UTC,461322276
2026/01/15 13:09:30 UTC,647715984
2024/11/03 13:01:40 UTC,461322276
2025/06/11 19:46:21 UTC,561461204
2024/11/03 13:02:30 UTC,461322276
2024/11/11 21:36:50 UTC,449954766
2025/08/13 04:36:51 UTC,797867426
2025/06/11 19:44:23 UTC,561461204
2025/08/13 04:36:57 UTC,797867426
2025/06/11 19:46:20 UTC,561461204
2025/09/28 21:15:30 UTC,875538206
2025/06/11 19:46:58 UTC,561461204
2025/09/28 21:18:14 UTC,875538206
2025/06/11 19:46:59 UTC,561461204
2025/08/07 20:29:22 UTC,746555723
2025/08/29 22:11:11 UTC,647715984
2025/08/08 02:26:04 UTC,743295256
2025/07/03 18:05:08 UTC,627055486
2025/07/29 02:16:35 UTC,712478634
2025/03/10 22:30:04 UTC,611522036
2025/07/29 02:16:55 UTC,712478634
2025/10/16 01:18:35 UTC,716885573
2025/07/29 02:17:07 UTC,712478634
2025/10/16 01:18:36 UTC,716885573
2025/07/29 02:17:20 UTC,712478634
2025/08/17 16:42:55 UTC,754791596
2025/09/16 03:58:38 UTC,145111864
2025/08/17 16:43:12 UTC,754791596
2025/09/16 05:08:49 UTC,688613173
2025/06/15 04:25:05 UTC,715485756
2025/06/15 04:25:12 UTC,715485756
2025/06/15 04:25:13 UTC,715485756
2025/06/15 04:25:42 UTC,715485756
2025/06/15 04:26:21 UTC,715485756
2025/06/15 04:26:38 UTC,715485756
2025/06/06 02:07:54 UTC,676844004
2026/08/26 08:49:43 UTC,926587194
2025/02/15 22:52:46 UTC,611522036
2026/08/25 06:23:15 UTC,145111864
2026/03/14 20:39:42 UTC,1144110564
2026/08/25 07:13:51 UTC,145111864
2025/08/28 05:23:39 UTC,809369096
2026/08/24 06:16:43 UTC,943208224
2025/06/18 08:24:44 UTC,681230796
2026/08/24 04:40:36 UTC,1456116993
2025/03/20 18:58:07 UTC,646621023
2026/08/24 02:57:19 UTC,1397534356
2025/03/20 18:58:12 UTC,646621023
2026/08/24 02:57:20 UTC,1397534356
2025/02/06 18:32:23 UTC,575437294
2026/08/24 02:59:03 UTC,1480129936
2025/02/06 18:32:45 UTC,575437294
2026/08/24 02:59:11 UTC,1480129936
2025/02/06 18:32:48 UTC,575437294
2026/08/24 04:43:07 UTC,1476575834
2025/02/06 18:32:52 UTC,575437294
2026/08/24 04:43:13 UTC,1476575834
2025/02/06 18:32:57 UTC,575437294
2026/08/22 20:01:53 UTC,145111864
2025/02/06 18:33:07 UTC,575437294
2026/08/24 06:18:00 UTC,145111864
2025/02/06 18:33:16 UTC,575437294
2026/08/21 19:47:14 UTC,1467174814
2025/02/06 18:33:19 UTC,575437294
2026/08/21 19:47:18 UTC,1467174814
2025/06/18 17:16:39 UTC,640914144
2026/08/26 16:33:32 UTC,1539562766
2025/03/30 01:02:23 UTC,564508746
2026/08/20 08:04:54 UTC,145111864
2025/03/30 01:02:34 UTC,564508746
2026/08/26 13:46:07 UTC,1535520266
2025/03/30 01:02:50 UTC,564508746
2026/08/29 20:08:25 UTC,145111864
2025/04/13 04:52:02 UTC,631208796
2026/08/29 20:09:29 UTC,145111864
2025/08/01 17:53:13 UTC,561452174
2026/08/18 10:58:04 UTC,1535996526
2025/08/01 17:53:04 UTC,561452174
2026/08/17 17:43:18 UTC,164094834
2025/08/01 17:53:15 UTC,561452174
2026/08/17 08:49:23 UTC,1465176814
2025/08/01 21:48:10 UTC,712197444
2026/08/07 05:13:42 UTC,1476575834
2025/08/01 22:03:46 UTC,717350204
2026/08/07 05:13:45 UTC,1476575834
2025/08/02 01:51:30 UTC,732113936
2026/08/07 05:13:46 UTC,1476575834
2025/08/02 01:52:48 UTC,797867426
2026/08/08 05:04:34 UTC,1456237153
2025/06/04 04:59:59 UTC,620748676
2026/08/08 05:04:50 UTC,1456237153
2025/06/04 03:37:22 UTC,620748676
2026/08/08 05:04:50 UTC,1456237153
2025/06/04 03:37:28 UTC,620748676
2026/08/06 12:23:39 UTC,145111864
2025/08/01 20:02:30 UTC,676880284
2026/08/06 01:55:38 UTC,1528586166
2025/08/01 20:02:38 UTC,676880284
2026/08/15 09:13:33 UTC,1477073634
2025/08/01 20:02:44 UTC,676880284
2026/08/04 04:10:07 UTC,145111864
2025/08/01 21:19:21 UTC,797873656
2026/08/13 01:32:05 UTC,1543564296
2025/06/04 01:01:58 UTC,620748676
2026/07/29 04:08:57 UTC,1149393644
2025/06/04 01:02:20 UTC,620748676
2026/08/10 23:36:34 UTC,1535520266
2025/06/04 01:02:26 UTC,620748676
2026/07/26 05:34:55 UTC,1451496406
2025/07/13 04:53:51 UTC,648321536
2026/07/27 09:05:29 UTC,145111864
2025/07/13 04:56:51 UTC,685324024
2026/07/27 03:58:30 UTC,1230238214
2025/07/13 04:56:56 UTC,685324024
2026/07/27 03:58:31 UTC,145111864
2025/09/10 07:16:04 UTC,756936483
2026/07/27 03:59:50 UTC,145111864
2025/08/01 01:19:42 UTC,799772616
2026/07/25 01:12:52 UTC,1230029424
2025/08/01 01:19:44 UTC,799772616
2026/07/24 15:48:19 UTC,145111864
2025/07/13 00:59:14 UTC,783476716
2026/07/24 15:48:54 UTC,145111864
2025/07/13 04:09:32 UTC,707073824
2026/07/24 15:47:44 UTC,1465176814
2025/08/08 08:48:46 UTC,721676514
2026/07/22 14:30:48 UTC,1451526556
2025/04/09 19:17:56 UTC,664281396
2026/07/20 20:29:50 UTC,1439140326
2025/04/09 17:32:32 UTC,611584536
2026/07/22 03:41:46 UTC,164094834
2025/04/09 10:34:55 UTC,630500024
2026/07/18 06:35:40 UTC,1502217916
2025/04/09 10:34:56 UTC,630500024
2026/07/18 06:35:46 UTC,1502217916
2025/08/11 04:20:54 UTC,754723596
2026/07/18 06:35:47 UTC,1502217916
2025/08/11 04:22:05 UTC,145111864
2026/07/10 01:49:09 UTC,1230029424
2025/08/20 19:44:04 UTC,680320814
2026/05/08 00:18:09 UTC,1393313916
2025/08/20 19:43:02 UTC,680320814
2026/06/25 06:29:59 UTC,145111864
2025/08/20 19:43:58 UTC,680320814
2026/06/25 06:23:36 UTC,145111864
2025/04/03 21:48:29 UTC,145111864
2026/05/08 05:10:11 UTC,145111864
2025/08/21 05:05:55 UTC,717183124
2026/05/31 23:22:32 UTC,848692913
2025/07/02 02:04:46 UTC,145111864
2026/05/31 23:22:32 UTC,848692913
2025/06/25 19:05:14 UTC,550492743
2026/05/31 23:24:47 UTC,848692913
2025/07/31 05:43:30 UTC,794391316
2026/05/28 17:18:32 UTC,1149393644
2025/05/12 05:09:19 UTC,622781436
2026/05/21 14:50:10 UTC,1254280863
2025/06/17 18:54:18 UTC,679569913
2026/05/21 14:50:42 UTC,1254280863
2025/03/19 05:09:48 UTC,552548184
2026/05/18 13:53:34 UTC,145111864
2026/01/10 08:48:46 UTC,895023964
2026/05/18 13:54:41 UTC,145111864
2025/08/06 00:44:25 UTC,145111864
2026/05/15 04:38:02 UTC,941613523
2025/08/06 00:48:18 UTC,145111864
2026/04/30 23:47:01 UTC,1196386593
2025/03/12 20:02:31 UTC,598592544
2026/04/28 08:11:58 UTC,1391911016
2025/03/12 20:02:37 UTC,598592544
2026/04/25 09:29:26 UTC,427864244
2025/03/12 20:02:45 UTC,598592544
2026/04/25 09:29:34 UTC,427864244
2025/10/13 19:54:46 UTC,561452174
2026/04/25 09:26:52 UTC,427864244
2026/01/21 08:37:37 UTC,1109882063
2026/04/25 09:26:57 UTC,427864244
2025/10/13 18:10:47 UTC,647715984
2026/04/25 09:27:52 UTC,427864244
2025/11/27 20:54:59 UTC,647697194
2026/04/25 09:27:54 UTC,427864244
2025/12/25 21:15:06 UTC,427864244
2026/04/25 09:27:56 UTC,427864244
2025/12/25 21:15:38 UTC,427864244
2026/04/25 09:28:03 UTC,427864244
2025/12/25 21:15:41 UTC,427864244
2026/04/25 09:28:04 UTC,427864244
2025/12/25 21:15:47 UTC,427864244
2026/04/25 09:28:25 UTC,427864244
2025/12/25 21:15:49 UTC,427864244
2026/04/25 09:28:29 UTC,427864244
2025/11/27 18:46:38 UTC,647715984
2026/04/25 09:28:36 UTC,427864244
2025/11/27 18:46:56 UTC,647715984
2026/04/25 09:28:37 UTC,427864244
2025/07/26 00:38:58 UTC,679290413
2026/04/25 09:28:41 UTC,427864244
2025/07/26 00:46:19 UTC,745117573
2026/04/28 23:22:27 UTC,1190657203
2025/12/02 21:28:43 UTC,926830594
2026/04/24 18:57:11 UTC,1390560466
2025/05/26 05:26:41 UTC,620426676
2026/04/24 18:57:13 UTC,1390560466
2025/03/06 04:58:14 UTC,598592544
2026/04/24 18:57:13 UTC,1390560466
2025/03/06 04:58:25 UTC,598592544
2026/04/19 03:14:51 UTC,1149393644
2025/05/02 16:44:07 UTC,145111864
2026/04/19 03:15:29 UTC,1149393644
2025/05/02 17:41:31 UTC,636655976
2026/04/15 08:00:21 UTC,561452174
2024/09/27 02:30:32 UTC,374061034
2026/04/07 15:49:15 UTC,837422456
2025/03/14 11:42:22 UTC,602182194
2026/03/26 11:14:43 UTC,1364349536
2025/06/28 19:24:31 UTC,645616576
2026/03/26 11:16:57 UTC,1143782174
2026/03/11 05:25:37 UTC,1230203754
2025/07/30 06:29:28 UTC,145111864
2024/09/11 02:03:50 UTC,493152633
2025/07/30 06:29:41 UTC,145111864
2024/09/11 02:03:55 UTC,493152633
2025/07/16 23:38:02 UTC,712065733
2025/12/19 00:08:36 UTC,1073426234
2025/07/16 23:38:09 UTC,712065733
2025/02/10 22:33:04 UTC,164094834
2025/07/29 22:53:34 UTC,797867426
2025/08/19 11:29:57 UTC,585498474
2025/07/29 22:53:56 UTC,797867426
2025/08/19 11:33:48 UTC,832066986
2025/07/29 22:55:24 UTC,145111864
2025/08/19 11:33:58 UTC,832066986
2025/07/16 18:40:31 UTC,698860893
2025/05/20 18:09:28 UTC,705094296
2025/09/04 10:46:42 UTC,680320814
2025/05/20 05:33:17 UTC,687801856
2025/09/04 10:46:42 UTC,680320814
2025/08/20 03:01:30 UTC,145111864
2025/07/14 19:50:57 UTC,575422494
2025/12/02 21:28:52 UTC,926830594
2025/08/19 21:37:54 UTC,834431436
2026/01/05 04:57:46 UTC,884932236
2026/01/25 18:37:14 UTC,1124299964
2025/07/14 16:42:13 UTC,427698984
2025/07/25 14:29:43 UTC,751805166
2025/02/28 22:49:33 UTC,586299333
2026/01/05 04:21:14 UTC,895814214
2026/01/25 21:06:56 UTC,699767144
2025/07/06 19:35:47 UTC,712065733
2025/07/25 14:29:08 UTC,751805166
2025/06/04 20:12:06 UTC,647715984
2025/05/29 23:56:24 UTC,625955823
2026/01/25 21:07:02 UTC,699767144
2025/07/14 19:31:28 UTC,575422494
2024/09/15 16:55:48 UTC,420653084
2025/06/04 20:12:12 UTC,647715984
2025/05/29 23:57:53 UTC,625955823
2026/01/25 18:37:52 UTC,1124299964
2025/07/14 19:31:39 UTC,575422494
2025/04/01 18:31:02 UTC,651348406
2025/06/04 20:12:25 UTC,647715984
2025/05/29 23:57:57 UTC,625955823
2025/01/06 09:40:53 UTC,508527044
2025/12/03 18:53:55 UTC,831597686
2025/10/02 18:04:48 UTC,771412874
2025/06/04 20:12:26 UTC,647715984
2025/08/10 21:20:47 UTC,721647814
2025/01/06 09:40:54 UTC,508527044
2025/12/03 18:53:55 UTC,831597686
2025/06/08 04:14:52 UTC,647697194
2025/06/04 20:12:27 UTC,647715984
2025/09/28 05:37:50 UTC,721676514
2025/01/06 09:40:55 UTC,508527044
2025/07/14 16:09:40 UTC,783458986
2026/01/29 02:26:54 UTC,957889186
2025/06/04 20:12:33 UTC,647715984
2025/09/28 05:37:59 UTC,721676514
2025/01/06 09:40:56 UTC,508527044
2025/06/04 20:12:34 UTC,647715984
2025/03/25 20:03:53 UTC,570146944
2025/01/06 09:41:14 UTC,508527044
2025/06/04 20:12:58 UTC,647715984
2025/09/08 16:58:51 UTC,561452174
2025/01/06 09:41:14 UTC,508527044
2025/06/04 20:10:10 UTC,647715984
2025/09/08 16:58:57 UTC,561452174
2025/01/06 09:41:31 UTC,382462454
2025/06/04 20:11:59 UTC,647715984
2025/07/11 15:28:24 UTC,575422494
2025/05/18 19:52:06 UTC,685047456
2025/06/04 20:12:07 UTC,647715984
2025/07/11 15:28:33 UTC,575422494
2025/05/18 19:52:08 UTC,685047456
2025/06/04 20:12:09 UTC,647715984
2025/09/08 04:54:19 UTC,647697194
2025/06/13 00:33:37 UTC,145111864
2025/06/04 20:12:11 UTC,647715984
2025/09/08 04:54:20 UTC,647697194
2025/12/01 15:36:37 UTC,676880284
2025/06/04 20:12:27 UTC,647715984
2025/09/08 04:54:23 UTC,647697194
2025/04/28 05:48:18 UTC,616044076
2025/06/04 20:12:29 UTC,647715984
2025/09/08 04:54:49 UTC,647697194
2025/04/28 06:18:33 UTC,583998463
2025/06/04 20:12:29 UTC,647715984
2025/09/08 04:57:57 UTC,647697194
2026/03/03 18:46:06 UTC,1143782174
2025/06/04 20:12:35 UTC,647715984
2025/09/08 04:58:25 UTC,647697194
2026/03/17 18:01:29 UTC,1112987453
2025/06/04 20:12:35 UTC,647715984
2026/03/13 19:20:08 UTC,647715984
2025/03/10 02:41:46 UTC,616727046
2025/06/04 20:12:36 UTC,647715984
2025/12/27 22:41:09 UTC,990699963
2025/08/17 06:03:58 UTC,832077356
2026/01/15 06:53:16 UTC,927105394
2025/03/03 19:23:53 UTC,632371496
2025/08/17 06:04:18 UTC,832077356
2026/01/15 06:53:19 UTC,927105394
2025/09/07 23:24:59 UTC,757273696
2025/08/17 01:19:55 UTC,722162704
2026/01/15 06:53:21 UTC,927105394
2025/04/20 20:02:58 UTC,640224494
2025/08/17 01:20:14 UTC,722162704
2025/01/28 06:05:13 UTC,262828396
2025/04/20 20:03:15 UTC,640224494
2025/08/17 05:02:57 UTC,145111864
2025/01/28 06:05:13 UTC,262828396
2025/07/03 00:25:51 UTC,695114514
2025/06/07 04:24:14 UTC,543686464
2025/01/28 06:05:13 UTC,262828396
2025/07/03 00:25:51 UTC,695114514
2025/06/07 04:24:30 UTC,543686464
2025/08/22 18:59:52 UTC,809369096
2025/09/09 19:46:02 UTC,647715984
2026/02/12 04:33:08 UTC,898373686
2025/06/11 02:57:28 UTC,707465786
2025/09/09 15:59:28 UTC,647697194
2026/02/12 04:33:47 UTC,898373686
2025/06/11 02:57:33 UTC,707465786
2025/05/27 03:59:06 UTC,688613173
2026/02/12 04:33:50 UTC,898373686
2025/06/11 02:57:54 UTC,707465786
2025/03/17 09:07:01 UTC,532809034
2026/02/12 04:33:52 UTC,898373686
2025/06/11 02:58:03 UTC,707465786
2024/11/03 05:52:19 UTC,506808586
2025/05/05 05:47:06 UTC,684877886
2025/06/11 02:49:21 UTC,707465786
2024/11/03 05:52:21 UTC,506808586
2025/05/05 03:00:16 UTC,684877886
2025/06/11 02:49:23 UTC,707465786
2025/03/05 04:55:14 UTC,616771756
2025/05/05 03:00:17 UTC,684877886
2025/06/11 03:00:15 UTC,707465786
2025/03/05 04:55:19 UTC,616771756
2025/01/05 04:57:44 UTC,313809076
2025/06/11 03:00:19 UTC,707465786
2025/03/04 14:08:33 UTC,637605786
2025/03/31 11:21:57 UTC,632617386
2025/06/11 03:00:42 UTC,707465786
2025/06/30 15:46:11 UTC,145111864
2025/03/01 20:13:19 UTC,164094834
2025/06/11 03:00:42 UTC,707465786
2025/06/30 20:03:35 UTC,145111864
2025/03/01 20:13:22 UTC,164094834
2025/06/11 03:01:08 UTC,707465786
2025/08/12 19:47:06 UTC,575422494
2025/08/07 03:00:14 UTC,721676514
2025/06/11 03:01:15 UTC,707465786
2025/08/12 19:47:20 UTC,575422494
2025/08/07 03:01:02 UTC,721676514
2025/06/11 03:01:47 UTC,707465786
2025/08/12 19:47:23 UTC,575422494
2025/08/07 03:01:07 UTC,721676514
2025/06/11 03:01:59 UTC,707465786
2025/07/17 18:29:08 UTC,707054974
2025/06/11 03:03:01 UTC,707465786
2025/07/17 18:29:23 UTC,707054974
2025/06/11 03:03:14 UTC,707465786
2025/08/07 02:58:28 UTC,721676514
2025/06/11 03:07:23 UTC,707465786
2025/08/07 02:58:37 UTC,721676514
2025/06/11 03:07:27 UTC,707465786
2025/03/31 10:49:18 UTC,623976854
2025/06/11 03:07:42 UTC,707465786
2025/08/07 03:50:26 UTC,743333236
2025/06/11 03:07:46 UTC,707465786
2025/01/03 16:00:12 UTC,563817153
2025/06/11 03:08:12 UTC,707465786
2025/01/03 16:02:49 UTC,563817153
2025/06/11 03:08:14 UTC,707465786
2025/11/04 20:51:24 UTC,771385824
2025/06/11 03:08:34 UTC,707465786
2025/07/27 20:38:16 UTC,742150936
2025/06/11 03:08:35 UTC,707465786
2025/07/27 23:32:56 UTC,742150936
2025/06/11 03:09:15 UTC,707465786
2025/08/21 08:19:32 UTC,832058556
2025/06/11 03:09:23 UTC,707465786
2025/01/06 11:48:54 UTC,200008464
2025/06/11 03:17:31 UTC,707465786
2025/08/24 17:54:15 UTC,767977383
2025/06/11 03:17:34 UTC,707465786
2025/04/23 07:03:40 UTC,664281396
2025/06/11 03:18:00 UTC,707465786
2025/04/23 09:06:08 UTC,620444636
2025/06/11 03:18:00 UTC,707465786
2026/02/13 09:08:48 UTC,898373686
2025/06/11 03:18:20 UTC,707465786
2025/10/09 04:18:58 UTC,886154996
2025/06/11 03:18:26 UTC,707465786
2025/01/05 08:39:37 UTC,532357004
2025/06/11 03:18:46 UTC,707465786
2025/01/05 09:38:54 UTC,479722234
2025/06/11 03:18:50 UTC,707465786
2025/09/14 07:35:31 UTC,853700356
2025/07/15 17:35:17 UTC,695384596
2025/09/14 07:35:40 UTC,853700356
2025/07/10 19:41:35 UTC,699249414
2025/09/15 03:23:46 UTC,449454476
2025/08/28 23:11:29 UTC,449500676
2025/10/25 00:57:50 UTC,718080814
2025/09/24 08:38:04 UTC,870268676
2025/07/18 12:15:21 UTC,796656616
2025/09/24 08:38:06 UTC,870268676
2025/07/18 12:15:58 UTC,796656616
2025/09/24 08:38:08 UTC,870268676
2025/07/18 12:18:08 UTC,647715984
2025/09/24 08:38:15 UTC,870268676
2025/02/06 01:51:08 UTC,506808586
2025/09/24 08:38:16 UTC,870268676
2025/02/06 01:51:10 UTC,506808586
2025/09/24 08:38:31 UTC,870268676
2025/07/18 18:29:21 UTC,585527534
2025/09/24 08:38:40 UTC,870268676
2025/07/18 18:29:23 UTC,585527534
2025/09/24 08:38:42 UTC,870268676
2025/07/18 18:30:05 UTC,585527534
2025/09/24 08:38:08 UTC,870268676
2025/07/18 18:31:17 UTC,585527534
2025/09/24 08:38:09 UTC,870268676
2024/12/02 05:35:43 UTC,545960016
2025/09/24 08:38:10 UTC,870268676
2024/12/02 05:35:44 UTC,545960016
2025/09/24 08:38:12 UTC,870268676
2024/12/02 05:35:59 UTC,545960016
2025/09/24 08:38:13 UTC,870268676
2025/03/07 02:03:26 UTC,427864244
2025/09/24 08:38:19 UTC,870268676
2025/03/07 02:03:30 UTC,427864244
2025/09/24 08:38:36 UTC,870268676
2025/03/07 02:24:37 UTC,639823116
2025/09/24 08:38:40 UTC,870268676
2025/12/31 07:20:58 UTC,826884554
2025/09/24 08:38:40 UTC,870268676
2025/12/20 00:00:37 UTC,884932236
2025/09/24 08:38:41 UTC,870268676
2025/02/04 20:09:48 UTC,506808586
2025/04/28 17:51:32 UTC,616044076
2025/02/04 20:09:52 UTC,506808586
2025/07/20 20:04:45 UTC,696511533
2025/08/22 03:44:30 UTC,721932554
2025/07/20 20:04:46 UTC,696511533
2025/08/22 05:22:37 UTC,832334586
2025/07/20 20:04:47 UTC,696511533
2025/12/12 18:35:31 UTC,895070114
2026/01/16 21:40:49 UTC,561461204
2025/05/01 05:49:05 UTC,568407026
2025/09/22 19:40:26 UTC,832154826
2025/06/05 19:38:03 UTC,623746304
2024/12/19 19:41:45 UTC,513805306
2025/09/17 23:04:25 UTC,747893984
2024/12/19 19:41:55 UTC,374060454
2025/09/17 23:04:29 UTC,747893984
2025/09/09 16:00:21 UTC,647697194
2026/02/06 00:12:39 UTC,1100110983
2025/09/09 16:00:21 UTC,647697194
2025/07/13 01:01:01 UTC,751607016
2025/04/06 03:48:45 UTC,630500024
2025/07/13 01:01:10 UTC,751607016
2025/04/06 03:48:46 UTC,630500024
2026/03/18 21:59:25 UTC,1370017496
2025/11/13 11:22:43 UTC,895023964
2025/07/07 19:09:24 UTC,145111864
2025/11/13 11:22:50 UTC,895023964
2025/07/07 20:08:01 UTC,427698984
2025/03/16 03:23:57 UTC,578130916
2025/07/07 20:08:01 UTC,427698984
2025/03/15 21:41:58 UTC,578130916
2025/07/07 19:09:00 UTC,145111864
2025/10/11 03:23:34 UTC,746029763
2025/06/27 16:29:57 UTC,427698984
2024/10/01 04:30:50 UTC,507851543
2025/04/08 23:00:13 UTC,641234276
2024/10/01 04:30:50 UTC,507851543
2025/04/08 22:59:50 UTC,625955823
2026/01/22 08:12:07 UTC,1090602934
2025/04/08 22:59:51 UTC,625955823
2026/01/22 08:11:58 UTC,1090602934
2025/04/08 22:59:56 UTC,625955823
2026/01/22 08:12:03 UTC,1090602934
2025/02/22 16:02:41 UTC,145111864
2026/01/22 08:12:07 UTC,1090602934
2025/02/22 16:12:22 UTC,145111864
2025/01/09 08:21:54 UTC,510712374
2025/10/07 13:38:17 UTC,647697194
2025/02/17 21:11:45 UTC,619146926
2025/10/07 13:38:20 UTC,647697194
2025/09/18 15:56:44 UTC,561452174
2026/02/04 01:54:59 UTC,1135095344
2025/10/16 12:51:06 UTC,905463666
2026/02/04 01:55:04 UTC,1135095344
2024/12/07 23:36:58 UTC,339300584
2025/02/22 20:21:18 UTC,622616386
2025/09/03 10:39:36 UTC,575422494
2025/10/07 13:37:56 UTC,647697194
2025/09/03 10:39:46 UTC,575422494
2025/08/03 16:07:02 UTC,449454476
2025/09/03 10:39:46 UTC,575422494
2025/08/03 20:42:06 UTC,631681716
2024/11/03 13:01:36 UTC,461322276
2026/01/15 13:09:30 UTC,647715984
2024/11/03 13:01:40 UTC,461322276
2025/06/11 19:46:21 UTC,561461204
2024/11/03 13:02:30 UTC,461322276
2024/11/11 21:36:50 UTC,449954766
2025/08/13 04:36:51 UTC,797867426
2025/06/11 19:44:23 UTC,561461204
2025/08/13 04:36:57 UTC,797867426
2025/06/11 19:46:20 UTC,561461204
2025/09/28 21:15:30 UTC,875538206
2025/06/11 19:46:58 UTC,561461204
2025/09/28 21:18:14 UTC,875538206
2025/06/11 19:46:59 UTC,561461204
2025/08/07 20:29:22 UTC,746555723
2025/08/29 22:11:11 UTC,647715984
2025/08/08 02:26:04 UTC,743295256
2025/07/03 18:05:08 UTC,627055486
2025/07/29 02:16:35 UTC,712478634
2025/03/10 22:30:04 UTC,611522036
2025/07/29 02:16:55 UTC,712478634
2025/10/16 01:18:35 UTC,716885573
2025/07/29 02:17:07 UTC,712478634
2025/10/16 01:18:36 UTC,716885573
2025/07/29 02:17:20 UTC,712478634
2025/08/17 16:42:55 UTC,754791596
2025/09/16 03:58:38 UTC,145111864
2025/08/17 16:43:12 UTC,754791596
2025/09/16 05:08:49 UTC,688613173
2025/06/15 04:25:05 UTC,715485756
2025/06/15 04:25:12 UTC,715485756
2025/06/15 04:25:13 UTC,715485756
2025/06/15 04:25:42 UTC,715485756
2025/06/15 04:26:21 UTC,715485756
2025/06/15 04:26:38 UTC,715485756
2025/06/06 02:07:54 UTC,676844004
2026/08/26 08:49:43 UTC,926587194
2025/02/15 22:52:46 UTC,611522036
2026/08/25 06:23:15 UTC,145111864
2026/03/14 20:39:42 UTC,1144110564
2026/08/25 07:13:51 UTC,145111864
2025/08/28 05:23:39 UTC,809369096
2026/08/24 06:16:43 UTC,943208224
2025/06/18 08:24:44 UTC,681230796
2026/08/24 04:40:36 UTC,1456116993
2025/03/20 18:58:07 UTC,646621023
2026/08/24 02:57:19 UTC,1397534356
2025/03/20 18:58:12 UTC,646621023
2026/08/24 02:57:20 UTC,1397534356
2025/02/06 18:32:23 UTC,575437294
2026/08/24 02:59:03 UTC,1480129936
2025/02/06 18:32:45 UTC,575437294
2026/08/24 02:59:11 UTC,1480129936
2025/02/06 18:32:48 UTC,575437294
2026/08/24 04:43:07 UTC,1476575834
2025/02/06 18:32:52 UTC,575437294
2026/08/24 04:43:13 UTC,1476575834
2025/02/06 18:32:57 UTC,575437294
2026/08/22 20:01:53 UTC,145111864
2025/02/06 18:33:07 UTC,575437294
2026/08/24 06:18:00 UTC,145111864
2025/02/06 18:33:16 UTC,575437294
2026/08/21 19:47:14 UTC,1467174814
2025/02/06 18:33:19 UTC,575437294
2026/08/21 19:47:18 UTC,1467174814
2025/06/18 17:16:39 UTC,640914144
2026/08/26 16:33:32 UTC,1539562766
2025/03/30 01:02:23 UTC,564508746
2026/08/20 08:04:54 UTC,145111864
2025/03/30 01:02:34 UTC,564508746
2026/08/26 13:46:07 UTC,1535520266
2025/03/30 01:02:50 UTC,564508746
2026/08/29 20:08:25 UTC,145111864
2025/04/13 04:52:02 UTC,631208796
2026/08/29 20:09:29 UTC,145111864
2025/08/01 17:53:13 UTC,561452174
2026/08/18 10:58:04 UTC,1535996526
2025/08/01 17:53:04 UTC,561452174
2026/08/17 17:43:18 UTC,164094834
2025/08/01 17:53:15 UTC,561452174
2026/08/17 08:49:23 UTC,1465176814
2025/08/01 21:48:10 UTC,712197444
2026/08/07 05:13:42 UTC,1476575834
2025/08/01 22:03:46 UTC,717350204
2026/08/07 05:13:45 UTC,1476575834
2025/08/02 01:51:30 UTC,732113936
2026/08/07 05:13:46 UTC,1476575834
2025/08/02 01:52:48 UTC,797867426
2026/08/08 05:04:34 UTC,1456237153
2025/06/04 04:59:59 UTC,620748676
2026/08/08 05:04:50 UTC,1456237153
2025/06/04 03:37:22 UTC,620748676
2026/08/08 05:04:50 UTC,1456237153
2025/06/04 03:37:28 UTC,620748676
2026/08/06 12:23:39 UTC,145111864
2025/08/01 20:02:30 UTC,676880284
2026/08/06 01:55:38 UTC,1528586166
2025/08/01 20:02:38 UTC,676880284
2026/08/15 09:13:33 UTC,1477073634
2025/08/01 20:02:44 UTC,676880284
2026/08/04 04:10:07 UTC,145111864
2025/08/01 21:19:21 UTC,797873656
2026/08/13 01:32:05 UTC,1543564296
2025/06/04 01:01:58 UTC,620748676
2026/07/29 04:08:57 UTC,1149393644
2025/06/04 01:02:20 UTC,620748676
2026/08/10 23:36:34 UTC,1535520266
2025/06/04 01:02:26 UTC,620748676
2026/07/26 05:34:55 UTC,1451496406
2025/07/13 04:53:51 UTC,648321536
2026/07/27 09:05:29 UTC,145111864
2025/07/13 04:56:51 UTC,685324024
2026/07/27 03:58:30 UTC,1230238214
2025/07/13 04:56:56 UTC,685324024
2026/07/27 03:58:31 UTC,145111864
2025/09/10 07:16:04 UTC,756936483
2026/07/27 03:59:50 UTC,145111864
2025/08/01 01:19:42 UTC,799772616
2026/07/25 01:12:52 UTC,1230029424
2025/08/01 01:19:44 UTC,799772616
2026/07/24 15:48:19 UTC,145111864
2025/07/13 00:59:14 UTC,783476716
2026/07/24 15:48:54 UTC,145111864
2025/07/13 04:09:32 UTC,707073824
2026/07/24 15:47:44 UTC,1465176814
2025/08/08 08:48:46 UTC,721676514
2026/07/22 14:30:48 UTC,1451526556
2025/04/09 19:17:56 UTC,664281396
2026/07/20 20:29:50 UTC,1439140326
2025/04/09 17:32:32 UTC,611584536
2026/07/22 03:41:46 UTC,164094834
2025/04/09 10:34:55 UTC,630500024
2026/07/18 06:35:40 UTC,1502217916
2025/04/09 10:34:56 UTC,630500024
2026/07/18 06:35:46 UTC,1502217916
2025/08/11 04:20:54 UTC,754723596
2026/07/18 06:35:47 UTC,1502217916
2025/08/11 04:22:05 UTC,145111864
2026/07/10 01:49:09 UTC,1230029424
2025/08/20 19:44:04 UTC,680320814
2026/05/08 00:18:09 UTC,1393313916
2025/08/20 19:43:02 UTC,680320814
2026/06/25 06:29:59 UTC,145111864
2025/08/20 19:43:58 UTC,680320814
2026/06/25 06:23:36 UTC,145111864
2025/04/03 21:48:29 UTC,145111864
2026/05/08 05:10:11 UTC,145111864
2025/08/21 05:05:55 UTC,717183124
2026/05/31 23:22:32 UTC,848692913
2025/07/02 02:04:46 UTC,145111864
2026/05/31 23:22:32 UTC,848692913
2025/06/25 19:05:14 UTC,550492743
2026/05/31 23:24:47 UTC,848692913
2025/07/31 05:43:30 UTC,794391316
2026/05/28 17:18:32 UTC,1149393644
2025/05/12 05:09:19 UTC,622781436
2026/05/21 14:50:10 UTC,1254280863
2025/06/17 18:54:18 UTC,679569913
2026/05/21 14:50:42 UTC,1254280863
2025/03/19 05:09:48 UTC,552548184
2026/05/18 13:53:34 UTC,145111864
2026/01/10 08:48:46 UTC,895023964
2026/05/18 13:54:41 UTC,145111864
2025/08/06 00:44:25 UTC,145111864
2026/05/15 04:38:02 UTC,941613523
2025/08/06 00:48:18 UTC,145111864
2026/04/30 23:47:01 UTC,1196386593
2025/03/12 20:02:31 UTC,598592544
2026/04/28 08:11:58 UTC,1391911016
2025/03/12 20:02:37 UTC,598592544
2026/04/25 09:29:26 UTC,427864244
2025/03/12 20:02:45 UTC,598592544
2026/04/25 09:29:34 UTC,427864244
2025/10/13 19:54:46 UTC,561452174
2026/04/25 09:26:52 UTC,427864244
2026/01/21 08:37:37 UTC,1109882063
2026/04/25 09:26:57 UTC,427864244
2025/10/13 18:10:47 UTC,647715984
2026/04/25 09:27:52 UTC,427864244
2025/11/27 20:54:59 UTC,647697194
2026/04/25 09:27:54 UTC,427864244
2025/12/25 21:15:06 UTC,427864244
2026/04/25 09:27:56 UTC,427864244
2025/12/25 21:15:38 UTC,427864244
2026/04/25 09:28:03 UTC,427864244
2025/12/25 21:15:41 UTC,427864244
2026/04/25 09:28:04 UTC,427864244
2025/12/25 21:15:47 UTC,427864244
2026/04/25 09:28:25 UTC,427864244
2025/12/25 21:15:49 UTC,427864244
2026/04/25 09:28:29 UTC,427864244
2025/11/27 18:46:38 UTC,647715984
2026/04/25 09:28:36 UTC,427864244
2025/11/27 18:46:56 UTC,647715984
2026/04/25 09:28:37 UTC,427864244
2025/07/26 00:38:58 UTC,679290413
2026/04/25 09:28:41 UTC,427864244
2025/07/26 00:46:19 UTC,745117573
2026/04/28 23:22:27 UTC,1190657203
2025/12/02 21:28:43 UTC,926830594
2026/04/24 18:57:11 UTC,1390560466
2025/05/26 05:26:41 UTC,620426676
2026/04/24 18:57:13 UTC,1390560466
2025/03/06 04:58:14 UTC,598592544
2026/04/24 18:57:13 UTC,1390560466
2025/03/06 04:58:25 UTC,598592544
2026/04/19 03:14:51 UTC,1149393644
2025/05/02 16:44:07 UTC,145111864
2026/04/19 03:15:29 UTC,1149393644
2025/05/02 17:41:31 UTC,636655976
2026/04/15 08:00:21 UTC,561452174
2024/09/27 02:30:32 UTC,374061034
2026/04/07 15:49:15 UTC,837422456
2025/03/14 11:42:22 UTC,602182194
2026/03/26 11:14:43 UTC,1364349536
2025/06/28 19:24:31 UTC,645616576
2026/03/26 11:16:57 UTC,1143782174
2026/03/11 05:25:37 UTC,1230203754
2025/07/30 06:29:28 UTC,145111864
2024/09/11 02:03:50 UTC,493152633
2025/07/30 06:29:41 UTC,145111864
2024/09/11 02:03:55 UTC,493152633
2025/07/16 23:38:02 UTC,712065733
2025/12/19 00:08:36 UTC,1073426234
2025/07/16 23:38:09 UTC,712065733
2025/02/10 22:33:04 UTC,164094834
2025/07/29 22:53:34 UTC,797867426
2025/08/19 11:29:57 UTC,585498474
2025/07/29 22:53:56 UTC,797867426
2025/08/19 11:33:48 UTC,832066986
2025/07/29 22:55:24 UTC,145111864
2025/08/19 11:33:58 UTC,832066986
2025/07/16 18:40:31 UTC,698860893
2025/05/20 18:09:28 UTC,705094296
2025/09/04 10:46:42 UTC,680320814
2025/05/20 05:33:17 UTC,687801856
2025/09/04 10:46:42 UTC,680320814
2025/08/20 03:01:30 UTC,145111864
2025/07/14 19:50:57 UTC,575422494
2025/12/02 21:28:52 UTC,926830594
2025/08/19 21:37:54 UTC,834431436
2026/01/05 04:57:46 UTC,884932236
2026/01/25 18:37:14 UTC,1124299964
2025/07/14 16:42:13 UTC,427698984
2025/07/25 14:29:43 UTC,751805166
2025/02/28 22:49:33 UTC,586299333
2026/01/05 04:21:14 UTC,895814214
2026/01/25 21:06:56 UTC,699767144
2025/07/06 19:35:47 UTC,712065733
2025/07/25 14:29:08 UTC,751805166
2025/06/04 20:12:06 UTC,647715984
2025/05/29 23:56:24 UTC,625955823
2026/01/25 21:07:02 UTC,699767144
2025/07/14 19:31:28 UTC,575422494
2024/09/15 16:55:48 UTC,420653084
2025/06/04 20:12:12 UTC,647715984
2025/05/29 23:57:53 UTC,625955823
2026/01/25 18:37:52 UTC,1124299964
2025/07/14 19:31:39 UTC,575422494
2025/04/01 18:31:02 UTC,651348406
2025/06/04 20:12:25 UTC,647715984
2025/05/29 23:57:57 UTC,625955823
2025/01/06 09:40:53 UTC,508527044
2025/12/03 18:53:55 UTC,831597686
2025/10/02 18:04:48 UTC,771412874
2025/06/04 20:12:26 UTC,647715984
2025/08/10 21:20:47 UTC,721647814
2025/01/06 09:40:54 UTC,508527044
2025/12/03 18:53:55 UTC,831597686
2025/06/08 04:14:52 UTC,647697194
2025/06/04 20:12:27 UTC,647715984
2025/09/28 05:37:50 UTC,721676514
2025/01/06 09:40:55 UTC,508527044
2025/07/14 16:09:40 UTC,783458986
2026/01/29 02:26:54 UTC,957889186
2025/06/04 20:12:33 UTC,647715984
2025/09/28 05:37:59 UTC,721676514
2025/01/06 09:40:56 UTC,508527044
2025/06/04 20:12:34 UTC,647715984
2025/03/25 20:03:53 UTC,570146944
2025/01/06 09:41:14 UTC,508527044
2025/06/04 20:12:58 UTC,647715984
2025/09/08 16:58:51 UTC,561452174
2025/01/06 09:41:14 UTC,508527044
2025/06/04 20:10:10 UTC,647715984
2025/09/08 16:58:57 UTC,561452174
2025/01/06 09:41:31 UTC,382462454
2025/06/04 20:11:59 UTC,647715984
2025/07/11 15:28:24 UTC,575422494
2025/05/18 19:52:06 UTC,685047456
2025/06/04 20:12:07 UTC,647715984
2025/07/11 15:28:33 UTC,575422494
2025/05/18 19:52:08 UTC,685047456
2025/06/04 20:12:09 UTC,647715984
2025/09/08 04:54:19 UTC,647697194
2025/06/13 00:33:37 UTC,145111864
2025/06/04 20:12:11 UTC,647715984
2025/09/08 04:54:20 UTC,647697194
2025/12/01 15:36:37 UTC,676880284
2025/06/04 20:12:27 UTC,647715984
2025/09/08 04:54:23 UTC,647697194
2025/04/28 05:48:18 UTC,616044076
2025/06/04 20:12:29 UTC,647715984
2025/09/08 04:54:49 UTC,647697194
2025/04/28 06:18:33 UTC,583998463
2025/06/04 20:12:29 UTC,647715984
2025/09/08 04:57:57 UTC,647697194
2026/03/03 18:46:06 UTC,1143782174
2025/06/04 20:12:35 UTC,647715984
2025/09/08 04:58:25 UTC,647697194
2026/03/17 18:01:29 UTC,1112987453
2025/06/04 20:12:35 UTC,647715984
2026/03/13 19:20:08 UTC,647715984
2025/03/10 02:41:46 UTC,616727046
2025/06/04 20:12:36 UTC,647715984
2025/12/27 22:41:09 UTC,990699963
2025/08/17 06:03:58 UTC,832077356
2026/01/15 06:53:16 UTC,927105394
2025/03/03 19:23:53 UTC,632371496
2025/08/17 06:04:18 UTC,832077356
2026/01/15 06:53:19 UTC,927105394
2025/09/07 23:24:59 UTC,757273696
2025/08/17 01:19:55 UTC,722162704
2026/01/15 06:53:21 UTC,927105394
2025/04/20 20:02:58 UTC,640224494
2025/08/17 01:20:14 UTC,722162704
2025/01/28 06:05:13 UTC,262828396
2025/04/20 20:03:15 UTC,640224494
2025/08/17 05:02:57 UTC,145111864
2025/01/28 06:05:13 UTC,262828396
2025/07/03 00:25:51 UTC,695114514
2025/06/07 04:24:14 UTC,543686464
2025/01/28 06:05:13 UTC,262828396
2025/07/03 00:25:51 UTC,695114514
2025/06/07 04:24:30 UTC,543686464
2025/08/22 18:59:52 UTC,809369096
2025/09/09 19:46:02 UTC,647715984
2026/02/12 04:33:08 UTC,898373686
2025/06/11 02:57:28 UTC,707465786
2025/09/09 15:59:28 UTC,647697194
2026/02/12 04:33:47 UTC,898373686
2025/06/11 02:57:33 UTC,707465786
2025/05/27 03:59:06 UTC,688613173
2026/02/12 04:33:50 UTC,898373686
2025/06/11 02:57:54 UTC,707465786
2025/03/17 09:07:01 UTC,532809034
2026/02/12 04:33:52 UTC,898373686
2025/06/11 02:58:03 UTC,707465786
2024/11/03 05:52:19 UTC,506808586
2025/05/05 05:47:06 UTC,684877886
2025/06/11 02:49:21 UTC,707465786
2024/11/03 05:52:21 UTC,506808586
2025/05/05 03:00:16 UTC,684877886
2025/06/11 02:49:23 UTC,707465786
2025/03/05 04:55:14 UTC,616771756
2025/05/05 03:00:17 UTC,684877886
2025/06/11 03:00:15 UTC,707465786
2025/03/05 04:55:19 UTC,616771756
2025/01/05 04:57:44 UTC,313809076
2025/06/11 03:00:19 UTC,707465786
2025/03/04 14:08:33 UTC,637605786
2025/03/31 11:21:57 UTC,632617386
2025/06/11 03:00:42 UTC,707465786
2025/06/30 15:46:11 UTC,145111864
2025/03/01 20:13:19 UTC,164094834
2025/06/11 03:00:42 UTC,707465786
2025/06/30 20:03:35 UTC,145111864
2025/03/01 20:13:22 UTC,164094834
2025/06/11 03:01:08 UTC,707465786
2025/08/12 19:47:06 UTC,575422494
2025/08/07 03:00:14 UTC,721676514
2025/06/11 03:01:15 UTC,707465786
2025/08/12 19:47:20 UTC,575422494
2025/08/07 03:01:02 UTC,721676514
2025/06/11 03:01:47 UTC,707465786
2025/08/12 19:47:23 UTC,575422494
2025/08/07 03:01:07 UTC,721676514
2025/06/11 03:01:59 UTC,707465786
2025/07/17 18:29:08 UTC,707054974
2025/06/11 03:03:01 UTC,707465786
2025/07/17 18:29:23 UTC,707054974
2025/06/11 03:03:14 UTC,707465786
2025/08/07 02:58:28 UTC,721676514
2025/06/11 03:07:23 UTC,707465786
2025/08/07 02:58:37 UTC,721676514
2025/06/11 03:07:27 UTC,707465786
2025/03/31 10:49:18 UTC,623976854
2025/06/11 03:07:42 UTC,707465786
2025/08/07 03:50:26 UTC,743333236
2025/06/11 03:07:46 UTC,707465786
2025/01/03 16:00:12 UTC,563817153
2025/06/11 03:08:12 UTC,707465786
2025/01/03 16:02:49 UTC,563817153
2025/06/11 03:08:14 UTC,707465786
2025/11/04 20:51:24 UTC,771385824
2025/06/11 03:08:34 UTC,707465786
2025/07/27 20:38:16 UTC,742150936
2025/06/11 03:08:35 UTC,707465786
2025/07/27 23:32:56 UTC,742150936
2025/06/11 03:09:15 UTC,707465786
2025/08/21 08:19:32 UTC,832058556
2025/06/11 03:09:23 UTC,707465786
2025/01/06 11:48:54 UTC,200008464
2025/06/11 03:17:31 UTC,707465786
2025/08/24 17:54:15 UTC,767977383
2025/06/11 03:17:34 UTC,707465786
2025/04/23 07:03:40 UTC,664281396
2025/06/11 03:18:00 UTC,707465786
2025/04/23 09:06:08 UTC,620444636
2025/06/11 03:18:00 UTC,707465786
2026/02/13 09:08:48 UTC,898373686
2025/06/11 03:18:20 UTC,707465786
2025/10/09 04:18:58 UTC,886154996
2025/06/11 03:18:26 UTC,707465786
2025/01/05 08:39:37 UTC,532357004
2025/06/11 03:18:46 UTC,707465786
2025/01/05 09:38:54 UTC,479722234
2025/06/11 03:18:50 UTC,707465786
2025/09/14 07:35:31 UTC,853700356
2025/07/15 17:35:17 UTC,695384596
2025/09/14 07:35:40 UTC,853700356
2025/07/10 19:41:35 UTC,699249414
2025/09/15 03:23:46 UTC,449454476
2025/08/28 23:11:29 UTC,449500676
2025/10/25 00:57:50 UTC,718080814
2025/09/24 08:38:04 UTC,870268676
2025/07/18 12:15:21 UTC,796656616
2025/09/24 08:38:06 UTC,870268676
2025/07/18 12:15:58 UTC,796656616
2025/09/24 08:38:08 UTC,870268676
2025/07/18 12:18:08 UTC,647715984
2025/09/24 08:38:15 UTC,870268676
2025/02/06 01:51:08 UTC,506808586
2025/09/24 08:38:16 UTC,870268676
2025/02/06 01:51:10 UTC,506808586
2025/09/24 08:38:31 UTC,870268676
2025/07/18 18:29:21 UTC,585527534
2025/09/24 08:38:40 UTC,870268676
2025/07/18 18:29:23 UTC,585527534
2025/09/24 08:38:42 UTC,870268676
2025/07/18 18:30:05 UTC,585527534
2025/09/24 08:38:08 UTC,870268676
2025/07/18 18:31:17 UTC,585527534
2025/09/24 08:38:09 UTC,870268676
2024/12/02 05:35:43 UTC,545960016
2025/09/24 08:38:10 UTC,870268676
2024/12/02 05:35:44 UTC,545960016
2025/09/24 08:38:12 UTC,870268676
2024/12/02 05:35:59 UTC,545960016
2025/09/24 08:38:13 UTC,870268676
2025/03/07 02:03:26 UTC,427864244
2025/09/24 08:38:19 UTC,870268676
2025/03/07 02:03:30 UTC,427864244
2025/09/24 08:38:36 UTC,870268676
2025/03/07 02:24:37 UTC,639823116
2025/09/24 08:38:40 UTC,870268676
2025/12/31 07:20:58 UTC,826884554
2025/09/24 08:38:40 UTC,870268676
2025/12/20 00:00:37 UTC,884932236
2025/09/24 08:38:41 UTC,870268676
2025/02/04 20:09:48 UTC,506808586
2025/04/28 17:51:32 UTC,616044076
2025/02/04 20:09:52 UTC,506808586
2025/07/20 20:04:45 UTC,696511533
2025/08/22 03:44:30 UTC,721932554
2025/07/20 20:04:46 UTC,696511533
2025/08/22 05:22:37 UTC,832334586
2025/07/20 20:04:47 UTC,696511533
2025/12/12 18:35:31 UTC,895070114
2026/01/16 21:40:49 UTC,561461204
2025/05/01 05:49:05 UTC,568407026
2025/09/22 19:40:26 UTC,832154826
2025/06/05 19:38:03 UTC,623746304
2024/12/19 19:41:45 UTC,513805306
2025/09/17 23:04:25 UTC,747893984
2024/12/19 19:41:55 UTC,374060454
2025/09/17 23:04:29 UTC,747893984
2025/09/09 16:00:21 UTC,647697194
2026/02/06 00:12:39 UTC,1100110983
2025/09/09 16:00:21 UTC,647697194
2025/07/13 01:01:01 UTC,751607016
2025/04/06 03:48:45 UTC,630500024
2025/07/13 01:01:10 UTC,751607016
2025/04/06 03:48:46 UTC,630500024
2026/03/18 21:59:25 UTC,1370017496
2025/11/13 11:22:43 UTC,895023964
2025/07/07 19:09:24 UTC,145111864
2025/11/13 11:22:50 UTC,895023964
2025/07/07 20:08:01 UTC,427698984
2025/03/16 03:23:57 UTC,578130916
2025/07/07 20:08:01 UTC,427698984
2025/03/15 21:41:58 UTC,578130916
2025/07/07 19:09:00 UTC,145111864
2025/10/11 03:23:34 UTC,746029763
2025/06/27 16:29:57 UTC,427698984
2024/10/01 04:30:50 UTC,507851543
2025/04/08 23:00:13 UTC,641234276
2024/10/01 04:30:50 UTC,507851543
2025/04/08 22:59:50 UTC,625955823
2026/01/22 08:12:07 UTC,1090602934
2025/04/08 22:59:51 UTC,625955823
2026/01/22 08:11:58 UTC,1090602934
2025/04/08 22:59:56 UTC,625955823
2026/01/22 08:12:03 UTC,1090602934
2025/02/22 16:02:41 UTC,145111864
2026/01/22 08:12:07 UTC,1090602934
2025/02/22 16:12:22 UTC,145111864
2025/01/09 08:21:54 UTC,510712374
2025/10/07 13:38:17 UTC,647697194
2025/02/17 21:11:45 UTC,619146926
2025/10/07 13:38:20 UTC,647697194
2025/09/18 15:56:44 UTC,561452174
2026/02/04 01:54:59 UTC,1135095344
2025/10/16 12:51:06 UTC,905463666
2026/02/04 01:55:04 UTC,1135095344
2024/12/07 23:36:58 UTC,339300584
2025/02/22 20:21:18 UTC,622616386
2025/09/03 10:39:36 UTC,575422494
2025/10/07 13:37:56 UTC,647697194
2025/09/03 10:39:46 UTC,575422494
2025/08/03 16:07:02 UTC,449454476
2025/09/03 10:39:46 UTC,575422494
2025/08/03 20:42:06 UTC,631681716
2024/11/03 13:01:36 UTC,461322276
2026/01/15 13:09:30 UTC,647715984
2024/11/03 13:01:40 UTC,461322276
2025/06/11 19:46:21 UTC,561461204
2024/11/03 13:02:30 UTC,461322276
2024/11/11 21:36:50 UTC,449954766
2025/08/13 04:36:51 UTC,797867426
2025/06/11 19:44:23 UTC,561461204
2025/08/13 04:36:57 UTC,797867426
2025/06/11 19:46:20 UTC,561461204
2025/09/28 21:15:30 UTC,875538206
2025/06/11 19:46:58 UTC,561461204
2025/09/28 21:18:14 UTC,875538206
2025/06/11 19:46:59 UTC,561461204
2025/08/07 20:29:22 UTC,746555723
2025/08/29 22:11:11 UTC,647715984
2025/08/08 02:26:04 UTC,743295256
2025/07/03 18:05:08 UTC,627055486
2025/07/29 02:16:35 UTC,712478634
2025/03/10 22:30:04 UTC,611522036
2025/07/29 02:16:55 UTC,712478634
2025/10/16 01:18:35 UTC,716885573
2025/07/29 02:17:07 UTC,712478634
2025/10/16 01:18:36 UTC,716885573
2025/07/29 02:17:20 UTC,712478634
2025/08/17 16:42:55 UTC,754791596
2025/09/16 03:58:38 UTC,145111864
2025/08/17 16:43:12 UTC,754791596
2025/09/16 05:08:49 UTC,688613173
2025/06/15 04:25:05 UTC,715485756
2025/06/15 04:25:12 UTC,715485756
2025/06/15 04:25:13 UTC,715485756
2025/06/15 04:25:42 UTC,715485756
2025/06/15 04:26:21 UTC,715485756
2025/06/15 04:26:38 UTC,715485756
2025/06/06 02:07:54 UTC,676844004
2026/08/26 08:49:43 UTC,926587194
2025/02/15 22:52:46 UTC,611522036
2026/08/25 06:23:15 UTC,145111864
2026/03/14 20:39:42 UTC,1144110564
2026/08/25 07:13:51 UTC,145111864
2025/08/28 05:23:39 UTC,809369096
2026/08/24 06:16:43 UTC,943208224
2025/06/18 08:24:44 UTC,681230796
2026/08/24 04:40:36 UTC,1456116993
2025/03/20 18:58:07 UTC,646621023
2026/08/24 02:57:19 UTC,1397534356
2025/03/20 18:58:12 UTC,646621023
2026/08/24 02:57:20 UTC,1397534356
2025/02/06 18:32:23 UTC,575437294
2026/08/24 02:59:03 UTC,1480129936
2025/02/06 18:32:45 UTC,575437294
2026/08/24 02:59:11 UTC,1480129936
2025/02/06 18:32:48 UTC,575437294
2026/08/24 04:43:07 UTC,1476575834
2025/02/06 18:32:52 UTC,575437294
2026/08/24 04:43:13 UTC,1476575834
2025/02/06 18:32:57 UTC,575437294
2026/08/22 20:01:53 UTC,145111864
2025/02/06 18:33:07 UTC,575437294
2026/08/24 06:18:00 UTC,145111864
2025/02/06 18:33:16 UTC,575437294
2026/08/21 19:47:14 UTC,1467174814
2025/02/06 18:33:19 UTC,575437294
2026/08/21 19:47:18 UTC,1467174814
2025/06/18 17:16:39 UTC,640914144
2026/08/26 16:33:32 UTC,1539562766
2025/03/30 01:02:23 UTC,564508746
2026/08/20 08:04:54 UTC,145111864
2025/03/30 01:02:34 UTC,564508746
2026/08/26 13:46:07 UTC,1535520266
2025/03/30 01:02:50 UTC,564508746
2026/08/29 20:08:25 UTC,145111864
2025/04/13 04:52:02 UTC,631208796
2026/08/29 20:09:29 UTC,145111864
2025/08/01 17:53:13 UTC,561452174
2026/08/18 10:58:04 UTC,1535996526
2025/08/01 17:53:04 UTC,561452174
2026/08/17 17:43:18 UTC,164094834
2025/08/01 17:53:15 UTC,561452174
2026/08/17 08:49:23 UTC,1465176814
2025/08/01 21:48:10 UTC,712197444
2026/08/07 05:13:42 UTC,1476575834
2025/08/01 22:03:46 UTC,717350204
2026/08/07 05:13:45 UTC,1476575834
2025/08/02 01:51:30 UTC,732113936
2026/08/07 05:13:46 UTC,1476575834
2025/08/02 01:52:48 UTC,797867426
2026/08/08 05:04:34 UTC,1456237153
2025/06/04 04:59:59 UTC,620748676
2026/08/08 05:04:50 UTC,1456237153
2025/06/04 03:37:22 UTC,620748676
2026/08/08 05:04:50 UTC,1456237153
2025/06/04 03:37:28 UTC,620748676
2026/08/06 12:23:39 UTC,145111864
2025/08/01 20:02:30 UTC,676880284
2026/08/06 01:55:38 UTC,1528586166
2025/08/01 20:02:38 UTC,676880284
2026/08/15 09:13:33 UTC,1477073634
2025/08/01 20:02:44 UTC,676880284
2026/08/04 04:10:07 UTC,145111864
2025/08/01 21:19:21 UTC,797873656
2026/08/13 01:32:05 UTC,1543564296
2025/06/04 01:01:58 UTC,620748676
2026/07/29 04:08:57 UTC,1149393644
2025/06/04 01:02:20 UTC,620748676
2026/08/10 23:36:34 UTC,1535520266
2025/06/04 01:02:26 UTC,620748676
2026/07/26 05:34:55 UTC,1451496406
2025/07/13 04:53:51 UTC,648321536
2026/07/27 09:05:29 UTC,145111864
2025/07/13 04:56:51 UTC,685324024
2026/07/27 03:58:30 UTC,1230238214
2025/07/13 04:56:56 UTC,685324024
2026/07/27 03:58:31 UTC,145111864
2025/09/10 07:16:04 UTC,756936483
2026/07/27 03:59:50 UTC,145111864
2025/08/01 01:19:42 UTC,799772616
2026/07/25 01:12:52 UTC,1230029424
2025/08/01 01:19:44 UTC,799772616
2026/07/24 15:48:19 UTC,145111864
2025/07/13 00:59:14 UTC,783476716
2026/07/24 15:48:54 UTC,145111864
2025/07/13 04:09:32 UTC,707073824
2026/07/24 15:47:44 UTC,1465176814
2025/08/08 08:48:46 UTC,721676514
2026/07/22 14:30:48 UTC,1451526556
2025/04/09 19:17:56 UTC,664281396
2026/07/20 20:29:50 UTC,1439140326
2025/04/09 17:32:32 UTC,611584536
2026/07/22 03:41:46 UTC,164094834
2025/04/09 10:34:55 UTC,630500024
2026/07/18 06:35:40 UTC,1502217916
2025/04/09 10:34:56 UTC,630500024
2026/07/18 06:35:46 UTC,1502217916
2025/08/11 04:20:54 UTC,754723596
2026/07/18 06:35:47 UTC,1502217916
2025/08/11 04:22:05 UTC,145111864
2026/07/10 01:49:09 UTC,1230029424
2025/08/20 19:44:04 UTC,680320814
2026/05/08 00:18:09 UTC,1393313916
2025/08/20 19:43:02 UTC,680320814
2026/06/25 06:29:59 UTC,145111864
2025/08/20 19:43:58 UTC,680320814
2026/06/25 06:23:36 UTC,145111864
2025/04/03 21:48:29 UTC,145111864
2026/05/08 05:10:11 UTC,145111864
2025/08/21 05:05:55 UTC,717183124
2026/05/31 23:22:32 UTC,848692913
2025/07/02 02:04:46 UTC,145111864
2026/05/31 23:22:32 UTC,848692913
2025/06/25 19:05:14 UTC,550492743
2026/05/31 23:24:47 UTC,848692913
2025/07/31 05:43:30 UTC,794391316
2026/05/28 17:18:32 UTC,1149393644
2025/05/12 05:09:19 UTC,622781436
2026/05/21 14:50:10 UTC,1254280863
2025/06/17 18:54:18 UTC,679569913
2026/05/21 14:50:42 UTC,1254280863
2025/03/19 05:09:48 UTC,552548184
2026/05/18 13:53:34 UTC,145111864
2026/01/10 08:48:46 UTC,895023964
2026/05/18 13:54:41 UTC,145111864
2025/08/06 00:44:25 UTC,145111864
2026/05/15 04:38:02 UTC,941613523
2025/08/06 00:48:18 UTC,145111864
2026/04/30 23:47:01 UTC,1196386593
2025/03/12 20:02:31 UTC,598592544
2026/04/28 08:11:58 UTC,1391911016
2025/03/12 20:02:37 UTC,598592544
2026/04/25 09:29:26 UTC,427864244
2025/03/12 20:02:45 UTC,598592544
2026/04/25 09:29:34 UTC,427864244
2025/10/13 19:54:46 UTC,561452174
2026/04/25 09:26:52 UTC,427864244
2026/01/21 08:37:37 UTC,1109882063
2026/04/25 09:26:57 UTC,427864244
2025/10/13 18:10:47 UTC,647715984
2026/04/25 09:27:52 UTC,427864244
2025/11/27 20:54:59 UTC,647697194
2026/04/25 09:27:54 UTC,427864244
2025/12/25 21:15:06 UTC,427864244
2026/04/25 09:27:56 UTC,427864244
2025/12/25 21:15:38 UTC,427864244
2026/04/25 09:28:03 UTC,427864244
2025/12/25 21:15:41 UTC,427864244
2026/04/25 09:28:04 UTC,427864244
2025/12/25 21:15:47 UTC,427864244
2026/04/25 09:28:25 UTC,427864244
2025/12/25 21:15:49 UTC,427864244
2026/04/25 09:28:29 UTC,427864244
2025/11/27 18:46:38 UTC,647715984
2026/04/25 09:28:36 UTC,427864244
2025/11/27 18:46:56 UTC,647715984
2026/04/25 09:28:37 UTC,427864244
2025/07/26 00:38:58 UTC,679290413
2026/04/25 09:28:41 UTC,427864244
2025/07/26 00:46:19 UTC,745117573
2026/04/28 23:22:27 UTC,1190657203
2025/12/02 21:28:43 UTC,926830594
2026/04/24 18:57:11 UTC,1390560466
2025/05/26 05:26:41 UTC,620426676
2026/04/24 18:57:13 UTC,1390560466
2025/03/06 04:58:14 UTC,598592544
2026/04/24 18:57:13 UTC,1390560466
2025/03/06 04:58:25 UTC,598592544
2026/04/19 03:14:51 UTC,1149393644
2025/05/02 16:44:07 UTC,145111864
2026/04/19 03:15:29 UTC,1149393644
2025/05/02 17:41:31 UTC,636655976
2026/04/15 08:00:21 UTC,561452174
2024/09/27 02:30:32 UTC,374061034
2026/04/07 15:49:15 UTC,837422456
2025/03/14 11:42:22 UTC,602182194
2026/03/26 11:14:43 UTC,1364349536
2025/06/28 19:24:31 UTC,645616576
2026/03/26 11:16:57 UTC,1143782174
2026/03/11 05:25:37 UTC,1230203754
2025/07/30 06:29:28 UTC,145111864
2024/09/11 02:03:50 UTC,493152633
2025/07/30 06:29:41 UTC,145111864
2024/09/11 02:03:55 UTC,493152633
2025/07/16 23:38:02 UTC,712065733
2025/12/19 00:08:36 UTC,1073426234
2025/07/16 23:38:09 UTC,712065733
2025/02/10 22:33:04 UTC,164094834
2025/07/29 22:53:34 UTC,797867426
2025/08/19 11:29:57 UTC,585498474
2025/07/29 22:53:56 UTC,797867426
2025/08/19 11:33:48 UTC,832066986
2025/07/29 22:55:24 UTC,145111864
2025/08/19 11:33:58 UTC,832066986
2025/07/16 18:40:31 UTC,698860893
2025/05/20 18:09:28 UTC,705094296
2025/09/04 10:46:42 UTC,680320814
2025/05/20 05:33:17 UTC,687801856
2025/09/04 10:46:42 UTC,680320814
2025/08/20 03:01:30 UTC,145111864
2025/07/14 19:50:57 UTC,575422494
2025/12/02 21:28:52 UTC,926830594
2025/08/19 21:37:54 UTC,834431436
2026/01/05 04:57:46 UTC,884932236
2026/01/25 18:37:14 UTC,1124299964
2025/07/14 16:42:13 UTC,427698984
2025/07/25 14:29:43 UTC,751805166
2025/02/28 22:49:33 UTC,586299333
2026/01/05 04:21:14 UTC,895814214
2026/01/25 21:06:56 UTC,699767144
2025/07/06 19:35:47 UTC,712065733
2025/07/25 14:29:08 UTC,751805166
2025/06/04 20:12:06 UTC,647715984
2025/05/29 23:56:24 UTC,625955823
2026/01/25 21:07:02 UTC,699767144
2025/07/14 19:31:28 UTC,575422494
2024/09/15 16:55:48 UTC,420653084
2025/06/04 20:12:12 UTC,647715984
2025/05/29 23:57:53 UTC,625955823
2026/01/25 18:37:52 UTC,1124299964
2025/07/14 19:31:39 UTC,575422494
2025/04/01 18:31:02 UTC,651348406
2025/06/04 20:12:25 UTC,647715984
2025/05/29 23:57:57 UTC,625955823
2025/01/06 09:40:53 UTC,508527044
2025/12/03 18:53:55 UTC,831597686
2025/10/02 18:04:48 UTC,771412874
2025/06/04 20:12:26 UTC,647715984
2025/08/10 21:20:47 UTC,721647814
2025/01/06 09:40:54 UTC,508527044
2025/12/03 18:53:55 UTC,831597686
2025/06/08 04:14:52 UTC,647697194
2025/06/04 20:12:27 UTC,647715984
2025/09/28 05:37:50 UTC,721676514
2025/01/06 09:40:55 UTC,508527044
2025/07/14 16:09:40 UTC,783458986
2026/01/29 02:26:54 UTC,957889186
2025/06/04 20:12:33 UTC,647715984
2025/09/28 05:37:59 UTC,721676514
2025/01/06 09:40:56 UTC,508527044
2025/06/04 20:12:34 UTC,647715984
2025/03/25 20:03:53 UTC,570146944
2025/01/06 09:41:14 UTC,508527044
2025/06/04 20:12:58 UTC,647715984
2025/09/08 16:58:51 UTC,561452174
2025/01/06 09:41:14 UTC,508527044
2025/06/04 20:10:10 UTC,647715984
2025/09/08 16:58:57 UTC,561452174
2025/01/06 09:41:31 UTC,382462454
2025/06/04 20:11:59 UTC,647715984
2025/07/11 15:28:24 UTC,575422494
2025/05/18 19:52:06 UTC,685047456
2025/06/04 20:12:07 UTC,647715984
2025/07/11 15:28:33 UTC,575422494
2025/05/18 19:52:08 UTC,685047456
2025/06/04 20:12:09 UTC,647715984
2025/09/08 04:54:19 UTC,647697194
2025/06/13 00:33:37 UTC,145111864
2025/06/04 20:12:11 UTC,647715984
2025/09/08 04:54:20 UTC,647697194
2025/12/01 15:36:37 UTC,676880284
2025/06/04 20:12:27 UTC,647715984
2025/09/08 04:54:23 UTC,647697194
2025/04/28 05:48:18 UTC,616044076
2025/06/04 20:12:29 UTC,647715984
2025/09/08 04:54:49 UTC,647697194
2025/04/28 06:18:33 UTC,583998463
2025/06/04 20:12:29 UTC,647715984
2025/09/08 04:57:57 UTC,647697194
2026/03/03 18:46:06 UTC,1143782174
2025/06/04 20:12:35 UTC,647715984
2025/09/08 04:58:25 UTC,647697194
2026/03/17 18:01:29 UTC,1112987453
2025/06/04 20:12:35 UTC,647715984
2026/03/13 19:20:08 UTC,647715984
2025/03/10 02:41:46 UTC,616727046
2025/06/04 20:12:36 UTC,647715984
2025/12/27 22:41:09 UTC,990699963
2025/08/17 06:03:58 UTC,832077356
2026/01/15 06:53:16 UTC,927105394
2025/03/03 19:23:53 UTC,632371496
2025/08/17 06:04:18 UTC,832077356
2026/01/15 06:53:19 UTC,927105394
2025/09/07 23:24:59 UTC,757273696
2025/08/17 01:19:55 UTC,722162704
2026/01/15 06:53:21 UTC,927105394
2025/04/20 20:02:58 UTC,640224494
2025/08/17 01:20:14 UTC,722162704
2025/01/28 06:05:13 UTC,262828396
2025/04/20 20:03:15 UTC,640224494
2025/08/17 05:02:57 UTC,145111864
2025/01/28 06:05:13 UTC,262828396
2025/07/03 00:25:51 UTC,695114514
2025/06/07 04:24:14 UTC,543686464
2025/01/28 06:05:13 UTC,262828396
2025/07/03 00:25:51 UTC,695114514
2025/06/07 04:24:30 UTC,543686464
2025/08/22 18:59:52 UTC,809369096
2025/09/09 19:46:02 UTC,647715984
2026/02/12 04:33:08 UTC,898373686
2025/06/11 02:57:28 UTC,707465786
2025/09/09 15:59:28 UTC,647697194
2026/02/12 04:33:47 UTC,898373686
2025/06/11 02:57:33 UTC,707465786
2025/05/27 03:59:06 UTC,688613173
2026/02/12 04:33:50 UTC,898373686
2025/06/11 02:57:54 UTC,707465786
2025/03/17 09:07:01 UTC,532809034
2026/02/12 04:33:52 UTC,898373686
2025/06/11 02:58:03 UTC,707465786
2024/11/03 05:52:19 UTC,506808586
2025/05/05 05:47:06 UTC,684877886
2025/06/11 02:49:21 UTC,707465786
2024/11/03 05:52:21 UTC,506808586
2025/05/05 03:00:16 UTC,684877886
2025/06/11 02:49:23 UTC,707465786
2025/03/05 04:55:14 UTC,616771756
2025/05/05 03:00:17 UTC,684877886
2025/06/11 03:00:15 UTC,707465786
2025/03/05 04:55:19 UTC,616771756
2025/01/05 04:57:44 UTC,313809076
2025/06/11 03:00:19 UTC,707465786
2025/03/04 14:08:33 UTC,637605786
2025/03/31 11:21:57 UTC,632617386
2025/06/11 03:00:42 UTC,707465786
2025/06/30 15:46:11 UTC,145111864
2025/03/01 20:13:19 UTC,164094834
2025/06/11 03:00:42 UTC,707465786
2025/06/30 20:03:35 UTC,145111864
2025/03/01 20:13:22 UTC,164094834
2025/06/11 03:01:08 UTC,707465786
2025/08/12 19:47:06 UTC,575422494
2025/08/07 03:00:14 UTC,721676514
2025/06/11 03:01:15 UTC,707465786
2025/08/12 19:47:20 UTC,575422494
2025/08/07 03:01:02 UTC,721676514
2025/06/11 03:01:47 UTC,707465786
2025/08/12 19:47:23 UTC,575422494
2025/08/07 03:01:07 UTC,721676514
2025/06/11 03:01:59 UTC,707465786
2025/07/17 18:29:08 UTC,707054974
2025/06/11 03:03:01 UTC,707465786
2025/07/17 18:29:23 UTC,707054974
2025/06/11 03:03:14 UTC,707465786
2025/08/07 02:58:28 UTC,721676514
2025/06/11 03:07:23 UTC,707465786
2025/08/07 02:58:37 UTC,721676514
2025/06/11 03:07:27 UTC,707465786
2025/03/31 10:49:18 UTC,623976854
2025/06/11 03:07:42 UTC,707465786
2025/08/07 03:50:26 UTC,743333236
2025/06/11 03:07:46 UTC,707465786
2025/01/03 16:00:12 UTC,563817153
2025/06/11 03:08:12 UTC,707465786
2025/01/03 16:02:49 UTC,563817153
2025/06/11 03:08:14 UTC,707465786
2025/11/04 20:51:24 UTC,771385824
2025/06/11 03:08:34 UTC,707465786
2025/07/27 20:38:16 UTC,742150936
2025/06/11 03:08:35 UTC,707465786
2025/07/27 23:32:56 UTC,742150936
2025/06/11 03:09:15 UTC,707465786
2025/08/21 08:19:32 UTC,832058556
2025/06/11 03:09:23 UTC,707465786
2025/01/06 11:48:54 UTC,200008464
2025/06/11 03:17:31 UTC,707465786
2025/08/24 17:54:15 UTC,767977383
2025/06/11 03:17:34 UTC,707465786
2025/04/23 07:03:40 UTC,664281396
2025/06/11 03:18:00 UTC,707465786
2025/04/23 09:06:08 UTC,620444636
2025/06/11 03:18:00 UTC,707465786
2026/02/13 09:08:48 UTC,898373686
2025/06/11 03:18:20 UTC,707465786
2025/10/09 04:18:58 UTC,886154996
2025/06/11 03:18:26 UTC,707465786
2025/01/05 08:39:37 UTC,532357004
2025/06/11 03:18:46 UTC,707465786
2025/01/05 09:38:54 UTC,479722234
2025/06/11 03:18:50 UTC,707465786
2025/09/14 07:35:31 UTC,853700356
2025/07/15 17:35:17 UTC,695384596
2025/09/14 07:35:40 UTC,853700356
2025/07/10 19:41:35 UTC,699249414
2025/09/15 03:23:46 UTC,449454476
2025/08/28 23:11:29 UTC,449500676
2025/10/25 00:57:50 UTC,718080814
2025/09/24 08:38:04 UTC,870268676
2025/07/18 12:15:21 UTC,796656616
2025/09/24 08:38:06 UTC,870268676
2025/07/18 12:15:58 UTC,796656616
2025/09/24 08:38:08 UTC,870268676
2025/07/18 12:18:08 UTC,647715984
2025/09/24 08:38:15 UTC,870268676
2025/02/06 01:51:08 UTC,506808586
2025/09/24 08:38:16 UTC,870268676
2025/02/06 01:51:10 UTC,506808586
2025/09/24 08:38:31 UTC,870268676
2025/07/18 18:29:21 UTC,585527534
2025/09/24 08:38:40 UTC,870268676
2025/07/18 18:29:23 UTC,585527534
2025/09/24 08:38:42 UTC,870268676
2025/07/18 18:30:05 UTC,585527534
2025/09/24 08:38:08 UTC,870268676
2025/07/18 18:31:17 UTC,585527534
2025/09/24 08:38:09 UTC,870268676
2024/12/02 05:35:43 UTC,545960016
2025/09/24 08:38:10 UTC,870268676
2024/12/02 05:35:44 UTC,545960016
2025/09/24 08:38:12 UTC,870268676
2024/12/02 05:35:59 UTC,545960016
2025/09/24 08:38:13 UTC,870268676
2025/03/07 02:03:26 UTC,427864244
2025/09/24 08:38:19 UTC,870268676
2025/03/07 02:03:30 UTC,427864244
2025/09/24 08:38:36 UTC,870268676
2025/03/07 02:24:37 UTC,639823116
2025/09/24 08:38:40 UTC,870268676
2025/12/31 07:20:58 UTC,826884554
2025/09/24 08:38:40 UTC,870268676
2025/12/20 00:00:37 UTC,884932236
2025/09/24 08:38:41 UTC,870268676
2025/02/04 20:09:48 UTC,506808586
2025/04/28 17:51:32 UTC,616044076
2025/02/04 20:09:52 UTC,506808586
2025/07/20 20:04:45 UTC,696511533
2025/08/22 03:44:30 UTC,721932554
2025/07/20 20:04:46 UTC,696511533
2025/08/22 05:22:37 UTC,832334586
2025/07/20 20:04:47 UTC,696511533
2025/12/12 18:35:31 UTC,895070114
2026/01/16 21:40:49 UTC,561461204
2025/05/01 05:49:05 UTC,568407026
2025/09/22 19:40:26 UTC,832154826
2025/06/05 19:38:03 UTC,623746304
2024/12/19 19:41:45 UTC,513805306
2025/09/17 23:04:25 UTC,747893984
2024/12/19 19:41:55 UTC,374060454
2025/09/17 23:04:29 UTC,747893984
2025/09/09 16:00:21 UTC,647697194
2026/02/06 00:12:39 UTC,1100110983
2025/09/09 16:00:21 UTC,647697194
2025/07/13 01:01:01 UTC,751607016
2025/04/06 03:48:45 UTC,630500024
2025/07/13 01:01:10 UTC,751607016
2025/04/06 03:48:46 UTC,630500024
2026/03/18 21:59:25 UTC,1370017496
2025/11/13 11:22:43 UTC,895023964
2025/07/07 19:09:24 UTC,145111864
2025/11/13 11:22:50 UTC,895023964
2025/07/07 20:08:01 UTC,427698984
2025/03/16 03:23:57 UTC,578130916
2025/07/07 20:08:01 UTC,427698984
2025/03/15 21:41:58 UTC,578130916
2025/07/07 19:09:00 UTC,145111864
2025/10/11 03:23:34 UTC,746029763
2025/06/27 16:29:57 UTC,427698984
2024/10/01 04:30:50 UTC,507851543
2025/04/08 23:00:13 UTC,641234276
2024/10/01 04:30:50 UTC,507851543
2025/04/08 22:59:50 UTC,625955823
2026/01/22 08:12:07 UTC,1090602934
2025/04/08 22:59:51 UTC,625955823
2026/01/22 08:11:58 UTC,1090602934
2025/04/08 22:59:56 UTC,625955823
2026/01/22 08:12:03 UTC,1090602934
2025/02/22 16:02:41 UTC,145111864
2026/01/22 08:12:07 UTC,1090602934
2025/02/22 16:12:22 UTC,145111864
2025/01/09 08:21:54 UTC,510712374
2025/10/07 13:38:17 UTC,647697194
2025/02/17 21:11:45 UTC,619146926
2025/10/07 13:38:20 UTC,647697194
2025/09/18 15:56:44 UTC,561452174
2026/02/04 01:54:59 UTC,1135095344
2025/10/16 12:51:06 UTC,905463666
2026/02/04 01:55:04 UTC,1135095344
2024/12/07 23:36:58 UTC,339300584
2025/02/22 20:21:18 UTC,622616386
2025/09/03 10:39:36 UTC,575422494
2025/10/07 13:37:56 UTC,647697194
2025/09/03 10:39:46 UTC,575422494
2025/08/03 16:07:02 UTC,449454476
2025/09/03 10:39:46 UTC,575422494
2025/08/03 20:42:06 UTC,631681716
2024/11/03 13:01:36 UTC,461322276
2026/01/15 13:09:30 UTC,647715984
2024/11/03 13:01:40 UTC,461322276
2025/06/11 19:46:21 UTC,561461204
2024/11/03 13:02:30 UTC,461322276
2024/11/11 21:36:50 UTC,449954766
2025/08/13 04:36:51 UTC,797867426
2025/06/11 19:44:23 UTC,561461204
2025/08/13 04:36:57 UTC,797867426
2025/06/11 19:46:20 UTC,561461204
2025/09/28 21:15:30 UTC,875538206
2025/06/11 19:46:58 UTC,561461204
2025/09/28 21:18:14 UTC,875538206
2025/06/11 19:46:59 UTC,561461204
2025/08/07 20:29:22 UTC,746555723
2025/08/29 22:11:11 UTC,647715984
2025/08/08 02:26:04 UTC,743295256
2025/07/03 18:05:08 UTC,627055486
2025/07/29 02:16:35 UTC,712478634
2025/03/10 22:30:04 UTC,611522036
2025/07/29 02:16:55 UTC,712478634
2025/10/16 01:18:35 UTC,716885573
2025/07/29 02:17:07 UTC,712478634
2025/10/16 01:18:36 UTC,716885573
2025/07/29 02:17:20 UTC,712478634
2025/08/17 16:42:55 UTC,754791596
2025/09/16 03:58:38 UTC,145111864
2025/08/17 16:43:12 UTC,754791596
2025/09/16 05:08:49 UTC,688613173
2025/06/15 04:25:05 UTC,715485756
2025/06/15 04:25:12 UTC,715485756
2025/06/15 04:25:13 UTC,715485756
2025/06/15 04:25:42 UTC,715485756
2025/06/15 04:26:21 UTC,715485756
2025/06/15 04:26:38 UTC,715485756
2025/06/06 02:07:54 UTC,676844004
2026/08/26 08:49:43 UTC,926587194
2025/02/15 22:52:46 UTC,611522036
2026/08/25 06:23:15 UTC,145111864
2026/03/14 20:39:42 UTC,1144110564
2026/08/25 07:13:51 UTC,145111864
2025/08/28 05:23:39 UTC,809369096
2026/08/24 06:16:43 UTC,943208224
2025/06/18 08:24:44 UTC,681230796
2026/08/24 04:40:36 UTC,1456116993
2025/03/20 18:58:07 UTC,646621023
2026/08/24 02:57:19 UTC,1397534356
2025/03/20 18:58:12 UTC,646621023
2026/08/24 02:57:20 UTC,1397534356
2025/02/06 18:32:23 UTC,575437294
2026/08/24 02:59:03 UTC,1480129936
2025/02/06 18:32:45 UTC,575437294
2026/08/24 02:59:11 UTC,1480129936
2025/02/06 18:32:48 UTC,575437294
2026/08/24 04:43:07 UTC,1476575834
2025/02/06 18:32:52 UTC,575437294
2026/08/24 04:43:13 UTC,1476575834
2025/02/06 18:32:57 UTC,575437294
2026/08/22 20:01:53 UTC,145111864
2025/02/06 18:33:07 UTC,575437294
2026/08/24 06:18:00 UTC,145111864
2025/02/06 18:33:16 UTC,575437294
2026/08/21 19:47:14 UTC,1467174814
2025/02/06 18:33:19 UTC,575437294
2026/08/21 19:47:18 UTC,1467174814
2025/06/18 17:16:39 UTC,640914144
2026/08/26 16:33:32 UTC,1539562766
2025/03/30 01:02:23 UTC,564508746
2026/08/20 08:04:54 UTC,145111864
2025/03/30 01:02:34 UTC,564508746
2026/08/26 13:46:07 UTC,1535520266
2025/03/30 01:02:50 UTC,564508746
2026/08/29 20:08:25 UTC,145111864
2025/04/13 04:52:02 UTC,631208796
2026/08/29 20:09:29 UTC,145111864
2025/08/01 17:53:13 UTC,561452174
2026/08/18 10:58:04 UTC,1535996526
2025/08/01 17:53:04 UTC,561452174
2026/08/17 17:43:18 UTC,164094834
2025/08/01 17:53:15 UTC,561452174
2026/08/17 08:49:23 UTC,1465176814
2025/08/01 21:48:10 UTC,712197444
2026/08/07 05:13:42 UTC,1476575834
2025/08/01 22:03:46 UTC,717350204
2026/08/07 05:13:45 UTC,1476575834
2025/08/02 01:51:30 UTC,732113936
2026/08/07 05:13:46 UTC,1476575834
2025/08/02 01:52:48 UTC,797867426
2026/08/08 05:04:34 UTC,1456237153
2025/06/04 04:59:59 UTC,620748676
2026/08/08 05:04:50 UTC,1456237153
2025/06/04 03:37:22 UTC,620748676
2026/08/08 05:04:50 UTC,1456237153
2025/06/04 03:37:28 UTC,620748676
2026/08/06 12:23:39 UTC,145111864
2025/08/01 20:02:30 UTC,676880284
2026/08/06 01:55:38 UTC,1528586166
2025/08/01 20:02:38 UTC,676880284
2026/08/15 09:13:33 UTC,1477073634
2025/08/01 20:02:44 UTC,676880284
2026/08/04 04:10:07 UTC,145111864
2025/08/01 21:19:21 UTC,797873656
2026/08/13 01:32:05 UTC,1543564296
2025/06/04 01:01:58 UTC,620748676
2026/07/29 04:08:57 UTC,1149393644
2025/06/04 01:02:20 UTC,620748676
2026/08/10 23:36:34 UTC,1535520266
2025/06/04 01:02:26 UTC,620748676
2026/07/26 05:34:55 UTC,1451496406
2025/07/13 04:53:51 UTC,648321536
2026/07/27 09:05:29 UTC,145111864
2025/07/13 04:56:51 UTC,685324024
2026/07/27 03:58:30 UTC,1230238214
2025/07/13 04:56:56 UTC,685324024
2026/07/27 03:58:31 UTC,145111864
2025/09/10 07:16:04 UTC,756936483
2026/07/27 03:59:50 UTC,145111864
2025/08/01 01:19:42 UTC,799772616
2026/07/25 01:12:52 UTC,1230029424
2025/08/01 01:19:44 UTC,799772616
2026/07/24 15:48:19 UTC,145111864
2025/07/13 00:59:14 UTC,783476716
2026/07/24 15:48:54 UTC,145111864
2025/07/13 04:09:32 UTC,707073824
2026/07/24 15:47:44 UTC,1465176814
2025/08/08 08:48:46 UTC,721676514
2026/07/22 14:30:48 UTC,1451526556
2025/04/09 19:17:56 UTC,664281396
2026/07/20 20:29:50 UTC,1439140326
2025/04/09 17:32:32 UTC,611584536
2026/07/22 03:41:46 UTC,164094834
2025/04/09 10:34:55 UTC,630500024
2026/07/18 06:35:40 UTC,1502217916
2025/04/09 10:34:56 UTC,630500024
2026/07/18 06:35:46 UTC,1502217916
2025/08/11 04:20:54 UTC,754723596
2026/07/18 06:35:47 UTC,1502217916
2025/08/11 04:22:05 UTC,145111864
2026/07/10 01:49:09 UTC,1230029424
2025/08/20 19:44:04 UTC,680320814
2026/05/08 00:18:09 UTC,1393313916
2025/08/20 19:43:02 UTC,680320814
2026/06/25 06:29:59 UTC,145111864
2025/08/20 19:43:58 UTC,680320814
2026/06/25 06:23:36 UTC,145111864
2025/04/03 21:48:29 UTC,145111864
2026/05/08 05:10:11 UTC,145111864
2025/08/21 05:05:55 UTC,717183124
2026/05/31 23:22:32 UTC,848692913
2025/07/02 02:04:46 UTC,145111864
2026/05/31 23:22:32 UTC,848692913
2025/06/25 19:05:14 UTC,550492743
2026/05/31 23:24:47 UTC,848692913
2025/07/31 05:43:30 UTC,794391316
2026/05/28 17:18:32 UTC,1149393644
2025/05/12 05:09:19 UTC,622781436
2026/05/21 14:50:10 UTC,1254280863
2025/06/17 18:54:18 UTC,679569913
2026/05/21 14:50:42 UTC,1254280863
2025/03/19 05:09:48 UTC,552548184
2026/05/18 13:53:34 UTC,145111864
2026/01/10 08:48:46 UTC,895023964
2026/05/18 13:54:41 UTC,145111864
2025/08/06 00:44:25 UTC,145111864
2026/05/15 04:38:02 UTC,941613523
2025/08/06 00:48:18 UTC,145111864
2026/04/30 23:47:01 UTC,1196386593
2025/03/12 20:02:31 UTC,598592544
2026/04/28 08:11:58 UTC,1391911016
2025/03/12 20:02:37 UTC,598592544
2026/04/25 09:29:26 UTC,427864244
2025/03/12 20:02:45 UTC,598592544
2026/04/25 09:29:34 UTC,427864244
2025/10/13 19:54:46 UTC,561452174
2026/04/25 09:26:52 UTC,427864244
2026/01/21 08:37:37 UTC,1109882063
2026/04/25 09:26:57 UTC,427864244
2025/10/13 18:10:47 UTC,647715984
2026/04/25 09:27:52 UTC,427864244
2025/11/27 20:54:59 UTC,647697194
2026/04/25 09:27:54 UTC,427864244
2025/12/25 21:15:06 UTC,427864244
2026/04/25 09:27:56 UTC,427864244
2025/12/25 21:15:38 UTC,427864244
2026/04/25 09:28:03 UTC,427864244
2025/12/25 21:15:41 UTC,427864244
2026/04/25 09:28:04 UTC,427864244
2025/12/25 21:15:47 UTC,427864244
2026/04/25 09:28:25 UTC,427864244
2025/12/25 21:15:49 UTC,427864244
2026/04/25 09:28:29 UTC,427864244
2025/11/27 18:46:38 UTC,647715984
2026/04/25 09:28:36 UTC,427864244
2025/11/27 18:46:56 UTC,647715984
2026/04/25 09:28:37 UTC,427864244
2025/07/26 00:38:58 UTC,679290413
2026/04/25 09:28:41 UTC,427864244
2025/07/26 00:46:19 UTC,745117573
2026/04/28 23:22:27 UTC,1190657203
2025/12/02 21:28:43 UTC,926830594
2026/04/24 18:57:11 UTC,1390560466
2025/05/26 05:26:41 UTC,620426676
2026/04/24 18:57:13 UTC,1390560466
2025/03/06 04:58:14 UTC,598592544
2026/04/24 18:57:13 UTC,1390560466
2025/03/06 04:58:25 UTC,598592544
2026/04/19 03:14:51 UTC,1149393644
2025/05/02 16:44:07 UTC,145111864
2026/04/19 03:15:29 UTC,1149393644
2025/05/02 17:41:31 UTC,636655976
2026/04/15 08:00:21 UTC,561452174
2024/09/27 02:30:32 UTC,374061034
2026/04/07 15:49:15 UTC,837422456
2025/03/14 11:42:22 UTC,602182194
2026/03/26 11:14:43 UTC,1364349536
2025/06/28 19:24:31 UTC,645616576
2026/03/26 11:16:57 UTC,1143782174
2026/03/11 05:25:37 UTC,1230203754
2025/07/30 06:29:28 UTC,145111864
2024/09/11 02:03:50 UTC,493152633
2025/07/30 06:29:41 UTC,145111864
2024/09/11 02:03:55 UTC,493152633
2025/07/16 23:38:02 UTC,712065733
2025/12/19 00:08:36 UTC,1073426234
2025/07/16 23:38:09 UTC,712065733
2025/02/10 22:33:04 UTC,164094834
2025/07/29 22:53:34 UTC,797867426
2025/08/19 11:29:57 UTC,585498474
2025/07/29 22:53:56 UTC,797867426
2025/08/19 11:33:48 UTC,832066986
2025/07/29 22:55:24 UTC,145111864
2025/08/19 11:33:58 UTC,832066986
2025/07/16 18:40:31 UTC,698860893
2025/05/20 18:09:28 UTC,705094296
2025/09/04 10:46:42 UTC,680320814
2025/05/20 05:33:17 UTC,687801856
2025/09/04 10:46:42 UTC,680320814
2025/08/20 03:01:30 UTC,145111864
2025/07/14 19:50:57 UTC,575422494
2025/12/02 21:28:52 UTC,926830594
2025/08/19 21:37:54 UTC,834431436
2026/01/05 04:57:46 UTC,884932236
2026/01/25 18:37:14 UTC,1124299964
2025/07/14 16:42:13 UTC,427698984
2025/07/25 14:29:43 UTC,751805166
2025/02/28 22:49:33 UTC,586299333
2026/01/05 04:21:14 UTC,895814214
2026/01/25 21:06:56 UTC,699767144
2025/07/06 19:35:47 UTC,712065733
2025/07/25 14:29:08 UTC,751805166
2025/06/04 20:12:06 UTC,647715984
2025/05/29 23:56:24 UTC,625955823
2026/01/25 21:07:02 UTC,699767144
2025/07/14 19:31:28 UTC,575422494
2024/09/15 16:55:48 UTC,420653084
2025/06/04 20:12:12 UTC,647715984
2025/05/29 23:57:53 UTC,625955823
2026/01/25 18:37:52 UTC,1124299964
2025/07/14 19:31:39 UTC,575422494
2025/04/01 18:31:02 UTC,651348406
2025/06/04 20:12:25 UTC,647715984
2025/05/29 23:57:57 UTC,625955823
2025/01/06 09:40:53 UTC,508527044
2025/12/03 18:53:55 UTC,831597686
2025/10/02 18:04:48 UTC,771412874
2025/06/04 20:12:26 UTC,647715984
2025/08/10 21:20:47 UTC,721647814
2025/01/06 09:40:54 UTC,508527044
2025/12/03 18:53:55 UTC,831597686
2025/06/08 04:14:52 UTC,647697194
2025/06/04 20:12:27 UTC,647715984
2025/09/28 05:37:50 UTC,721676514
2025/01/06 09:40:55 UTC,508527044
2025/07/14 16:09:40 UTC,783458986
2026/01/29 02:26:54 UTC,957889186
2025/06/04 20:12:33 UTC,647715984
2025/09/28 05:37:59 UTC,721676514
2025/01/06 09:40:56 UTC,508527044
2025/06/04 20:12:34 UTC,647715984
2025/03/25 20:03:53 UTC,570146944
2025/01/06 09:41:14 UTC,508527044
2025/06/04 20:12:58 UTC,647715984
2025/09/08 16:58:51 UTC,561452174
2025/01/06 09:41:14 UTC,508527044
2025/06/04 20:10:10 UTC,647715984
2025/09/08 16:58:57 UTC,561452174
2025/01/06 09:41:31 UTC,382462454
2025/06/04 20:11:59 UTC,647715984
2025/07/11 15:28:24 UTC,575422494
2025/05/18 19:52:06 UTC,685047456
2025/06/04 20:12:07 UTC,647715984
2025/07/11 15:28:33 UTC,575422494
2025/05/18 19:52:08 UTC,685047456
2025/06/04 20:12:09 UTC,647715984
2025/09/08 04:54:19 UTC,647697194
2025/06/13 00:33:37 UTC,145111864
2025/06/04 20:12:11 UTC,647715984
2025/09/08 04:54:20 UTC,647697194
2025/12/01 15:36:37 UTC,676880284
2025/06/04 20:12:27 UTC,647715984
2025/09/08 04:54:23 UTC,647697194
2025/04/28 05:48:18 UTC,616044076
2025/06/04 20:12:29 UTC,647715984
2025/09/08 04:54:49 UTC,647697194
2025/04/28 06:18:33 UTC,583998463
2025/06/04 20:12:29 UTC,647715984
2025/09/08 04:57:57 UTC,647697194
2026/03/03 18:46:06 UTC,1143782174
2025/06/04 20:12:35 UTC,647715984
2025/09/08 04:58:25 UTC,647697194
2026/03/17 18:01:29 UTC,1112987453
2025/06/04 20:12:35 UTC,647715984
2026/03/13 19:20:08 UTC,647715984
2025/03/10 02:41:46 UTC,616727046
2025/06/04 20:12:36 UTC,647715984
2025/12/27 22:41:09 UTC,990699963
2025/08/17 06:03:58 UTC,832077356
2026/01/15 06:53:16 UTC,927105394
2025/03/03 19:23:53 UTC,632371496
2025/08/17 06:04:18 UTC,832077356
2026/01/15 06:53:19 UTC,927105394
2025/09/07 23:24:59 UTC,757273696
2025/08/17 01:19:55 UTC,722162704
2026/01/15 06:53:21 UTC,927105394
2025/04/20 20:02:58 UTC,640224494
2025/08/17 01:20:14 UTC,722162704
2025/01/28 06:05:13 UTC,262828396
2025/04/20 20:03:15 UTC,640224494
2025/08/17 05:02:57 UTC,145111864
2025/01/28 06:05:13 UTC,262828396
2025/07/03 00:25:51 UTC,695114514
2025/06/07 04:24:14 UTC,543686464
2025/01/28 06:05:13 UTC,262828396
2025/07/03 00:25:51 UTC,695114514
2025/06/07 04:24:30 UTC,543686464
2025/08/22 18:59:52 UTC,809369096
2025/09/09 19:46:02 UTC,647715984
2026/02/12 04:33:08 UTC,898373686
2025/06/11 02:57:28 UTC,707465786
2025/09/09 15:59:28 UTC,647697194
2026/02/12 04:33:47 UTC,898373686
2025/06/11 02:57:33 UTC,707465786
2025/05/27 03:59:06 UTC,688613173
2026/02/12 04:33:50 UTC,898373686
2025/06/11 02:57:54 UTC,707465786
2025/03/17 09:07:01 UTC,532809034
2026/02/12 04:33:52 UTC,898373686
2025/06/11 02:58:03 UTC,707465786
2024/11/03 05:52:19 UTC,506808586
2025/05/05 05:47:06 UTC,684877886
2025/06/11 02:49:21 UTC,707465786
2024/11/03 05:52:21 UTC,506808586
2025/05/05 03:00:16 UTC,684877886
2025/06/11 02:49:23 UTC,707465786
2025/03/05 04:55:14 UTC,616771756
2025/05/05 03:00:17 UTC,684877886
2025/06/11 03:00:15 UTC,707465786
2025/03/05 04:55:19 UTC,616771756
2025/01/05 04:57:44 UTC,313809076
2025/06/11 03:00:19 UTC,707465786
2025/03/04 14:08:33 UTC,637605786
2025/03/31 11:21:57 UTC,632617386
2025/06/11 03:00:42 UTC,707465786
2025/06/30 15:46:11 UTC,145111864
2025/03/01 20:13:19 UTC,164094834
2025/06/11 03:00:42 UTC,707465786
2025/06/30 20:03:35 UTC,145111864
2025/03/01 20:13:22 UTC,164094834
2025/06/11 03:01:08 UTC,707465786
2025/08/12 19:47:06 UTC,575422494
2025/08/07 03:00:14 UTC,721676514
2025/06/11 03:01:15 UTC,707465786
2025/08/12 19:47:20 UTC,575422494
2025/08/07 03:01:02 UTC,721676514
2025/06/11 03:01:47 UTC,707465786
2025/08/12 19:47:23 UTC,575422494
2025/08/07 03:01:07 UTC,721676514
2025/06/11 03:01:59 UTC,707465786
2025/07/17 18:29:08 UTC,707054974
2025/06/11 03:03:01 UTC,707465786
2025/07/17 18:29:23 UTC,707054974
2025/06/11 03:03:14 UTC,707465786
2025/08/07 02:58:28 UTC,721676514
2025/06/11 03:07:23 UTC,707465786
2025/08/07 02:58:37 UTC,721676514
2025/06/11 03:07:27 UTC,707465786
2025/03/31 10:49:18 UTC,623976854
2025/06/11 03:07:42 UTC,707465786
2025/08/07 03:50:26 UTC,743333236
2025/06/11 03:07:46 UTC,707465786
2025/01/03 16:00:12 UTC,563817153
2025/06/11 03:08:12 UTC,707465786
2025/01/03 16:02:49 UTC,563817153
2025/06/11 03:08:14 UTC,707465786
2025/11/04 20:51:24 UTC,771385824
2025/06/11 03:08:34 UTC,707465786
2025/07/27 20:38:16 UTC,742150936
2025/06/11 03:08:35 UTC,707465786
2025/07/27 23:32:56 UTC,742150936
2025/06/11 03:09:15 UTC,707465786
2025/08/21 08:19:32 UTC,832058556
2025/06/11 03:09:23 UTC,707465786
2025/01/06 11:48:54 UTC,200008464
2025/06/11 03:17:31 UTC,707465786
2025/08/24 17:54:15 UTC,767977383
2025/06/11 03:17:34 UTC,707465786
2025/04/23 07:03:40 UTC,664281396
2025/06/11 03:18:00 UTC,707465786
2025/04/23 09:06:08 UTC,620444636
2025/06/11 03:18:00 UTC,707465786
2026/02/13 09:08:48 UTC,898373686
2025/06/11 03:18:20 UTC,707465786
2025/10/09 04:18:58 UTC,886154996
2025/06/11 03:18:26 UTC,707465786
2025/01/05 08:39:37 UTC,532357004
2025/06/11 03:18:46 UTC,707465786
2025/01/05 09:38:54 UTC,479722234
2025/06/11 03:18:50 UTC,707465786
2025/09/14 07:35:31 UTC,853700356
2025/07/15 17:35:17 UTC,695384596
2025/09/14 07:35:40 UTC,853700356
2025/07/10 19:41:35 UTC,699249414
2025/09/15 03:23:46 UTC,449454476
2025/08/28 23:11:29 UTC,449500676
2025/10/25 00:57:50 UTC,718080814
2025/09/24 08:38:04 UTC,870268676
2025/07/18 12:15:21 UTC,796656616
2025/09/24 08:38:06 UTC,870268676
2025/07/18 12:15:58 UTC,796656616
2025/09/24 08:38:08 UTC,870268676
2025/07/18 12:18:08 UTC,647715984
2025/09/24 08:38:15 UTC,870268676
2025/02/06 01:51:08 UTC,506808586
2025/09/24 08:38:16 UTC,870268676
2025/02/06 01:51:10 UTC,506808586
2025/09/24 08:38:31 UTC,870268676
2025/07/18 18:29:21 UTC,585527534
2025/09/24 08:38:40 UTC,870268676
2025/07/18 18:29:23 UTC,585527534
2025/09/24 08:38:42 UTC,870268676
2025/07/18 18:30:05 UTC,585527534
2025/09/24 08:38:08 UTC,870268676
2025/07/18 18:31:17 UTC,585527534
2025/09/24 08:38:09 UTC,870268676
2024/12/02 05:35:43 UTC,545960016
2025/09/24 08:38:10 UTC,870268676
2024/12/02 05:35:44 UTC,545960016
2025/09/24 08:38:12 UTC,870268676
2024/12/02 05:35:59 UTC,545960016
2025/09/24 08:38:13 UTC,870268676
2025/03/07 02:03:26 UTC,427864244
2025/09/24 08:38:19 UTC,870268676
2025/03/07 02:03:30 UTC,427864244
2025/09/24 08:38:36 UTC,870268676
2025/03/07 02:24:37 UTC,639823116
2025/09/24 08:38:40 UTC,870268676
2025/12/31 07:20:58 UTC,826884554
2025/09/24 08:38:40 UTC,870268676
2025/12/20 00:00:37 UTC,884932236
2025/09/24 08:38:41 UTC,870268676
2025/02/04 20:09:48 UTC,506808586
2025/04/28 17:51:32 UTC,616044076
2025/02/04 20:09:52 UTC,506808586
2025/07/20 20:04:45 UTC,696511533
2025/08/22 03:44:30 UTC,721932554
2025/07/20 20:04:46 UTC,696511533
2025/08/22 05:22:37 UTC,832334586
2025/07/20 20:04:47 UTC,696511533
2025/12/12 18:35:31 UTC,895070114
2026/01/16 21:40:49 UTC,561461204
2025/05/01 05:49:05 UTC,568407026
2025/09/22 19:40:26 UTC,832154826
2025/06/05 19:38:03 UTC,623746304
2024/12/19 19:41:45 UTC,513805306
2025/09/17 23:04:25 UTC,747893984
2024/12/19 19:41:55 UTC,374060454
2025/09/17 23:04:29 UTC,747893984
2025/09/09 16:00:21 UTC,647697194
2026/02/06 00:12:39 UTC,1100110983
2025/09/09 16:00:21 UTC,647697194
2025/07/13 01:01:01 UTC,751607016
2025/04/06 03:48:45 UTC,630500024
2025/07/13 01:01:10 UTC,751607016
2025/04/06 03:48:46 UTC,630500024
2026/03/18 21:59:25 UTC,1370017496
2025/11/13 11:22:43 UTC,895023964
2025/07/07 19:09:24 UTC,145111864
2025/11/13 11:22:50 UTC,895023964
2025/07/07 20:08:01 UTC,427698984
2025/03/16 03:23:57 UTC,578130916
2025/07/07 20:08:01 UTC,427698984
2025/03/15 21:41:58 UTC,578130916
2025/07/07 19:09:00 UTC,145111864
2025/10/11 03:23:34 UTC,746029763
2025/06/27 16:29:57 UTC,427698984
2024/10/01 04:30:50 UTC,507851543
2025/04/08 23:00:13 UTC,641234276
2024/10/01 04:30:50 UTC,507851543
2025/04/08 22:59:50 UTC,625955823
2026/01/22 08:12:07 UTC,1090602934
2025/04/08 22:59:51 UTC,625955823
2026/01/22 08:11:58 UTC,1090602934
2025/04/08 22:59:56 UTC,625955823
2026/01/22 08:12:03 UTC,1090602934
2025/02/22 16:02:41 UTC,145111864
2026/01/22 08:12:07 UTC,1090602934
2025/02/22 16:12:22 UTC,145111864
2025/01/09 08:21:54 UTC,510712374
2025/10/07 13:38:17 UTC,647697194
2025/02/17 21:11:45 UTC,619146926
2025/10/07 13:38:20 UTC,647697194
2025/09/18 15:56:44 UTC,561452174
2026/02/04 01:54:59 UTC,1135095344
2025/10/16 12:51:06 UTC,905463666
2026/02/04 01:55:04 UTC,1135095344
2024/12/07 23:36:58 UTC,339300584
2025/02/22 20:21:18 UTC,622616386
2025/09/03 10:39:36 UTC,575422494
2025/10/07 13:37:56 UTC,647697194
2025/09/03 10:39:46 UTC,575422494
2025/08/03 16:07:02 UTC,449454476
2025/09/03 10:39:46 UTC,575422494
2025/08/03 20:42:06 UTC,631681716
2024/11/03 13:01:36 UTC,461322276
2026/01/15 13:09:30 UTC,647715984
2024/11/03 13:01:40 UTC,461322276
2025/06/11 19:46:21 UTC,561461204
2024/11/03 13:02:30 UTC,461322276
2024/11/11 21:36:50 UTC,449954766
2025/08/13 04:36:51 UTC,797867426
2025/06/11 19:44:23 UTC,561461204
2025/08/13 04:36:57 UTC,797867426
2025/06/11 19:46:20 UTC,561461204
2025/09/28 21:15:30 UTC,875538206
2025/06/11 19:46:58 UTC,561461204
2025/09/28 21:18:14 UTC,875538206
2025/06/11 19:46:59 UTC,561461204
2025/08/07 20:29:22 UTC,746555723
2025/08/29 22:11:11 UTC,647715984
2025/08/08 02:26:04 UTC,743295256
2025/07/03 18:05:08 UTC,627055486
2025/07/29 02:16:35 UTC,712478634
2025/03/10 22:30:04 UTC,611522036
2025/07/29 02:16:55 UTC,712478634
2025/10/16 01:18:35 UTC,716885573
2025/07/29 02:17:07 UTC,712478634
2025/10/16 01:18:36 UTC,716885573
2025/07/29 02:17:20 UTC,712478634
2025/08/17 16:42:55 UTC,754791596
2025/09/16 03:58:38 UTC,145111864
2025/08/17 16:43:12 UTC,754791596
2025/09/16 05:08:49 UTC,688613173
2025/06/15 04:25:05 UTC,715485756
2025/06/15 04:25:12 UTC,715485756
2025/06/15 04:25:13 UTC,715485756
2025/06/15 04:25:42 UTC,715485756
2025/06/15 04:26:21 UTC,715485756
2025/06/15 04:26:38 UTC,715485756
2025/06/06 02:07:54 UTC,676844004
2026/08/26 08:49:43 UTC,926587194
2025/02/15 22:52:46 UTC,611522036
2026/08/25 06:23:15 UTC,145111864
2026/03/14 20:39:42 UTC,1144110564
2026/08/25 07:13:51 UTC,145111864
2025/08/28 05:23:39 UTC,809369096
2026/08/24 06:16:43 UTC,943208224
2025/06/18 08:24:44 UTC,681230796
2026/08/24 04:40:36 UTC,1456116993
2025/03/20 18:58:07 UTC,646621023
2026/08/24 02:57:19 UTC,1397534356
2025/03/20 18:58:12 UTC,646621023
2026/08/24 02:57:20 UTC,1397534356
2025/02/06 18:32:23 UTC,575437294
2026/08/24 02:59:03 UTC,1480129936
2025/02/06 18:32:45 UTC,575437294
2026/08/24 02:59:11 UTC,1480129936
2025/02/06 18:32:48 UTC,575437294
2026/08/24 04:43:07 UTC,1476575834
2025/02/06 18:32:52 UTC,575437294
2026/08/24 04:43:13 UTC,1476575834
2025/02/06 18:32:57 UTC,575437294
2026/08/22 20:01:53 UTC,145111864
2025/02/06 18:33:07 UTC,575437294
2026/08/24 06:18:00 UTC,145111864
2025/02/06 18:33:16 UTC,575437294
2026/08/21 19:47:14 UTC,1467174814
2025/02/06 18:33:19 UTC,575437294
2026/08/21 19:47:18 UTC,1467174814
2025/06/18 17:16:39 UTC,640914144
2026/08/26 16:33:32 UTC,1539562766
2025/03/30 01:02:23 UTC,564508746
2026/08/20 08:04:54 UTC,145111864
2025/03/30 01:02:34 UTC,564508746
2026/08/26 13:46:07 UTC,1535520266
2025/03/30 01:02:50 UTC,564508746
2026/08/29 20:08:25 UTC,145111864
2025/04/13 04:52:02 UTC,631208796
2026/08/29 20:09:29 UTC,145111864
2025/08/01 17:53:13 UTC,561452174
2026/08/18 10:58:04 UTC,1535996526
2025/08/01 17:53:04 UTC,561452174
2026/08/17 17:43:18 UTC,164094834
2025/08/01 17:53:15 UTC,561452174
2026/08/17 08:49:23 UTC,1465176814
2025/08/01 21:48:10 UTC,712197444
2026/08/07 05:13:42 UTC,1476575834
2025/08/01 22:03:46 UTC,717350204
2026/08/07 05:13:45 UTC,1476575834
2025/08/02 01:51:30 UTC,732113936
2026/08/07 05:13:46 UTC,1476575834
2025/08/02 01:52:48 UTC,797867426
2026/08/08 05:04:34 UTC,1456237153
2025/06/04 04:59:59 UTC,620748676
2026/08/08 05:04:50 UTC,1456237153
2025/06/04 03:37:22 UTC,620748676
2026/08/08 05:04:50 UTC,1456237153
2025/06/04 03:37:28 UTC,620748676
2026/08/06 12:23:39 UTC,145111864
2025/08/01 20:02:30 UTC,676880284
2026/08/06 01:55:38 UTC,1528586166
2025/08/01 20:02:38 UTC,676880284
2026/08/15 09:13:33 UTC,1477073634
2025/08/01 20:02:44 UTC,676880284
2026/08/04 04:10:07 UTC,145111864
2025/08/01 21:19:21 UTC,797873656
2026/08/13 01:32:05 UTC,1543564296
2025/06/04 01:01:58 UTC,620748676
2026/07/29 04:08:57 UTC,1149393644
2025/06/04 01:02:20 UTC,620748676
2026/08/10 23:36:34 UTC,1535520266
2025/06/04 01:02:26 UTC,620748676
2026/07/26 05:34:55 UTC,1451496406
2025/07/13 04:53:51 UTC,648321536
2026/07/27 09:05:29 UTC,145111864
2025/07/13 04:56:51 UTC,685324024
2026/07/27 03:58:30 UTC,1230238214
2025/07/13 04:56:56 UTC,685324024
2026/07/27 03:58:31 UTC,145111864
2025/09/10 07:16:04 UTC,756936483
2026/07/27 03:59:50 UTC,145111864
2025/08/01 01:19:42 UTC,799772616
2026/07/25 01:12:52 UTC,1230029424
2025/08/01 01:19:44 UTC,799772616
2026/07/24 15:48:19 UTC,145111864
2025/07/13 00:59:14 UTC,783476716
2026/07/24 15:48:54 UTC,145111864
2025/07/13 04:09:32 UTC,707073824
2026/07/24 15:47:44 UTC,1465176814
2025/08/08 08:48:46 UTC,721676514
2026/07/22 14:30:48 UTC,1451526556
2025/04/09 19:17:56 UTC,664281396
2026/07/20 20:29:50 UTC,1439140326
2025/04/09 17:32:32 UTC,611584536
2026/07/22 03:41:46 UTC,164094834
2025/04/09 10:34:55 UTC,630500024
2026/07/18 06:35:40 UTC,1502217916
2025/04/09 10:34:56 UTC,630500024
2026/07/18 06:35:46 UTC,1502217916
2025/08/11 04:20:54 UTC,754723596
2026/07/18 06:35:47 UTC,1502217916
2025/08/11 04:22:05 UTC,145111864
2026/07/10 01:49:09 UTC,1230029424
2025/08/20 19:44:04 UTC,680320814
2026/05/08 00:18:09 UTC,1393313916
2025/08/20 19:43:02 UTC,680320814
2026/06/25 06:29:59 UTC,145111864
2025/08/20 19:43:58 UTC,680320814
2026/06/25 06:23:36 UTC,145111864
2025/04/03 21:48:29 UTC,145111864
2026/05/08 05:10:11 UTC,145111864
2025/08/21 05:05:55 UTC,717183124
2026/05/31 23:22:32 UTC,848692913
2025/07/02 02:04:46 UTC,145111864
2026/05/31 23:22:32 UTC,848692913
2025/06/25 19:05:14 UTC,550492743
2026/05/31 23:24:47 UTC,848692913
2025/07/31 05:43:30 UTC,794391316
2026/05/28 17:18:32 UTC,1149393644
2025/05/12 05:09:19 UTC,622781436
2026/05/21 14:50:10 UTC,1254280863
2025/06/17 18:54:18 UTC,679569913
2026/05/21 14:50:42 UTC,1254280863
2025/03/19 05:09:48 UTC,552548184
2026/05/18 13:53:34 UTC,145111864
2026/01/10 08:48:46 UTC,895023964
2026/05/18 13:54:41 UTC,145111864
2025/08/06 00:44:25 UTC,145111864
2026/05/15 04:38:02 UTC,941613523
2025/08/06 00:48:18 UTC,145111864
2026/04/30 23:47:01 UTC,1196386593
2025/03/12 20:02:31 UTC,598592544
2026/04/28 08:11:58 UTC,1391911016
2025/03/12 20:02:37 UTC,598592544
2026/04/25 09:29:26 UTC,427864244
2025/03/12 20:02:45 UTC,598592544
2026/04/25 09:29:34 UTC,427864244
2025/10/13 19:54:46 UTC,561452174
2026/04/25 09:26:52 UTC,427864244
2026/01/21 08:37:37 UTC,1109882063
2026/04/25 09:26:57 UTC,427864244
2025/10/13 18:10:47 UTC,647715984
2026/04/25 09:27:52 UTC,427864244
2025/11/27 20:54:59 UTC,647697194
2026/04/25 09:27:54 UTC,427864244
2025/12/25 21:15:06 UTC,427864244
2026/04/25 09:27:56 UTC,427864244
2025/12/25 21:15:38 UTC,427864244
2026/04/25 09:28:03 UTC,427864244
2025/12/25 21:15:41 UTC,427864244
2026/04/25 09:28:04 UTC,427864244
2025/12/25 21:15:47 UTC,427864244
2026/04/25 09:28:25 UTC,427864244
2025/12/25 21:15:49 UTC,427864244
2026/04/25 09:28:29 UTC,427864244
2025/11/27 18:46:38 UTC,647715984
2026/04/25 09:28:36 UTC,427864244
2025/11/27 18:46:56 UTC,647715984
2026/04/25 09:28:37 UTC,427864244
2025/07/26 00:38:58 UTC,679290413
2026/04/25 09:28:41 UTC,427864244
2025/07/26 00:46:19 UTC,745117573
2026/04/28 23:22:27 UTC,1190657203
2025/12/02 21:28:43 UTC,926830594
2026/04/24 18:57:11 UTC,1390560466
2025/05/26 05:26:41 UTC,620426676
2026/04/24 18:57:13 UTC,1390560466
2025/03/06 04:58:14 UTC,598592544
2026/04/24 18:57:13 UTC,1390560466
2025/03/06 04:58:25 UTC,598592544
2026/04/19 03:14:51 UTC,1149393644
2025/05/02 16:44:07 UTC,145111864
2026/04/19 03:15:29 UTC,1149393644
2025/05/02 17:41:31 UTC,636655976
2026/04/15 08:00:21 UTC,561452174
2024/09/27 02:30:32 UTC,374061034
2026/04/07 15:49:15 UTC,837422456
2025/03/14 11:42:22 UTC,602182194
2026/03/26 11:14:43 UTC,1364349536
2025/06/28 19:24:31 UTC,645616576
2026/03/26 11:16:57 UTC,1143782174
2026/03/11 05:25:37 UTC,1230203754
2025/07/30 06:29:28 UTC,145111864
2024/09/11 02:03:50 UTC,493152633
2025/07/30 06:29:41 UTC,145111864
2024/09/11 02:03:55 UTC,493152633
2025/07/16 23:38:02 UTC,712065733
2025/12/19 00:08:36 UTC,1073426234
2025/07/16 23:38:09 UTC,712065733
2025/02/10 22:33:04 UTC,164094834
2025/07/29 22:53:34 UTC,797867426
2025/08/19 11:29:57 UTC,585498474
2025/07/29 22:53:56 UTC,797867426
2025/08/19 11:33:48 UTC,832066986
2025/07/29 22:55:24 UTC,145111864
2025/08/19 11:33:58 UTC,832066986
2025/07/16 18:40:31 UTC,698860893
2025/05/20 18:09:28 UTC,705094296
2025/09/04 10:46:42 UTC,680320814
2025/05/20 05:33:17 UTC,687801856
2025/09/04 10:46:42 UTC,680320814
2025/08/20 03:01:30 UTC,145111864
2025/07/14 19:50:57 UTC,575422494
2025/12/02 21:28:52 UTC,926830594
2025/08/19 21:37:54 UTC,834431436
2026/01/05 04:57:46 UTC,884932236
2026/01/25 18:37:14 UTC,1124299964
2025/07/14 16:42:13 UTC,427698984
2025/07/25 14:29:43 UTC,751805166
2025/02/28 22:49:33 UTC,586299333
2026/01/05 04:21:14 UTC,895814214
2026/01/25 21:06:56 UTC,699767144
2025/07/06 19:35:47 UTC,712065733
2025/07/25 14:29:08 UTC,751805166
2025/06/04 20:12:06 UTC,647715984
2025/05/29 23:56:24 UTC,625955823
2026/01/25 21:07:02 UTC,699767144
2025/07/14 19:31:28 UTC,575422494
2024/09/15 16:55:48 UTC,420653084
2025/06/04 20:12:12 UTC,647715984
2025/05/29 23:57:53 UTC,625955823
2026/01/25 18:37:52 UTC,1124299964
2025/07/14 19:31:39 UTC,575422494
2025/04/01 18:31:02 UTC,651348406
2025/06/04 20:12:25 UTC,647715984
2025/05/29 23:57:57 UTC,625955823
2025/01/06 09:40:53 UTC,508527044
2025/12/03 18:53:55 UTC,831597686
2025/10/02 18:04:48 UTC,771412874
2025/06/04 20:12:26 UTC,647715984
2025/08/10 21:20:47 UTC,721647814
2025/01/06 09:40:54 UTC,508527044
2025/12/03 18:53:55 UTC,831597686
2025/06/08 04:14:52 UTC,647697194
2025/06/04 20:12:27 UTC,647715984
2025/09/28 05:37:50 UTC,721676514
2025/01/06 09:40:55 UTC,508527044
2025/07/14 16:09:40 UTC,783458986
2026/01/29 02:26:54 UTC,957889186
2025/06/04 20:12:33 UTC,647715984
2025/09/28 05:37:59 UTC,721676514
2025/01/06 09:40:56 UTC,508527044
2025/06/04 20:12:34 UTC,647715984
2025/03/25 20:03:53 UTC,570146944
2025/01/06 09:41:14 UTC,508527044
2025/06/04 20:12:58 UTC,647715984
2025/09/08 16:58:51 UTC,561452174
2025/01/06 09:41:14 UTC,508527044
2025/06/04 20:10:10 UTC,647715984
2025/09/08 16:58:57 UTC,561452174
2025/01/06 09:41:31 UTC,382462454
2025/06/04 20:11:59 UTC,647715984
2025/07/11 15:28:24 UTC,575422494
2025/05/18 19:52:06 UTC,685047456
2025/06/04 20:12:07 UTC,647715984
2025/07/11 15:28:33 UTC,575422494
2025/05/18 19:52:08 UTC,685047456
2025/06/04 20:12:09 UTC,647715984
2025/09/08 04:54:19 UTC,647697194
2025/06/13 00:33:37 UTC,145111864
2025/06/04 20:12:11 UTC,647715984
2025/09/08 04:54:20 UTC,647697194
2025/12/01 15:36:37 UTC,676880284
2025/06/04 20:12:27 UTC,647715984
2025/09/08 04:54:23 UTC,647697194
2025/04/28 05:48:18 UTC,616044076
2025/06/04 20:12:29 UTC,647715984
2025/09/08 04:54:49 UTC,647697194
2025/04/28 06:18:33 UTC,583998463
2025/06/04 20:12:29 UTC,647715984
2025/09/08 04:57:57 UTC,647697194
2026/03/03 18:46:06 UTC,1143782174
2025/06/04 20:12:35 UTC,647715984
2025/09/08 04:58:25 UTC,647697194
2026/03/17 18:01:29 UTC,1112987453
2025/06/04 20:12:35 UTC,647715984
2026/03/13 19:20:08 UTC,647715984
2025/03/10 02:41:46 UTC,616727046
2025/06/04 20:12:36 UTC,647715984
2025/12/27 22:41:09 UTC,990699963
2025/08/17 06:03:58 UTC,832077356
2026/01/15 06:53:16 UTC,927105394
2025/03/03 19:23:53 UTC,632371496
2025/08/17 06:04:18 UTC,832077356
2026/01/15 06:53:19 UTC,927105394
2025/09/07 23:24:59 UTC,757273696
2025/08/17 01:19:55 UTC,722162704
2026/01/15 06:53:21 UTC,927105394
2025/04/20 20:02:58 UTC,640224494
2025/08/17 01:20:14 UTC,722162704
2025/01/28 06:05:13 UTC,262828396
2025/04/20 20:03:15 UTC,640224494
2025/08/17 05:02:57 UTC,145111864
2025/01/28 06:05:13 UTC,262828396
2025/07/03 00:25:51 UTC,695114514
2025/06/07 04:24:14 UTC,543686464
2025/01/28 06:05:13 UTC,262828396
2025/07/03 00:25:51 UTC,695114514
2025/06/07 04:24:30 UTC,543686464
2025/08/22 18:59:52 UTC,809369096
2025/09/09 19:46:02 UTC,647715984
2026/02/12 04:33:08 UTC,898373686
2025/06/11 02:57:28 UTC,707465786
2025/09/09 15:59:28 UTC,647697194
2026/02/12 04:33:47 UTC,898373686
2025/06/11 02:57:33 UTC,707465786
2025/05/27 03:59:06 UTC,688613173
2026/02/12 04:33:50 UTC,898373686
2025/06/11 02:57:54 UTC,707465786
2025/03/17 09:07:01 UTC,532809034
2026/02/12 04:33:52 UTC,898373686
2025/06/11 02:58:03 UTC,707465786
2024/11/03 05:52:19 UTC,506808586
2025/05/05 05:47:06 UTC,684877886
2025/06/11 02:49:21 UTC,707465786
2024/11/03 05:52:21 UTC,506808586
2025/05/05 03:00:16 UTC,684877886
2025/06/11 02:49:23 UTC,707465786
2025/03/05 04:55:14 UTC,616771756
2025/05/05 03:00:17 UTC,684877886
2025/06/11 03:00:15 UTC,707465786
2025/03/05 04:55:19 UTC,616771756
2025/01/05 04:57:44 UTC,313809076
2025/06/11 03:00:19 UTC,707465786
2025/03/04 14:08:33 UTC,637605786
2025/03/31 11:21:57 UTC,632617386
2025/06/11 03:00:42 UTC,707465786
2025/06/30 15:46:11 UTC,145111864
2025/03/01 20:13:19 UTC,164094834
2025/06/11 03:00:42 UTC,707465786
2025/06/30 20:03:35 UTC,145111864
2025/03/01 20:13:22 UTC,164094834
2025/06/11 03:01:08 UTC,707465786
2025/08/12 19:47:06 UTC,575422494
2025/08/07 03:00:14 UTC,721676514
2025/06/11 03:01:15 UTC,707465786
2025/08/12 19:47:20 UTC,575422494
2025/08/07 03:01:02 UTC,721676514
2025/06/11 03:01:47 UTC,707465786
2025/08/12 19:47:23 UTC,575422494
2025/08/07 03:01:07 UTC,721676514
2025/06/11 03:01:59 UTC,707465786
2025/07/17 18:29:08 UTC,707054974
2025/06/11 03:03:01 UTC,707465786
2025/07/17 18:29:23 UTC,707054974
2025/06/11 03:03:14 UTC,707465786
2025/08/07 02:58:28 UTC,721676514
2025/06/11 03:07:23 UTC,707465786
2025/08/07 02:58:37 UTC,721676514
2025/06/11 03:07:27 UTC,707465786
2025/03/31 10:49:18 UTC,623976854
2025/06/11 03:07:42 UTC,707465786
2025/08/07 03:50:26 UTC,743333236
2025/06/11 03:07:46 UTC,707465786
2025/01/03 16:00:12 UTC,563817153
2025/06/11 03:08:12 UTC,707465786
2025/01/03 16:02:49 UTC,563817153
2025/06/11 03:08:14 UTC,707465786
2025/11/04 20:51:24 UTC,771385824
2025/06/11 03:08:34 UTC,707465786
2025/07/27 20:38:16 UTC,742150936
2025/06/11 03:08:35 UTC,707465786
2025/07/27 23:32:56 UTC,742150936
2025/06/11 03:09:15 UTC,707465786
2025/08/21 08:19:32 UTC,832058556
2025/06/11 03:09:23 UTC,707465786
2025/01/06 11:48:54 UTC,200008464
2025/06/11 03:17:31 UTC,707465786
2025/08/24 17:54:15 UTC,767977383
2025/06/11 03:17:34 UTC,707465786
2025/04/23 07:03:40 UTC,664281396
2025/06/11 03:18:00 UTC,707465786
2025/04/23 09:06:08 UTC,620444636
2025/06/11 03:18:00 UTC,707465786
2026/02/13 09:08:48 UTC,898373686
2025/06/11 03:18:20 UTC,707465786
2025/10/09 04:18:58 UTC,886154996
2025/06/11 03:18:26 UTC,707465786
2025/01/05 08:39:37 UTC,532357004
2025/06/11 03:18:46 UTC,707465786
2025/01/05 09:38:54 UTC,479722234
2025/06/11 03:18:50 UTC,707465786
2025/09/14 07:35:31 UTC,853700356
2025/07/15 17:35:17 UTC,695384596
2025/09/14 07:35:40 UTC,853700356
2025/07/10 19:41:35 UTC,699249414
2025/09/15 03:23:46 UTC,449454476
2025/08/28 23:11:29 UTC,449500676
2025/10/25 00:57:50 UTC,718080814
2025/09/24 08:38:04 UTC,870268676
2025/07/18 12:15:21 UTC,796656616
2025/09/24 08:38:06 UTC,870268676
2025/07/18 12:15:58 UTC,796656616
2025/09/24 08:38:08 UTC,870268676
2025/07/18 12:18:08 UTC,647715984
2025/09/24 08:38:15 UTC,870268676
2025/02/06 01:51:08 UTC,506808586
2025/09/24 08:38:16 UTC,870268676
2025/02/06 01:51:10 UTC,506808586
2025/09/24 08:38:31 UTC,870268676
2025/07/18 18:29:21 UTC,585527534
2025/09/24 08:38:40 UTC,870268676
2025/07/18 18:29:23 UTC,585527534
2025/09/24 08:38:42 UTC,870268676
2025/07/18 18:30:05 UTC,585527534
2025/09/24 08:38:08 UTC,870268676
2025/07/18 18:31:17 UTC,585527534
2025/09/24 08:38:09 UTC,870268676
2024/12/02 05:35:43 UTC,545960016
2025/09/24 08:38:10 UTC,870268676
2024/12/02 05:35:44 UTC,545960016
2025/09/24 08:38:12 UTC,870268676
2024/12/02 05:35:59 UTC,545960016
2025/09/24 08:38:13 UTC,870268676
2025/03/07 02:03:26 UTC,427864244
2025/09/24 08:38:19 UTC,870268676
2025/03/07 02:03:30 UTC,427864244
2025/09/24 08:38:36 UTC,870268676
2025/03/07 02:24:37 UTC,639823116
2025/09/24 08:38:40 UTC,870268676
2025/12/31 07:20:58 UTC,826884554
2025/09/24 08:38:40 UTC,870268676
2025/12/20 00:00:37 UTC,884932236
2025/09/24 08:38:41 UTC,870268676
2025/02/04 20:09:48 UTC,506808586
2025/04/28 17:51:32 UTC,616044076
2025/02/04 20:09:52 UTC,506808586
2025/07/20 20:04:45 UTC,696511533
2025/08/22 03:44:30 UTC,721932554
2025/07/20 20:04:46 UTC,696511533
2025/08/22 05:22:37 UTC,832334586
2025/07/20 20:04:47 UTC,696511533
2025/12/12 18:35:31 UTC,895070114
2026/01/16 21:40:49 UTC,561461204
2025/05/01 05:49:05 UTC,568407026
2025/09/22 19:40:26 UTC,832154826
2025/06/05 19:38:03 UTC,623746304
2024/12/19 19:41:45 UTC,513805306
2025/09/17 23:04:25 UTC,747893984
2024/12/19 19:41:55 UTC,374060454
2025/09/17 23:04:29 UTC,747893984
2025/09/09 16:00:21 UTC,647697194
2026/02/06 00:12:39 UTC,1100110983
2025/09/09 16:00:21 UTC,647697194
2025/07/13 01:01:01 UTC,751607016
2025/04/06 03:48:45 UTC,630500024
2025/07/13 01:01:10 UTC,751607016
2025/04/06 03:48:46 UTC,630500024
2026/03/18 21:59:25 UTC,1370017496
2025/11/13 11:22:43 UTC,895023964
2025/07/07 19:09:24 UTC,145111864
2025/11/13 11:22:50 UTC,895023964
2025/07/07 20:08:01 UTC,427698984
2025/03/16 03:23:57 UTC,578130916
2025/07/07 20:08:01 UTC,427698984
2025/03/15 21:41:58 UTC,578130916
2025/07/07 19:09:00 UTC,145111864
2025/10/11 03:23:34 UTC,746029763
2025/06/27 16:29:57 UTC,427698984
2024/10/01 04:30:50 UTC,507851543
2025/04/08 23:00:13 UTC,641234276
2024/10/01 04:30:50 UTC,507851543
2025/04/08 22:59:50 UTC,625955823
2026/01/22 08:12:07 UTC,1090602934
2025/04/08 22:59:51 UTC,625955823
2026/01/22 08:11:58 UTC,1090602934
2025/04/08 22:59:56 UTC,625955823
2026/01/22 08:12:03 UTC,1090602934
2025/02/22 16:02:41 UTC,145111864
2026/01/22 08:12:07 UTC,1090602934
2025/02/22 16:12:22 UTC,145111864
2025/01/09 08:21:54 UTC,510712374
2025/10/07 13:38:17 UTC,647697194
2025/02/17 21:11:45 UTC,619146926
2025/10/07 13:38:20 UTC,647697194
2025/09/18 15:56:44 UTC,561452174
2026/02/04 01:54:59 UTC,1135095344
2025/10/16 12:51:06 UTC,905463666
2026/02/04 01:55:04 UTC,1135095344
2024/12/07 23:36:58 UTC,339300584
2025/02/22 20:21:18 UTC,622616386
2025/09/03 10:39:36 UTC,575422494
2025/10/07 13:37:56 UTC,647697194
2025/09/03 10:39:46 UTC,575422494
2025/08/03 16:07:02 UTC,449454476
2025/09/03 10:39:46 UTC,575422494
2025/08/03 20:42:06 UTC,631681716
2024/11/03 13:01:36 UTC,461322276
2026/01/15 13:09:30 UTC,647715984
2024/11/03 13:01:40 UTC,461322276
2025/06/11 19:46:21 UTC,561461204
2024/11/03 13:02:30 UTC,461322276
2024/11/11 21:36:50 UTC,449954766
2025/08/13 04:36:51 UTC,797867426
2025/06/11 19:44:23 UTC,561461204
2025/08/13 04:36:57 UTC,797867426
2025/06/11 19:46:20 UTC,561461204
2025/09/28 21:15:30 UTC,875538206
2025/06/11 19:46:58 UTC,561461204
2025/09/28 21:18:14 UTC,875538206
2025/06/11 19:46:59 UTC,561461204
2025/08/07 20:29:22 UTC,746555723
2025/08/29 22:11:11 UTC,647715984
2025/08/08 02:26:04 UTC,743295256
2025/07/03 18:05:08 UTC,627055486
2025/07/29 02:16:35 UTC,712478634
2025/03/10 22:30:04 UTC,611522036
2025/07/29 02:16:55 UTC,712478634
2025/10/16 01:18:35 UTC,716885573
2025/07/29 02:17:07 UTC,712478634
2025/10/16 01:18:36 UTC,716885573
2025/07/29 02:17:20 UTC,712478634
2025/08/17 16:42:55 UTC,754791596
2025/09/16 03:58:38 UTC,145111864
2025/08/17 16:43:12 UTC,754791596
2025/09/16 05:08:49 UTC,688613173
2025/06/15 04:25:05 UTC,715485756
2025/06/15 04:25:12 UTC,715485756
2025/06/15 04:25:13 UTC,715485756
2025/06/15 04:25:42 UTC,715485756
2025/06/15 04:26:21 UTC,715485756
2025/06/15 04:26:38 UTC,715485756
2025/06/06 02:07:54 UTC,676844004
2026/08/26 08:49:43 UTC,926587194
2025/02/15 22:52:46 UTC,611522036
2026/08/25 06:23:15 UTC,145111864
2026/03/14 20:39:42 UTC,1144110564
2026/08/25 07:13:51 UTC,145111864
2025/08/28 05:23:39 UTC,809369096
2026/08/24 06:16:43 UTC,943208224
2025/06/18 08:24:44 UTC,681230796
2026/08/24 04:40:36 UTC,1456116993
2025/03/20 18:58:07 UTC,646621023
2026/08/24 02:57:19 UTC,1397534356
2025/03/20 18:58:12 UTC,646621023
2026/08/24 02:57:20 UTC,1397534356
2025/02/06 18:32:23 UTC,575437294
2026/08/24 02:59:03 UTC,1480129936
2025/02/06 18:32:45 UTC,575437294
2026/08/24 02:59:11 UTC,1480129936
2025/02/06 18:32:48 UTC,575437294
2026/08/24 04:43:07 UTC,1476575834
2025/02/06 18:32:52 UTC,575437294
2026/08/24 04:43:13 UTC,1476575834
2025/02/06 18:32:57 UTC,575437294
2026/08/22 20:01:53 UTC,145111864
2025/02/06 18:33:07 UTC,575437294
2026/08/24 06:18:00 UTC,145111864
2025/02/06 18:33:16 UTC,575437294
2026/08/21 19:47:14 UTC,1467174814
2025/02/06 18:33:19 UTC,575437294
2026/08/21 19:47:18 UTC,1467174814
2025/06/18 17:16:39 UTC,640914144
2026/08/26 16:33:32 UTC,1539562766
2025/03/30 01:02:23 UTC,564508746
2026/08/20 08:04:54 UTC,145111864
2025/03/30 01:02:34 UTC,564508746
2026/08/26 13:46:07 UTC,1535520266
2025/03/30 01:02:50 UTC,564508746
2026/08/29 20:08:25 UTC,145111864
2025/04/13 04:52:02 UTC,631208796
2026/08/29 20:09:29 UTC,145111864
2025/08/01 17:53:13 UTC,561452174
2026/08/18 10:58:04 UTC,1535996526
2025/08/01 17:53:04 UTC,561452174
2026/08/17 17:43:18 UTC,164094834
2025/08/01 17:53:15 UTC,561452174
2026/08/17 08:49:23 UTC,1465176814
2025/08/01 21:48:10 UTC,712197444
2026/08/07 05:13:42 UTC,1476575834
2025/08/01 22:03:46 UTC,717350204
2026/08/07 05:13:45 UTC,1476575834
2025/08/02 01:51:30 UTC,732113936
2026/08/07 05:13:46 UTC,1476575834
2025/08/02 01:52:48 UTC,797867426
2026/08/08 05:04:34 UTC,1456237153
2025/06/04 04:59:59 UTC,620748676
2026/08/08 05:04:50 UTC,1456237153
2025/06/04 03:37:22 UTC,620748676
2026/08/08 05:04:50 UTC,1456237153
2025/06/04 03:37:28 UTC,620748676
2026/08/06 12:23:39 UTC,145111864
2025/08/01 20:02:30 UTC,676880284
2026/08/06 01:55:38 UTC,1528586166
2025/08/01 20:02:38 UTC,676880284
2026/08/15 09:13:33 UTC,1477073634
2025/08/01 20:02:44 UTC,676880284
2026/08/04 04:10:07 UTC,145111864
2025/08/01 21:19:21 UTC,797873656
2026/08/13 01:32:05 UTC,1543564296
2025/06/04 01:01:58 UTC,620748676
2026/07/29 04:08:57 UTC,1149393644
2025/06/04 01:02:20 UTC,620748676
2026/08/10 23:36:34 UTC,1535520266
2025/06/04 01:02:26 UTC,620748676
2026/07/26 05:34:55 UTC,1451496406
2025/07/13 04:53:51 UTC,648321536
2026/07/27 09:05:29 UTC,145111864
2025/07/13 04:56:51 UTC,685324024
2026/07/27 03:58:30 UTC,1230238214
2025/07/13 04:56:56 UTC,685324024
2026/07/27 03:58:31 UTC,145111864
2025/09/10 07:16:04 UTC,756936483
2026/07/27 03:59:50 UTC,145111864
2025/08/01 01:19:42 UTC,799772616
2026/07/25 01:12:52 UTC,1230029424
2025/08/01 01:19:44 UTC,799772616
2026/07/24 15:48:19 UTC,145111864
2025/07/13 00:59:14 UTC,783476716
2026/07/24 15:48:54 UTC,145111864
2025/07/13 04:09:32 UTC,707073824
2026/07/24 15:47:44 UTC,1465176814
2025/08/08 08:48:46 UTC,721676514
2026/07/22 14:30:48 UTC,1451526556
2025/04/09 19:17:56 UTC,664281396
2026/07/20 20:29:50 UTC,1439140326
2025/04/09 17:32:32 UTC,611584536
2026/07/22 03:41:46 UTC,164094834
2025/04/09 10:34:55 UTC,630500024
2026/07/18 06:35:40 UTC,1502217916
2025/04/09 10:34:56 UTC,630500024
2026/07/18 06:35:46 UTC,1502217916
2025/08/11 04:20:54 UTC,754723596
2026/07/18 06:35:47 UTC,1502217916
2025/08/11 04:22:05 UTC,145111864
2026/07/10 01:49:09 UTC,1230029424
2025/08/20 19:44:04 UTC,680320814
2026/05/08 00:18:09 UTC,1393313916
2025/08/20 19:43:02 UTC,680320814
2026/06/25 06:29:59 UTC,145111864
2025/08/20 19:43:58 UTC,680320814
2026/06/25 06:23:36 UTC,145111864
2025/04/03 21:48:29 UTC,145111864
2026/05/08 05:10:11 UTC,145111864
2025/08/21 05:05:55 UTC,717183124
2026/05/31 23:22:32 UTC,848692913
2025/07/02 02:04:46 UTC,145111864
2026/05/31 23:22:32 UTC,848692913
2025/06/25 19:05:14 UTC,550492743
2026/05/31 23:24:47 UTC,848692913
2025/07/31 05:43:30 UTC,794391316
2026/05/28 17:18:32 UTC,1149393644
2025/05/12 05:09:19 UTC,622781436
2026/05/21 14:50:10 UTC,1254280863
2025/06/17 18:54:18 UTC,679569913
2026/05/21 14:50:42 UTC,1254280863
2025/03/19 05:09:48 UTC,552548184
2026/05/18 13:53:34 UTC,145111864
2026/01/10 08:48:46 UTC,895023964
2026/05/18 13:54:41 UTC,145111864
2025/08/06 00:44:25 UTC,145111864
2026/05/15 04:38:02 UTC,941613523
2025/08/06 00:48:18 UTC,145111864
2026/04/30 23:47:01 UTC,1196386593
2025/03/12 20:02:31 UTC,598592544
2026/04/28 08:11:58 UTC,1391911016
2025/03/12 20:02:37 UTC,598592544
2026/04/25 09:29:26 UTC,427864244
2025/03/12 20:02:45 UTC,598592544
2026/04/25 09:29:34 UTC,427864244
2025/10/13 19:54:46 UTC,561452174
2026/04/25 09:26:52 UTC,427864244
2026/01/21 08:37:37 UTC,1109882063
2026/04/25 09:26:57 UTC,427864244
2025/10/13 18:10:47 UTC,647715984
2026/04/25 09:27:52 UTC,427864244
2025/11/27 20:54:59 UTC,647697194
2026/04/25 09:27:54 UTC,427864244
2025/12/25 21:15:06 UTC,427864244
2026/04/25 09:27:56 UTC,427864244
2025/12/25 21:15:38 UTC,427864244
2026/04/25 09:28:03 UTC,427864244
2025/12/25 21:15:41 UTC,427864244
2026/04/25 09:28:04 UTC,427864244
2025/12/25 21:15:47 UTC,427864244
2026/04/25 09:28:25 UTC,427864244
2025/12/25 21:15:49 UTC,427864244
2026/04/25 09:28:29 UTC,427864244
2025/11/27 18:46:38 UTC,647715984
2026/04/25 09:28:36 UTC,427864244
2025/11/27 18:46:56 UTC,647715984
2026/04/25 09:28:37 UTC,427864244
2025/07/26 00:38:58 UTC,679290413
2026/04/25 09:28:41 UTC,427864244
2025/07/26 00:46:19 UTC,745117573
2026/04/28 23:22:27 UTC,1190657203
2025/12/02 21:28:43 UTC,926830594
2026/04/24 18:57:11 UTC,1390560466
2025/05/26 05:26:41 UTC,620426676
2026/04/24 18:57:13 UTC,1390560466
2025/03/06 04:58:14 UTC,598592544
2026/04/24 18:57:13 UTC,1390560466
2025/03/06 04:58:25 UTC,598592544
2026/04/19 03:14:51 UTC,1149393644
2025/05/02 16:44:07 UTC,145111864
2026/04/19 03:15:29 UTC,1149393644
2025/05/02 17:41:31 UTC,636655976
2026/04/15 08:00:21 UTC,561452174
2024/09/27 02:30:32 UTC,374061034
2026/04/07 15:49:15 UTC,837422456
2025/03/14 11:42:22 UTC,602182194
2026/03/26 11:14:43 UTC,1364349536
2025/06/28 19:24:31 UTC,645616576
2026/03/26 11:16:57 UTC,1143782174
2026/03/11 05:25:37 UTC,1230203754
2025/07/30 06:29:28 UTC,145111864
2024/09/11 02:03:50 UTC,493152633
2025/07/30 06:29:41 UTC,145111864
2024/09/11 02:03:55 UTC,493152633
2025/07/16 23:38:02 UTC,712065733
2025/12/19 00:08:36 UTC,1073426234
2025/07/16 23:38:09 UTC,712065733
2025/02/10 22:33:04 UTC,164094834
2025/07/29 22:53:34 UTC,797867426
2025/08/19 11:29:57 UTC,585498474
2025/07/29 22:53:56 UTC,797867426
2025/08/19 11:33:48 UTC,832066986
2025/07/29 22:55:24 UTC,145111864
2025/08/19 11:33:58 UTC,832066986
2025/07/16 18:40:31 UTC,698860893
2025/05/20 18:09:28 UTC,705094296
2025/09/04 10:46:42 UTC,680320814
2025/05/20 05:33:17 UTC,687801856
2025/09/04 10:46:42 UTC,680320814
2025/08/20 03:01:30 UTC,145111864
2025/07/14 19:50:57 UTC,575422494
2025/12/02 21:28:52 UTC,926830594
2025/08/19 21:37:54 UTC,834431436
2026/01/05 04:57:46 UTC,884932236
2026/01/25 18:37:14 UTC,1124299964
2025/07/14 16:42:13 UTC,427698984
2025/07/25 14:29:43 UTC,751805166
2025/02/28 22:49:33 UTC,586299333
2026/01/05 04:21:14 UTC,895814214
2026/01/25 21:06:56 UTC,699767144
2025/07/06 19:35:47 UTC,712065733
2025/07/25 14:29:08 UTC,751805166
2025/06/04 20:12:06 UTC,647715984
2025/05/29 23:56:24 UTC,625955823
2026/01/25 21:07:02 UTC,699767144
2025/07/14 19:31:28 UTC,575422494
2024/09/15 16:55:48 UTC,420653084
2025/06/04 20:12:12 UTC,647715984
2025/05/29 23:57:53 UTC,625955823
2026/01/25 18:37:52 UTC,1124299964
2025/07/14 19:31:39 UTC,575422494
2025/04/01 18:31:02 UTC,651348406
2025/06/04 20:12:25 UTC,647715984
2025/05/29 23:57:57 UTC,625955823
2025/01/06 09:40:53 UTC,508527044
2025/12/03 18:53:55 UTC,831597686
2025/10/02 18:04:48 UTC,771412874
2025/06/04 20:12:26 UTC,647715984
2025/08/10 21:20:47 UTC,721647814
2025/01/06 09:40:54 UTC,508527044
2025/12/03 18:53:55 UTC,831597686
2025/06/08 04:14:52 UTC,647697194
2025/06/04 20:12:27 UTC,647715984
2025/09/28 05:37:50 UTC,721676514
2025/01/06 09:40:55 UTC,508527044
2025/07/14 16:09:40 UTC,783458986
2026/01/29 02:26:54 UTC,957889186
2025/06/04 20:12:33 UTC,647715984
2025/09/28 05:37:59 UTC,721676514
2025/01/06 09:40:56 UTC,508527044
2025/06/04 20:12:34 UTC,647715984
2025/03/25 20:03:53 UTC,570146944
2025/01/06 09:41:14 UTC,508527044
2025/06/04 20:12:58 UTC,647715984
2025/09/08 16:58:51 UTC,561452174
2025/01/06 09:41:14 UTC,508527044
2025/06/04 20:10:10 UTC,647715984
2025/09/08 16:58:57 UTC,561452174
2025/01/06 09:41:31 UTC,382462454
2025/06/04 20:11:59 UTC,647715984
2025/07/11 15:28:24 UTC,575422494
2025/05/18 19:52:06 UTC,685047456
2025/06/04 20:12:07 UTC,647715984
2025/07/11 15:28:33 UTC,575422494
2025/05/18 19:52:08 UTC,685047456
2025/06/04 20:12:09 UTC,647715984
2025/09/08 04:54:19 UTC,647697194
2025/06/13 00:33:37 UTC,145111864
2025/06/04 20:12:11 UTC,647715984
2025/09/08 04:54:20 UTC,647697194
2025/12/01 15:36:37 UTC,676880284
2025/06/04 20:12:27 UTC,647715984
2025/09/08 04:54:23 UTC,647697194
2025/04/28 05:48:18 UTC,616044076
2025/06/04 20:12:29 UTC,647715984
2025/09/08 04:54:49 UTC,647697194
2025/04/28 06:18:33 UTC,583998463
2025/06/04 20:12:29 UTC,647715984
2025/09/08 04:57:57 UTC,647697194
2026/03/03 18:46:06 UTC,1143782174
2025/06/04 20:12:35 UTC,647715984
2025/09/08 04:58:25 UTC,647697194
2026/03/17 18:01:29 UTC,1112987453
2025/06/04 20:12:35 UTC,647715984
2026/03/13 19:20:08 UTC,647715984
2025/03/10 02:41:46 UTC,616727046
2025/06/04 20:12:36 UTC,647715984
2025/12/27 22:41:09 UTC,990699963
2025/08/17 06:03:58 UTC,832077356
2026/01/15 06:53:16 UTC,927105394
2025/03/03 19:23:53 UTC,632371496
2025/08/17 06:04:18 UTC,832077356
2026/01/15 06:53:19 UTC,927105394
2025/09/07 23:24:59 UTC,757273696
2025/08/17 01:19:55 UTC,722162704
2026/01/15 06:53:21 UTC,927105394
2025/04/20 20:02:58 UTC,640224494
2025/08/17 01:20:14 UTC,722162704
2025/01/28 06:05:13 UTC,262828396
2025/04/20 20:03:15 UTC,640224494
2025/08/17 05:02:57 UTC,145111864
2025/01/28 06:05:13 UTC,262828396
2025/07/03 00:25:51 UTC,695114514
2025/06/07 04:24:14 UTC,543686464
2025/01/28 06:05:13 UTC,262828396
2025/07/03 00:25:51 UTC,695114514
2025/06/07 04:24:30 UTC,543686464
2025/08/22 18:59:52 UTC,809369096
2025/09/09 19:46:02 UTC,647715984
2026/02/12 04:33:08 UTC,898373686
2025/06/11 02:57:28 UTC,707465786
2025/09/09 15:59:28 UTC,647697194
2026/02/12 04:33:47 UTC,898373686
2025/06/11 02:57:33 UTC,707465786
2025/05/27 03:59:06 UTC,688613173
2026/02/12 04:33:50 UTC,898373686
2025/06/11 02:57:54 UTC,707465786
2025/03/17 09:07:01 UTC,532809034
2026/02/12 04:33:52 UTC,898373686
2025/06/11 02:58:03 UTC,707465786
2024/11/03 05:52:19 UTC,506808586
2025/05/05 05:47:06 UTC,684877886
2025/06/11 02:49:21 UTC,707465786
2024/11/03 05:52:21 UTC,506808586
2025/05/05 03:00:16 UTC,684877886
2025/06/11 02:49:23 UTC,707465786
2025/03/05 04:55:14 UTC,616771756
2025/05/05 03:00:17 UTC,684877886
2025/06/11 03:00:15 UTC,707465786
2025/03/05 04:55:19 UTC,616771756
2025/01/05 04:57:44 UTC,313809076
2025/06/11 03:00:19 UTC,707465786
2025/03/04 14:08:33 UTC,637605786
2025/03/31 11:21:57 UTC,632617386
2025/06/11 03:00:42 UTC,707465786
2025/06/30 15:46:11 UTC,145111864
2025/03/01 20:13:19 UTC,164094834
2025/06/11 03:00:42 UTC,707465786
2025/06/30 20:03:35 UTC,145111864
2025/03/01 20:13:22 UTC,164094834
2025/06/11 03:01:08 UTC,707465786
2025/08/12 19:47:06 UTC,575422494
2025/08/07 03:00:14 UTC,721676514
2025/06/11 03:01:15 UTC,707465786
2025/08/12 19:47:20 UTC,575422494
2025/08/07 03:01:02 UTC,721676514
2025/06/11 03:01:47 UTC,707465786
2025/08/12 19:47:23 UTC,575422494
2025/08/07 03:01:07 UTC,721676514
2025/06/11 03:01:59 UTC,707465786
2025/07/17 18:29:08 UTC,707054974
2025/06/11 03:03:01 UTC,707465786
2025/07/17 18:29:23 UTC,707054974
2025/06/11 03:03:14 UTC,707465786
2025/08/07 02:58:28 UTC,721676514
2025/06/11 03:07:23 UTC,707465786
2025/08/07 02:58:37 UTC,721676514
2025/06/11 03:07:27 UTC,707465786
2025/03/31 10:49:18 UTC,623976854
2025/06/11 03:07:42 UTC,707465786
2025/08/07 03:50:26 UTC,743333236
2025/06/11 03:07:46 UTC,707465786
2025/01/03 16:00:12 UTC,563817153
2025/06/11 03:08:12 UTC,707465786
2025/01/03 16:02:49 UTC,563817153
2025/06/11 03:08:14 UTC,707465786
2025/11/04 20:51:24 UTC,771385824
2025/06/11 03:08:34 UTC,707465786
2025/07/27 20:38:16 UTC,742150936
2025/06/11 03:08:35 UTC,707465786
2025/07/27 23:32:56 UTC,742150936
2025/06/11 03:09:15 UTC,707465786
2025/08/21 08:19:32 UTC,832058556
2025/06/11 03:09:23 UTC,707465786
2025/01/06 11:48:54 UTC,200008464
2025/06/11 03:17:31 UTC,707465786
2025/08/24 17:54:15 UTC,767977383
2025/06/11 03:17:34 UTC,707465786
2025/04/23 07:03:40 UTC,664281396
2025/06/11 03:18:00 UTC,707465786
2025/04/23 09:06:08 UTC,620444636
2025/06/11 03:18:00 UTC,707465786
2026/02/13 09:08:48 UTC,898373686
2025/06/11 03:18:20 UTC,707465786
2025/10/09 04:18:58 UTC,886154996
2025/06/11 03:18:26 UTC,707465786
2025/01/05 08:39:37 UTC,532357004
2025/06/11 03:18:46 UTC,707465786
2025/01/05 09:38:54 UTC,479722234
2025/06/11 03:18:50 UTC,707465786
2025/09/14 07:35:31 UTC,853700356
2025/07/15 17:35:17 UTC,695384596
2025/09/14 07:35:40 UTC,853700356
2025/07/10 19:41:35 UTC,699249414
2025/09/15 03:23:46 UTC,449454476
2025/08/28 23:11:29 UTC,449500676
2025/10/25 00:57:50 UTC,718080814
2025/09/24 08:38:04 UTC,870268676
2025/07/18 12:15:21 UTC,796656616
2025/09/24 08:38:06 UTC,870268676
2025/07/18 12:15:58 UTC,796656616
2025/09/24 08:38:08 UTC,870268676
2025/07/18 12:18:08 UTC,647715984
2025/09/24 08:38:15 UTC,870268676
2025/02/06 01:51:08 UTC,506808586
2025/09/24 08:38:16 UTC,870268676
2025/02/06 01:51:10 UTC,506808586
2025/09/24 08:38:31 UTC,870268676
2025/07/18 18:29:21 UTC,585527534
2025/09/24 08:38:40 UTC,870268676
2025/07/18 18:29:23 UTC,585527534
2025/09/24 08:38:42 UTC,870268676
2025/07/18 18:30:05 UTC,585527534
2025/09/24 08:38:08 UTC,870268676
2025/07/18 18:31:17 UTC,585527534
2025/09/24 08:38:09 UTC,870268676
2024/12/02 05:35:43 UTC,545960016
2025/09/24 08:38:10 UTC,870268676
2024/12/02 05:35:44 UTC,545960016
2025/09/24 08:38:12 UTC,870268676
2024/12/02 05:35:59 UTC,545960016
2025/09/24 08:38:13 UTC,870268676
2025/03/07 02:03:26 UTC,427864244
2025/09/24 08:38:19 UTC,870268676
2025/03/07 02:03:30 UTC,427864244
2025/09/24 08:38:36 UTC,870268676
2025/03/07 02:24:37 UTC,639823116
2025/09/24 08:38:40 UTC,870268676
2025/12/31 07:20:58 UTC,826884554
2025/09/24 08:38:40 UTC,870268676
2025/12/20 00:00:37 UTC,884932236
2025/09/24 08:38:41 UTC,870268676
2025/02/04 20:09:48 UTC,506808586
2025/04/28 17:51:32 UTC,616044076
2025/02/04 20:09:52 UTC,506808586
2025/07/20 20:04:45 UTC,696511533
2025/08/22 03:44:30 UTC,721932554
2025/07/20 20:04:46 UTC,696511533
2025/08/22 05:22:37 UTC,832334586
2025/07/20 20:04:47 UTC,696511533
2025/12/12 18:35:31 UTC,895070114
2026/01/16 21:40:49 UTC,561461204
2025/05/01 05:49:05 UTC,568407026
2025/09/22 19:40:26 UTC,832154826
2025/06/05 19:38:03 UTC,623746304
2024/12/19 19:41:45 UTC,513805306
2025/09/17 23:04:25 UTC,747893984
2024/12/19 19:41:55 UTC,374060454
2025/09/17 23:04:29 UTC,747893984
2025/09/09 16:00:21 UTC,647697194
2026/02/06 00:12:39 UTC,1100110983
2025/09/09 16:00:21 UTC,647697194
2025/07/13 01:01:01 UTC,751607016
2025/04/06 03:48:45 UTC,630500024
2025/07/13 01:01:10 UTC,751607016
2025/04/06 03:48:46 UTC,630500024
2026/03/18 21:59:25 UTC,1370017496
2025/11/13 11:22:43 UTC,895023964
2025/07/07 19:09:24 UTC,145111864
2025/11/13 11:22:50 UTC,895023964
2025/07/07 20:08:01 UTC,427698984
2025/03/16 03:23:57 UTC,578130916
2025/07/07 20:08:01 UTC,427698984
2025/03/15 21:41:58 UTC,578130916
2025/07/07 19:09:00 UTC,145111864
2025/10/11 03:23:34 UTC,746029763
2025/06/27 16:29:57 UTC,427698984
2024/10/01 04:30:50 UTC,507851543
2025/04/08 23:00:13 UTC,641234276
2024/10/01 04:30:50 UTC,507851543
2025/04/08 22:59:50 UTC,625955823
2026/01/22 08:12:07 UTC,1090602934
2025/04/08 22:59:51 UTC,625955823
2026/01/22 08:11:58 UTC,1090602934
2025/04/08 22:59:56 UTC,625955823
2026/01/22 08:12:03 UTC,1090602934
2025/02/22 16:02:41 UTC,145111864
2026/01/22 08:12:07 UTC,1090602934
2025/02/22 16:12:22 UTC,145111864
2025/01/09 08:21:54 UTC,510712374
2025/10/07 13:38:17 UTC,647697194
2025/02/17 21:11:45 UTC,619146926
2025/10/07 13:38:20 UTC,647697194
2025/09/18 15:56:44 UTC,561452174
2026/02/04 01:54:59 UTC,1135095344
2025/10/16 12:51:06 UTC,905463666
2026/02/04 01:55:04 UTC,1135095344
2024/12/07 23:36:58 UTC,339300584
2025/02/22 20:21:18 UTC,622616386
2025/09/03 10:39:36 UTC,575422494
2025/10/07 13:37:56 UTC,647697194
2025/09/03 10:39:46 UTC,575422494
2025/08/03 16:07:02 UTC,449454476
2025/09/03 10:39:46 UTC,575422494
2025/08/03 20:42:06 UTC,631681716
2024/11/03 13:01:36 UTC,461322276
2026/01/15 13:09:30 UTC,647715984
2024/11/03 13:01:40 UTC,461322276
2025/06/11 19:46:21 UTC,561461204
2024/11/03 13:02:30 UTC,461322276
2024/11/11 21:36:50 UTC,449954766
2025/08/13 04:36:51 UTC,797867426
2025/06/11 19:44:23 UTC,561461204
2025/08/13 04:36:57 UTC,797867426
2025/06/11 19:46:20 UTC,561461204
2025/09/28 21:15:30 UTC,875538206
2025/06/11 19:46:58 UTC,561461204
2025/09/28 21:18:14 UTC,875538206
2025/06/11 19:46:59 UTC,561461204
2025/08/07 20:29:22 UTC,746555723
2025/08/29 22:11:11 UTC,647715984
2025/08/08 02:26:04 UTC,743295256
2025/07/03 18:05:08 UTC,627055486
2025/07/29 02:16:35 UTC,712478634
2025/03/10 22:30:04 UTC,611522036
2025/07/29 02:16:55 UTC,712478634
2025/10/16 01:18:35 UTC,716885573
2025/07/29 02:17:07 UTC,712478634
2025/10/16 01:18:36 UTC,716885573
2025/07/29 02:17:20 UTC,712478634
2025/08/17 16:42:55 UTC,754791596
2025/09/16 03:58:38 UTC,145111864
2025/08/17 16:43:12 UTC,754791596
2025/09/16 05:08:49 UTC,688613173
2025/06/15 04:25:05 UTC,715485756
2025/06/15 04:25:12 UTC,715485756
2025/06/15 04:25:13 UTC,715485756
2025/06/15 04:25:42 UTC,715485756
2025/06/15 04:26:21 UTC,715485756
2025/06/15 04:26:38 UTC,715485756
2025/06/06 02:07:54 UTC,676844004
2026/08/26 08:49:43 UTC,926587194
2025/02/15 22:52:46 UTC,611522036
2026/08/25 06:23:15 UTC,145111864
2026/03/14 20:39:42 UTC,1144110564
2026/08/25 07:13:51 UTC,145111864
2025/08/28 05:23:39 UTC,809369096
2026/08/24 06:16:43 UTC,943208224
2025/06/18 08:24:44 UTC,681230796
2026/08/24 04:40:36 UTC,1456116993
2025/03/20 18:58:07 UTC,646621023
2026/08/24 02:57:19 UTC,1397534356
2025/03/20 18:58:12 UTC,646621023
2026/08/24 02:57:20 UTC,1397534356
2025/02/06 18:32:23 UTC,575437294
2026/08/24 02:59:03 UTC,1480129936
2025/02/06 18:32:45 UTC,575437294
2026/08/24 02:59:11 UTC,1480129936
2025/02/06 18:32:48 UTC,575437294
2026/08/24 04:43:07 UTC,1476575834
2025/02/06 18:32:52 UTC,575437294
2026/08/24 04:43:13 UTC,1476575834
2025/02/06 18:32:57 UTC,575437294
2026/08/22 20:01:53 UTC,145111864
2025/02/06 18:33:07 UTC,575437294
2026/08/24 06:18:00 UTC,145111864
2025/02/06 18:33:16 UTC,575437294
2026/08/21 19:47:14 UTC,1467174814
2025/02/06 18:33:19 UTC,575437294
2026/08/21 19:47:18 UTC,1467174814
2025/06/18 17:16:39 UTC,640914144
2026/08/26 16:33:32 UTC,1539562766
2025/03/30 01:02:23 UTC,564508746
2026/08/20 08:04:54 UTC,145111864
2025/03/30 01:02:34 UTC,564508746
2026/08/26 13:46:07 UTC,1535520266
2025/03/30 01:02:50 UTC,564508746
2026/08/29 20:08:25 UTC,145111864
2025/04/13 04:52:02 UTC,631208796
2026/08/29 20:09:29 UTC,145111864
2025/08/01 17:53:13 UTC,561452174
2026/08/18 10:58:04 UTC,1535996526
2025/08/01 17:53:04 UTC,561452174
2026/08/17 17:43:18 UTC,164094834
2025/08/01 17:53:15 UTC,561452174
2026/08/17 08:49:23 UTC,1465176814
2025/08/01 21:48:10 UTC,712197444
2026/08/07 05:13:42 UTC,1476575834
2025/08/01 22:03:46 UTC,717350204
2026/08/07 05:13:45 UTC,1476575834
2025/08/02 01:51:30 UTC,732113936
2026/08/07 05:13:46 UTC,1476575834
2025/08/02 01:52:48 UTC,797867426
2026/08/08 05:04:34 UTC,1456237153
2025/06/04 04:59:59 UTC,620748676
2026/08/08 05:04:50 UTC,1456237153
2025/06/04 03:37:22 UTC,620748676
2026/08/08 05:04:50 UTC,1456237153
2025/06/04 03:37:28 UTC,620748676
2026/08/06 12:23:39 UTC,145111864
2025/08/01 20:02:30 UTC,676880284
2026/08/06 01:55:38 UTC,1528586166
2025/08/01 20:02:38 UTC,676880284
2026/08/15 09:13:33 UTC,1477073634
2025/08/01 20:02:44 UTC,676880284
2026/08/04 04:10:07 UTC,145111864
2025/08/01 21:19:21 UTC,797873656
2026/08/13 01:32:05 UTC,1543564296
2025/06/04 01:01:58 UTC,620748676
2026/07/29 04:08:57 UTC,1149393644
2025/06/04 01:02:20 UTC,620748676
2026/08/10 23:36:34 UTC,1535520266
2025/06/04 01:02:26 UTC,620748676
2026/07/26 05:34:55 UTC,1451496406
2025/07/13 04:53:51 UTC,648321536
2026/07/27 09:05:29 UTC,145111864
2025/07/13 04:56:51 UTC,685324024
2026/07/27 03:58:30 UTC,1230238214
2025/07/13 04:56:56 UTC,685324024
2026/07/27 03:58:31 UTC,145111864
2025/09/10 07:16:04 UTC,756936483
2026/07/27 03:59:50 UTC,145111864
2025/08/01 01:19:42 UTC,799772616
2026/07/25 01:12:52 UTC,1230029424
2025/08/01 01:19:44 UTC,799772616
2026/07/24 15:48:19 UTC,145111864
2025/07/13 00:59:14 UTC,783476716
2026/07/24 15:48:54 UTC,145111864
2025/07/13 04:09:32 UTC,707073824
2026/07/24 15:47:44 UTC,1465176814
2025/08/08 08:48:46 UTC,721676514
2026/07/22 14:30:48 UTC,1451526556
2025/04/09 19:17:56 UTC,664281396
2026/07/20 20:29:50 UTC,1439140326
2025/04/09 17:32:32 UTC,611584536
2026/07/22 03:41:46 UTC,164094834
2025/04/09 10:34:55 UTC,630500024
2026/07/18 06:35:40 UTC,1502217916
2025/04/09 10:34:56 UTC,630500024
2026/07/18 06:35:46 UTC,1502217916
2025/08/11 04:20:54 UTC,754723596
2026/07/18 06:35:47 UTC,1502217916
2025/08/11 04:22:05 UTC,145111864
2026/07/10 01:49:09 UTC,1230029424
2025/08/20 19:44:04 UTC,680320814
2026/05/08 00:18:09 UTC,1393313916
2025/08/20 19:43:02 UTC,680320814
2026/06/25 06:29:59 UTC,145111864
2025/08/20 19:43:58 UTC,680320814
2026/06/25 06:23:36 UTC,145111864
2025/04/03 21:48:29 UTC,145111864
2026/05/08 05:10:11 UTC,145111864
2025/08/21 05:05:55 UTC,717183124
2026/05/31 23:22:32 UTC,848692913
2025/07/02 02:04:46 UTC,145111864
2026/05/31 23:22:32 UTC,848692913
2025/06/25 19:05:14 UTC,550492743
2026/05/31 23:24:47 UTC,848692913
2025/07/31 05:43:30 UTC,794391316
2026/05/28 17:18:32 UTC,1149393644
2025/05/12 05:09:19 UTC,622781436
2026/05/21 14:50:10 UTC,1254280863
2025/06/17 18:54:18 UTC,679569913
2026/05/21 14:50:42 UTC,1254280863
2025/03/19 05:09:48 UTC,552548184
2026/05/18 13:53:34 UTC,145111864
2026/01/10 08:48:46 UTC,895023964
2026/05/18 13:54:41 UTC,145111864
2025/08/06 00:44:25 UTC,145111864
2026/05/15 04:38:02 UTC,941613523
2025/08/06 00:48:18 UTC,145111864
2026/04/30 23:47:01 UTC,1196386593
2025/03/12 20:02:31 UTC,598592544
2026/04/28 08:11:58 UTC,1391911016
2025/03/12 20:02:37 UTC,598592544
2026/04/25 09:29:26 UTC,427864244
2025/03/12 20:02:45 UTC,598592544
2026/04/25 09:29:34 UTC,427864244
2025/10/13 19:54:46 UTC,561452174
2026/04/25 09:26:52 UTC,427864244
2026/01/21 08:37:37 UTC,1109882063
2026/04/25 09:26:57 UTC,427864244
2025/10/13 18:10:47 UTC,647715984
2026/04/25 09:27:52 UTC,427864244
2025/11/27 20:54:59 UTC,647697194
2026/04/25 09:27:54 UTC,427864244
2025/12/25 21:15:06 UTC,427864244
2026/04/25 09:27:56 UTC,427864244
2025/12/25 21:15:38 UTC,427864244
2026/04/25 09:28:03 UTC,427864244
2025/12/25 21:15:41 UTC,427864244
2026/04/25 09:28:04 UTC,427864244
2025/12/25 21:15:47 UTC,427864244
2026/04/25 09:28:25 UTC,427864244
2025/12/25 21:15:49 UTC,427864244
2026/04/25 09:28:29 UTC,427864244
2025/11/27 18:46:38 UTC,647715984
2026/04/25 09:28:36 UTC,427864244
2025/11/27 18:46:56 UTC,647715984
2026/04/25 09:28:37 UTC,427864244
2025/07/26 00:38:58 UTC,679290413
2026/04/25 09:28:41 UTC,427864244
2025/07/26 00:46:19 UTC,745117573
2026/04/28 23:22:27 UTC,1190657203
2025/12/02 21:28:43 UTC,926830594
2026/04/24 18:57:11 UTC,1390560466
2025/05/26 05:26:41 UTC,620426676
2026/04/24 18:57:13 UTC,1390560466
2025/03/06 04:58:14 UTC,598592544
2026/04/24 18:57:13 UTC,1390560466
2025/03/06 04:58:25 UTC,598592544
2026/04/19 03:14:51 UTC,1149393644
2025/05/02 16:44:07 UTC,145111864
2026/04/19 03:15:29 UTC,1149393644
2025/05/02 17:41:31 UTC,636655976
2026/04/15 08:00:21 UTC,561452174
2024/09/27 02:30:32 UTC,374061034
2026/04/07 15:49:15 UTC,837422456
2025/03/14 11:42:22 UTC,602182194
2026/03/26 11:14:43 UTC,1364349536
2025/06/28 19:24:31 UTC,645616576
2026/03/26 11:16:57 UTC,1143782174
2026/03/11 05:25:37 UTC,1230203754
2025/07/30 06:29:28 UTC,145111864
2024/09/11 02:03:50 UTC,493152633
2025/07/30 06:29:41 UTC,145111864
2024/09/11 02:03:55 UTC,493152633
2025/07/16 23:38:02 UTC,712065733
2025/12/19 00:08:36 UTC,1073426234
2025/07/16 23:38:09 UTC,712065733
2025/02/10 22:33:04 UTC,164094834
2025/07/29 22:53:34 UTC,797867426
2025/08/19 11:29:57 UTC,585498474
2025/07/29 22:53:56 UTC,797867426
2025/08/19 11:33:48 UTC,832066986
2025/07/29 22:55:24 UTC,145111864
2025/08/19 11:33:58 UTC,832066986
2025/07/16 18:40:31 UTC,698860893
2025/05/20 18:09:28 UTC,705094296
2025/09/04 10:46:42 UTC,680320814
2025/05/20 05:33:17 UTC,687801856
2025/09/04 10:46:42 UTC,680320814
2025/08/20 03:01:30 UTC,145111864
2025/07/14 19:50:57 UTC,575422494
2025/12/02 21:28:52 UTC,926830594
2025/08/19 21:37:54 UTC,834431436
2026/01/05 04:57:46 UTC,884932236
2026/01/25 18:37:14 UTC,1124299964
2025/07/14 16:42:13 UTC,427698984
2025/07/25 14:29:43 UTC,751805166
2025/02/28 22:49:33 UTC,586299333
2026/01/05 04:21:14 UTC,895814214
2026/01/25 21:06:56 UTC,699767144
2025/07/06 19:35:47 UTC,712065733
2025/07/25 14:29:08 UTC,751805166
2025/06/04 20:12:06 UTC,647715984
2025/05/29 23:56:24 UTC,625955823
2026/01/25 21:07:02 UTC,699767144
2025/07/14 19:31:28 UTC,575422494
2024/09/15 16:55:48 UTC,420653084
2025/06/04 20:12:12 UTC,647715984
2025/05/29 23:57:53 UTC,625955823
2026/01/25 18:37:52 UTC,1124299964
2025/07/14 19:31:39 UTC,575422494
2025/04/01 18:31:02 UTC,651348406
2025/06/04 20:12:25 UTC,647715984
2025/05/29 23:57:57 UTC,625955823
2025/01/06 09:40:53 UTC,508527044
2025/12/03 18:53:55 UTC,831597686
2025/10/02 18:04:48 UTC,771412874
2025/06/04 20:12:26 UTC,647715984
2025/08/10 21:20:47 UTC,721647814
2025/01/06 09:40:54 UTC,508527044
2025/12/03 18:53:55 UTC,831597686
2025/06/08 04:14:52 UTC,647697194
2025/06/04 20:12:27 UTC,647715984
2025/09/28 05:37:50 UTC,721676514
2025/01/06 09:40:55 UTC,508527044
2025/07/14 16:09:40 UTC,783458986
2026/01/29 02:26:54 UTC,957889186
2025/06/04 20:12:33 UTC,647715984
2025/09/28 05:37:59 UTC,721676514
2025/01/06 09:40:56 UTC,508527044
2025/06/04 20:12:34 UTC,647715984
2025/03/25 20:03:53 UTC,570146944
2025/01/06 09:41:14 UTC,508527044
2025/06/04 20:12:58 UTC,647715984
2025/09/08 16:58:51 UTC,561452174
2025/01/06 09:41:14 UTC,508527044
2025/06/04 20:10:10 UTC,647715984
2025/09/08 16:58:57 UTC,561452174
2025/01/06 09:41:31 UTC,382462454
2025/06/04 20:11:59 UTC,647715984
2025/07/11 15:28:24 UTC,575422494
2025/05/18 19:52:06 UTC,685047456
2025/06/04 20:12:07 UTC,647715984
2025/07/11 15:28:33 UTC,575422494
2025/05/18 19:52:08 UTC,685047456
2025/06/04 20:12:09 UTC,647715984
2025/09/08 04:54:19 UTC,647697194
2025/06/13 00:33:37 UTC,145111864
2025/06/04 20:12:11 UTC,647715984
2025/09/08 04:54:20 UTC,647697194
2025/12/01 15:36:37 UTC,676880284
2025/06/04 20:12:27 UTC,647715984
2025/09/08 04:54:23 UTC,647697194
2025/04/28 05:48:18 UTC,616044076
2025/06/04 20:12:29 UTC,647715984
2025/09/08 04:54:49 UTC,647697194
2025/04/28 06:18:33 UTC,583998463
2025/06/04 20:12:29 UTC,647715984
2025/09/08 04:57:57 UTC,647697194
2026/03/03 18:46:06 UTC,1143782174
2025/06/04 20:12:35 UTC,647715984
2025/09/08 04:58:25 UTC,647697194
2026/03/17 18:01:29 UTC,1112987453
2025/06/04 20:12:35 UTC,647715984
2026/03/13 19:20:08 UTC,647715984
2025/03/10 02:41:46 UTC,616727046
2025/06/04 20:12:36 UTC,647715984
2025/12/27 22:41:09 UTC,990699963
2025/08/17 06:03:58 UTC,832077356
2026/01/15 06:53:16 UTC,927105394
2025/03/03 19:23:53 UTC,632371496
2025/08/17 06:04:18 UTC,832077356
2026/01/15 06:53:19 UTC,927105394
2025/09/07 23:24:59 UTC,757273696
2025/08/17 01:19:55 UTC,722162704
2026/01/15 06:53:21 UTC,927105394
2025/04/20 20:02:58 UTC,640224494
2025/08/17 01:20:14 UTC,722162704
2025/01/28 06:05:13 UTC,262828396
2025/04/20 20:03:15 UTC,640224494
2025/08/17 05:02:57 UTC,145111864
2025/01/28 06:05:13 UTC,262828396
2025/07/03 00:25:51 UTC,695114514
2025/06/07 04:24:14 UTC,543686464
2025/01/28 06:05:13 UTC,262828396
2025/07/03 00:25:51 UTC,695114514
2025/06/07 04:24:30 UTC,543686464
2025/08/22 18:59:52 UTC,809369096
2025/09/09 19:46:02 UTC,647715984
2026/02/12 04:33:08 UTC,898373686
2025/06/11 02:57:28 UTC,707465786
2025/09/09 15:59:28 UTC,647697194
2026/02/12 04:33:47 UTC,898373686
2025/06/11 02:57:33 UTC,707465786
2025/05/27 03:59:06 UTC,688613173
2026/02/12 04:33:50 UTC,898373686
2025/06/11 02:57:54 UTC,707465786
2025/03/17 09:07:01 UTC,532809034
2026/02/12 04:33:52 UTC,898373686
2025/06/11 02:58:03 UTC,707465786
2024/11/03 05:52:19 UTC,506808586
2025/05/05 05:47:06 UTC,684877886
2025/06/11 02:49:21 UTC,707465786
2024/11/03 05:52:21 UTC,506808586
2025/05/05 03:00:16 UTC,684877886
2025/06/11 02:49:23 UTC,707465786
2025/03/05 04:55:14 UTC,616771756
2025/05/05 03:00:17 UTC,684877886
2025/06/11 03:00:15 UTC,707465786
2025/03/05 04:55:19 UTC,616771756
2025/01/05 04:57:44 UTC,313809076
2025/06/11 03:00:19 UTC,707465786
2025/03/04 14:08:33 UTC,637605786
2025/03/31 11:21:57 UTC,632617386
2025/06/11 03:00:42 UTC,707465786
2025/06/30 15:46:11 UTC,145111864
2025/03/01 20:13:19 UTC,164094834
2025/06/11 03:00:42 UTC,707465786
2025/06/30 20:03:35 UTC,145111864
2025/03/01 20:13:22 UTC,164094834
2025/06/11 03:01:08 UTC,707465786
2025/08/12 19:47:06 UTC,575422494
2025/08/07 03:00:14 UTC,721676514
2025/06/11 03:01:15 UTC,707465786
2025/08/12 19:47:20 UTC,575422494
2025/08/07 03:01:02 UTC,721676514
2025/06/11 03:01:47 UTC,707465786
2025/08/12 19:47:23 UTC,575422494
2025/08/07 03:01:07 UTC,721676514
2025/06/11 03:01:59 UTC,707465786
2025/07/17 18:29:08 UTC,707054974
2025/06/11 03:03:01 UTC,707465786
2025/07/17 18:29:23 UTC,707054974
2025/06/11 03:03:14 UTC,707465786
2025/08/07 02:58:28 UTC,721676514
2025/06/11 03:07:23 UTC,707465786
2025/08/07 02:58:37 UTC,721676514
2025/06/11 03:07:27 UTC,707465786
2025/03/31 10:49:18 UTC,623976854
2025/06/11 03:07:42 UTC,707465786
2025/08/07 03:50:26 UTC,743333236
2025/06/11 03:07:46 UTC,707465786
2025/01/03 16:00:12 UTC,563817153
2025/06/11 03:08:12 UTC,707465786
2025/01/03 16:02:49 UTC,563817153
2025/06/11 03:08:14 UTC,707465786
2025/11/04 20:51:24 UTC,771385824
2025/06/11 03:08:34 UTC,707465786
2025/07/27 20:38:16 UTC,742150936
2025/06/11 03:08:35 UTC,707465786
2025/07/27 23:32:56 UTC,742150936
2025/06/11 03:09:15 UTC,707465786
2025/08/21 08:19:32 UTC,832058556
2025/06/11 03:09:23 UTC,707465786
2025/01/06 11:48:54 UTC,200008464
2025/06/11 03:17:31 UTC,707465786
2025/08/24 17:54:15 UTC,767977383
2025/06/11 03:17:34 UTC,707465786
2025/04/23 07:03:40 UTC,664281396
2025/06/11 03:18:00 UTC,707465786
2025/04/23 09:06:08 UTC,620444636
2025/06/11 03:18:00 UTC,707465786
2026/02/13 09:08:48 UTC,898373686
2025/06/11 03:18:20 UTC,707465786
2025/10/09 04:18:58 UTC,886154996
2025/06/11 03:18:26 UTC,707465786
2025/01/05 08:39:37 UTC,532357004
2025/06/11 03:18:46 UTC,707465786
2025/01/05 09:38:54 UTC,479722234
2025/06/11 03:18:50 UTC,707465786
2025/09/14 07:35:31 UTC,853700356
2025/07/15 17:35:17 UTC,695384596
2025/09/14 07:35:40 UTC,853700356
2025/07/10 19:41:35 UTC,699249414
2025/09/15 03:23:46 UTC,449454476
2025/08/28 23:11:29 UTC,449500676
2025/10/25 00:57:50 UTC,718080814
2025/09/24 08:38:04 UTC,870268676
2025/07/18 12:15:21 UTC,796656616
2025/09/24 08:38:06 UTC,870268676
2025/07/18 12:15:58 UTC,796656616
2025/09/24 08:38:08 UTC,870268676
2025/07/18 12:18:08 UTC,647715984
2025/09/24 08:38:15 UTC,870268676
2025/02/06 01:51:08 UTC,506808586
2025/09/24 08:38:16 UTC,870268676
2025/02/06 01:51:10 UTC,506808586
2025/09/24 08:38:31 UTC,870268676
2025/07/18 18:29:21 UTC,585527534
2025/09/24 08:38:40 UTC,870268676
2025/07/18 18:29:23 UTC,585527534
2025/09/24 08:38:42 UTC,870268676
2025/07/18 18:30:05 UTC,585527534
2025/09/24 08:38:08 UTC,870268676
2025/07/18 18:31:17 UTC,585527534
2025/09/24 08:38:09 UTC,870268676
2024/12/02 05:35:43 UTC,545960016
2025/09/24 08:38:10 UTC,870268676
2024/12/02 05:35:44 UTC,545960016
2025/09/24 08:38:12 UTC,870268676
2024/12/02 05:35:59 UTC,545960016
2025/09/24 08:38:13 UTC,870268676
2025/03/07 02:03:26 UTC,427864244
2025/09/24 08:38:19 UTC,870268676
2025/03/07 02:03:30 UTC,427864244
2025/09/24 08:38:36 UTC,870268676
2025/03/07 02:24:37 UTC,639823116
2025/09/24 08:38:40 UTC,870268676
2025/12/31 07:20:58 UTC,826884554
2025/09/24 08:38:40 UTC,870268676
2025/12/20 00:00:37 UTC,884932236
2025/09/24 08:38:41 UTC,870268676
2025/02/04 20:09:48 UTC,506808586
2025/04/28 17:51:32 UTC,616044076
2025/02/04 20:09:52 UTC,506808586
2025/07/20 20:04:45 UTC,696511533
2025/08/22 03:44:30 UTC,721932554
2025/07/20 20:04:46 UTC,696511533
2025/08/22 05:22:37 UTC,832334586
2025/07/20 20:04:47 UTC,696511533
2025/12/12 18:35:31 UTC,895070114
2026/01/16 21:40:49 UTC,561461204
2025/05/01 05:49:05 UTC,568407026
2025/09/22 19:40:26 UTC,832154826
2025/06/05 19:38:03 UTC,623746304
2024/12/19 19:41:45 UTC,513805306
2025/09/17 23:04:25 UTC,747893984
2024/12/19 19:41:55 UTC,374060454
2025/09/17 23:04:29 UTC,747893984
2025/09/09 16:00:21 UTC,647697194
2026/02/06 00:12:39 UTC,1100110983
2025/09/09 16:00:21 UTC,647697194
2025/07/13 01:01:01 UTC,751607016
2025/04/06 03:48:45 UTC,630500024
2025/07/13 01:01:10 UTC,751607016
2025/04/06 03:48:46 UTC,630500024
2026/03/18 21:59:25 UTC,1370017496
2025/11/13 11:22:43 UTC,895023964
2025/07/07 19:09:24 UTC,145111864
2025/11/13 11:22:50 UTC,895023964
2025/07/07 20:08:01 UTC,427698984
2025/03/16 03:23:57 UTC,578130916
2025/07/07 20:08:01 UTC,427698984
2025/03/15 21:41:58 UTC,578130916
2025/07/07 19:09:00 UTC,145111864
2025/10/11 03:23:34 UTC,746029763
2025/06/27 16:29:57 UTC,427698984
2024/10/01 04:30:50 UTC,507851543
2025/04/08 23:00:13 UTC,641234276
2024/10/01 04:30:50 UTC,507851543
2025/04/08 22:59:50 UTC,625955823
2026/01/22 08:12:07 UTC,1090602934
2025/04/08 22:59:51 UTC,625955823
2026/01/22 08:11:58 UTC,1090602934
2025/04/08 22:59:56 UTC,625955823
2026/01/22 08:12:03 UTC,1090602934
2025/02/22 16:02:41 UTC,145111864
2026/01/22 08:12:07 UTC,1090602934
2025/02/22 16:12:22 UTC,145111864
2025/01/09 08:21:54 UTC,510712374
2025/10/07 13:38:17 UTC,647697194
2025/02/17 21:11:45 UTC,619146926
2025/10/07 13:38:20 UTC,647697194
2025/09/18 15:56:44 UTC,561452174
2026/02/04 01:54:59 UTC,1135095344
2025/10/16 12:51:06 UTC,905463666
2026/02/04 01:55:04 UTC,1135095344
2024/12/07 23:36:58 UTC,339300584
2025/02/22 20:21:18 UTC,622616386
2025/09/03 10:39:36 UTC,575422494
2025/10/07 13:37:56 UTC,647697194
2025/09/03 10:39:46 UTC,575422494
2025/08/03 16:07:02 UTC,449454476
2025/09/03 10:39:46 UTC,575422494
2025/08/03 20:42:06 UTC,631681716
2024/11/03 13:01:36 UTC,461322276
2026/01/15 13:09:30 UTC,647715984
2024/11/03 13:01:40 UTC,461322276
2025/06/11 19:46:21 UTC,561461204
2024/11/03 13:02:30 UTC,461322276
2024/11/11 21:36:50 UTC,449954766
2025/08/13 04:36:51 UTC,797867426
2025/06/11 19:44:23 UTC,561461204
2025/08/13 04:36:57 UTC,797867426
2025/06/11 19:46:20 UTC,561461204
2025/09/28 21:15:30 UTC,875538206
2025/06/11 19:46:58 UTC,561461204
2025/09/28 21:18:14 UTC,875538206
2025/06/11 19:46:59 UTC,561461204
2025/08/07 20:29:22 UTC,746555723
2025/08/29 22:11:11 UTC,647715984
2025/08/08 02:26:04 UTC,743295256
2025/07/03 18:05:08 UTC,627055486
2025/07/29 02:16:35 UTC,712478634
2025/03/10 22:30:04 UTC,611522036
2025/07/29 02:16:55 UTC,712478634
2025/10/16 01:18:35 UTC,716885573
2025/07/29 02:17:07 UTC,712478634
2025/10/16 01:18:36 UTC,716885573
2025/07/29 02:17:20 UTC,712478634
2025/08/17 16:42:55 UTC,754791596
2025/09/16 03:58:38 UTC,145111864
2025/08/17 16:43:12 UTC,754791596
2025/09/16 05:08:49 UTC,688613173
2025/06/15 04:25:05 UTC,715485756
2025/06/15 04:25:12 UTC,715485756
2025/06/15 04:25:13 UTC,715485756
2025/06/15 04:25:42 UTC,715485756
2025/06/15 04:26:21 UTC,715485756
2025/06/15 04:26:38 UTC,715485756
2025/06/06 02:07:54 UTC,676844004
2026/08/26 08:49:43 UTC,926587194
2025/02/15 22:52:46 UTC,611522036
2026/08/25 06:23:15 UTC,145111864
2026/03/14 20:39:42 UTC,1144110564
2026/08/25 07:13:51 UTC,145111864
2025/08/28 05:23:39 UTC,809369096
2026/08/24 06:16:43 UTC,943208224
2025/06/18 08:24:44 UTC,681230796
2026/08/24 04:40:36 UTC,1456116993
2025/03/20 18:58:07 UTC,646621023
2026/08/24 02:57:19 UTC,1397534356
2025/03/20 18:58:12 UTC,646621023
2026/08/24 02:57:20 UTC,1397534356
2025/02/06 18:32:23 UTC,575437294
2026/08/24 02:59:03 UTC,1480129936
2025/02/06 18:32:45 UTC,575437294
2026/08/24 02:59:11 UTC,1480129936
2025/02/06 18:32:48 UTC,575437294
2026/08/24 04:43:07 UTC,1476575834
2025/02/06 18:32:52 UTC,575437294
2026/08/24 04:43:13 UTC,1476575834
2025/02/06 18:32:57 UTC,575437294
2026/08/22 20:01:53 UTC,145111864
2025/02/06 18:33:07 UTC,575437294
2026/08/24 06:18:00 UTC,145111864
2025/02/06 18:33:16 UTC,575437294
2026/08/21 19:47:14 UTC,1467174814
2025/02/06 18:33:19 UTC,575437294
2026/08/21 19:47:18 UTC,1467174814
2025/06/18 17:16:39 UTC,640914144
2026/08/26 16:33:32 UTC,1539562766
2025/03/30 01:02:23 UTC,564508746
2026/08/20 08:04:54 UTC,145111864
2025/03/30 01:02:34 UTC,564508746
2026/08/26 13:46:07 UTC,1535520266
2025/03/30 01:02:50 UTC,564508746
2026/08/29 20:08:25 UTC,145111864
2025/04/13 04:52:02 UTC,631208796
2026/08/29 20:09:29 UTC,145111864
2025/08/01 17:53:13 UTC,561452174
2026/08/18 10:58:04 UTC,1535996526
2025/08/01 17:53:04 UTC,561452174
2026/08/17 17:43:18 UTC,164094834
2025/08/01 17:53:15 UTC,561452174
2026/08/17 08:49:23 UTC,1465176814
2025/08/01 21:48:10 UTC,712197444
2026/08/07 05:13:42 UTC,1476575834
2025/08/01 22:03:46 UTC,717350204
2026/08/07 05:13:45 UTC,1476575834
2025/08/02 01:51:30 UTC,732113936
2026/08/07 05:13:46 UTC,1476575834
2025/08/02 01:52:48 UTC,797867426
2026/08/08 05:04:34 UTC,1456237153
2025/06/04 04:59:59 UTC,620748676
2026/08/08 05:04:50 UTC,1456237153
2025/06/04 03:37:22 UTC,620748676
2026/08/08 05:04:50 UTC,1456237153
2025/06/04 03:37:28 UTC,620748676
2026/08/06 12:23:39 UTC,145111864
2025/08/01 20:02:30 UTC,676880284
2026/08/06 01:55:38 UTC,1528586166
2025/08/01 20:02:38 UTC,676880284
2026/08/15 09:13:33 UTC,1477073634
2025/08/01 20:02:44 UTC,676880284
2026/08/04 04:10:07 UTC,145111864
2025/08/01 21:19:21 UTC,797873656
2026/08/13 01:32:05 UTC,1543564296
2025/06/04 01:01:58 UTC,620748676
2026/07/29 04:08:57 UTC,1149393644
2025/06/04 01:02:20 UTC,620748676
2026/08/10 23:36:34 UTC,1535520266
2025/06/04 01:02:26 UTC,620748676
2026/07/26 05:34:55 UTC,1451496406
2025/07/13 04:53:51 UTC,648321536
2026/07/27 09:05:29 UTC,145111864
2025/07/13 04:56:51 UTC,685324024
2026/07/27 03:58:30 UTC,1230238214
2025/07/13 04:56:56 UTC,685324024
2026/07/27 03:58:31 UTC,145111864
2025/09/10 07:16:04 UTC,756936483
2026/07/27 03:59:50 UTC,145111864
2025/08/01 01:19:42 UTC,799772616
2026/07/25 01:12:52 UTC,1230029424
2025/08/01 01:19:44 UTC,799772616
2026/07/24 15:48:19 UTC,145111864
2025/07/13 00:59:14 UTC,783476716
2026/07/24 15:48:54 UTC,145111864
2025/07/13 04:09:32 UTC,707073824
2026/07/24 15:47:44 UTC,1465176814
2025/08/08 08:48:46 UTC,721676514
2026/07/22 14:30:48 UTC,1451526556
2025/04/09 19:17:56 UTC,664281396
2026/07/20 20:29:50 UTC,1439140326
2025/04/09 17:32:32 UTC,611584536
2026/07/22 03:41:46 UTC,164094834
2025/04/09 10:34:55 UTC,630500024
2026/07/18 06:35:40 UTC,1502217916
2025/04/09 10:34:56 UTC,630500024
2026/07/18 06:35:46 UTC,1502217916
2025/08/11 04:20:54 UTC,754723596
2026/07/18 06:35:47 UTC,1502217916
2025/08/11 04:22:05 UTC,145111864
2026/07/10 01:49:09 UTC,1230029424
2025/08/20 19:44:04 UTC,680320814
2026/05/08 00:18:09 UTC,1393313916
2025/08/20 19:43:02 UTC,680320814
2026/06/25 06:29:59 UTC,145111864
2025/08/20 19:43:58 UTC,680320814
2026/06/25 06:23:36 UTC,145111864
2025/04/03 21:48:29 UTC,145111864
2026/05/08 05:10:11 UTC,145111864
2025/08/21 05:05:55 UTC,717183124
2026/05/31 23:22:32 UTC,848692913
2025/07/02 02:04:46 UTC,145111864
2026/05/31 23:22:32 UTC,848692913
2025/06/25 19:05:14 UTC,550492743
2026/05/31 23:24:47 UTC,848692913
2025/07/31 05:43:30 UTC,794391316
2026/05/28 17:18:32 UTC,1149393644
2025/05/12 05:09:19 UTC,622781436
2026/05/21 14:50:10 UTC,1254280863
2025/06/17 18:54:18 UTC,679569913
2026/05/21 14:50:42 UTC,1254280863
2025/03/19 05:09:48 UTC,552548184
2026/05/18 13:53:34 UTC,145111864
2026/01/10 08:48:46 UTC,895023964
2026/05/18 13:54:41 UTC,145111864
2025/08/06 00:44:25 UTC,145111864
2026/05/15 04:38:02 UTC,941613523
2025/08/06 00:48:18 UTC,145111864
2026/04/30 23:47:01 UTC,1196386593
2025/03/12 20:02:31 UTC,598592544
2026/04/28 08:11:58 UTC,1391911016
2025/03/12 20:02:37 UTC,598592544
2026/04/25 09:29:26 UTC,427864244
2025/03/12 20:02:45 UTC,598592544
2026/04/25 09:29:34 UTC,427864244
2025/10/13 19:54:46 UTC,561452174
2026/04/25 09:26:52 UTC,427864244
2026/01/21 08:37:37 UTC,1109882063
2026/04/25 09:26:57 UTC,427864244
2025/10/13 18:10:47 UTC,647715984
2026/04/25 09:27:52 UTC,427864244
2025/11/27 20:54:59 UTC,647697194
2026/04/25 09:27:54 UTC,427864244
2025/12/25 21:15:06 UTC,427864244
2026/04/25 09:27:56 UTC,427864244
2025/12/25 21:15:38 UTC,427864244
2026/04/25 09:28:03 UTC,427864244
2025/12/25 21:15:41 UTC,427864244
2026/04/25 09:28:04 UTC,427864244
2025/12/25 21:15:47 UTC,427864244
2026/04/25 09:28:25 UTC,427864244
2025/12/25 21:15:49 UTC,427864244
2026/04/25 09:28:29 UTC,427864244
2025/11/27 18:46:38 UTC,647715984
2026/04/25 09:28:36 UTC,427864244
2025/11/27 18:46:56 UTC,647715984
2026/04/25 09:28:37 UTC,427864244
2025/07/26 00:38:58 UTC,679290413
2026/04/25 09:28:41 UTC,427864244
2025/07/26 00:46:19 UTC,745117573
2026/04/28 23:22:27 UTC,1190657203
2025/12/02 21:28:43 UTC,926830594
2026/04/24 18:57:11 UTC,1390560466
2025/05/26 05:26:41 UTC,620426676
2026/04/24 18:57:13 UTC,1390560466
2025/03/06 04:58:14 UTC,598592544
2026/04/24 18:57:13 UTC,1390560466
2025/03/06 04:58:25 UTC,598592544
2026/04/19 03:14:51 UTC,1149393644
2025/05/02 16:44:07 UTC,145111864
2026/04/19 03:15:29 UTC,1149393644
2025/05/02 17:41:31 UTC,636655976
2026/04/15 08:00:21 UTC,561452174
2024/09/27 02:30:32 UTC,374061034
2026/04/07 15:49:15 UTC,837422456
2025/03/14 11:42:22 UTC,602182194
2026/03/26 11:14:43 UTC,1364349536
2025/06/28 19:24:31 UTC,645616576
2026/03/26 11:16:57 UTC,1143782174
2026/03/11 05:25:37 UTC,1230203754
2025/07/30 06:29:28 UTC,145111864
2024/09/11 02:03:50 UTC,493152633
2025/07/30 06:29:41 UTC,145111864
2024/09/11 02:03:55 UTC,493152633
2025/07/16 23:38:02 UTC,712065733
2025/12/19 00:08:36 UTC,1073426234
2025/07/16 23:38:09 UTC,712065733
2025/02/10 22:33:04 UTC,164094834
2025/07/29 22:53:34 UTC,797867426
2025/08/19 11:29:57 UTC,585498474
2025/07/29 22:53:56 UTC,797867426
2025/08/19 11:33:48 UTC,832066986
2025/07/29 22:55:24 UTC,145111864
2025/08/19 11:33:58 UTC,832066986
2025/07/16 18:40:31 UTC,698860893
2025/05/20 18:09:28 UTC,705094296
2025/09/04 10:46:42 UTC,680320814
2025/05/20 05:33:17 UTC,687801856
2025/09/04 10:46:42 UTC,680320814
2025/08/20 03:01:30 UTC,145111864
2025/07/14 19:50:57 UTC,575422494
2025/12/02 21:28:52 UTC,926830594
2025/08/19 21:37:54 UTC,834431436
2026/01/05 04:57:46 UTC,884932236
2026/01/25 18:37:14 UTC,1124299964
2025/07/14 16:42:13 UTC,427698984
2025/07/25 14:29:43 UTC,751805166
2025/02/28 22:49:33 UTC,586299333
2026/01/05 04:21:14 UTC,895814214
2026/01/25 21:06:56 UTC,699767144
2025/07/06 19:35:47 UTC,712065733
2025/07/25 14:29:08 UTC,751805166
2025/06/04 20:12:06 UTC,647715984
2025/05/29 23:56:24 UTC,625955823
2026/01/25 21:07:02 UTC,699767144
2025/07/14 19:31:28 UTC,575422494
2024/09/15 16:55:48 UTC,420653084
2025/06/04 20:12:12 UTC,647715984
2025/05/29 23:57:53 UTC,625955823
2026/01/25 18:37:52 UTC,1124299964
2025/07/14 19:31:39 UTC,575422494
2025/04/01 18:31:02 UTC,651348406
2025/06/04 20:12:25 UTC,647715984
2025/05/29 23:57:57 UTC,625955823
2025/01/06 09:40:53 UTC,508527044
2025/12/03 18:53:55 UTC,831597686
2025/10/02 18:04:48 UTC,771412874
2025/06/04 20:12:26 UTC,647715984
2025/08/10 21:20:47 UTC,721647814
2025/01/06 09:40:54 UTC,508527044
2025/12/03 18:53:55 UTC,831597686
2025/06/08 04:14:52 UTC,647697194
2025/06/04 20:12:27 UTC,647715984
2025/09/28 05:37:50 UTC,721676514
2025/01/06 09:40:55 UTC,508527044
2025/07/14 16:09:40 UTC,783458986
2026/01/29 02:26:54 UTC,957889186
2025/06/04 20:12:33 UTC,647715984
2025/09/28 05:37:59 UTC,721676514
2025/01/06 09:40:56 UTC,508527044
2025/06/04 20:12:34 UTC,647715984
2025/03/25 20:03:53 UTC,570146944
2025/01/06 09:41:14 UTC,508527044
2025/06/04 20:12:58 UTC,647715984
2025/09/08 16:58:51 UTC,561452174
2025/01/06 09:41:14 UTC,508527044
2025/06/04 20:10:10 UTC,647715984
2025/09/08 16:58:57 UTC,561452174
2025/01/06 09:41:31 UTC,382462454
2025/06/04 20:11:59 UTC,647715984
2025/07/11 15:28:24 UTC,575422494
2025/05/18 19:52:06 UTC,685047456
2025/06/04 20:12:07 UTC,647715984
2025/07/11 15:28:33 UTC,575422494
2025/05/18 19:52:08 UTC,685047456
2025/06/04 20:12:09 UTC,647715984
2025/09/08 04:54:19 UTC,647697194
2025/06/13 00:33:37 UTC,145111864
2025/06/04 20:12:11 UTC,647715984
2025/09/08 04:54:20 UTC,647697194
2025/12/01 15:36:37 UTC,676880284
2025/06/04 20:12:27 UTC,647715984
2025/09/08 04:54:23 UTC,647697194
2025/04/28 05:48:18 UTC,616044076
2025/06/04 20:12:29 UTC,647715984
2025/09/08 04:54:49 UTC,647697194
2025/04/28 06:18:33 UTC,583998463
2025/06/04 20:12:29 UTC,647715984
2025/09/08 04:57:57 UTC,647697194
2026/03/03 18:46:06 UTC,1143782174
2025/06/04 20:12:35 UTC,647715984
2025/09/08 04:58:25 UTC,647697194
2026/03/17 18:01:29 UTC,1112987453
2025/06/04 20:12:35 UTC,647715984
2026/03/13 19:20:08 UTC,647715984
2025/03/10 02:41:46 UTC,616727046
2025/06/04 20:12:36 UTC,647715984
2025/12/27 22:41:09 UTC,990699963
2025/08/17 06:03:58 UTC,832077356
2026/01/15 06:53:16 UTC,927105394
2025/03/03 19:23:53 UTC,632371496
2025/08/17 06:04:18 UTC,832077356
2026/01/15 06:53:19 UTC,927105394
2025/09/07 23:24:59 UTC,757273696
2025/08/17 01:19:55 UTC,722162704
2026/01/15 06:53:21 UTC,927105394
2025/04/20 20:02:58 UTC,640224494
2025/08/17 01:20:14 UTC,722162704
2025/01/28 06:05:13 UTC,262828396
2025/04/20 20:03:15 UTC,640224494
2025/08/17 05:02:57 UTC,145111864
2025/01/28 06:05:13 UTC,262828396
2025/07/03 00:25:51 UTC,695114514
2025/06/07 04:24:14 UTC,543686464
2025/01/28 06:05:13 UTC,262828396
2025/07/03 00:25:51 UTC,695114514
2025/06/07 04:24:30 UTC,543686464
2025/08/22 18:59:52 UTC,809369096
2025/09/09 19:46:02 UTC,647715984
2026/02/12 04:33:08 UTC,898373686
2025/06/11 02:57:28 UTC,707465786
2025/09/09 15:59:28 UTC,647697194
2026/02/12 04:33:47 UTC,898373686
2025/06/11 02:57:33 UTC,707465786
2025/05/27 03:59:06 UTC,688613173
2026/02/12 04:33:50 UTC,898373686
2025/06/11 02:57:54 UTC,707465786
2025/03/17 09:07:01 UTC,532809034
2026/02/12 04:33:52 UTC,898373686
2025/06/11 02:58:03 UTC,707465786
2024/11/03 05:52:19 UTC,506808586
2025/05/05 05:47:06 UTC,684877886
2025/06/11 02:49:21 UTC,707465786
2024/11/03 05:52:21 UTC,506808586
2025/05/05 03:00:16 UTC,684877886
2025/06/11 02:49:23 UTC,707465786
2025/03/05 04:55:14 UTC,616771756
2025/05/05 03:00:17 UTC,684877886
2025/06/11 03:00:15 UTC,707465786
2025/03/05 04:55:19 UTC,616771756
2025/01/05 04:57:44 UTC,313809076
2025/06/11 03:00:19 UTC,707465786
2025/03/04 14:08:33 UTC,637605786
2025/03/31 11:21:57 UTC,632617386
2025/06/11 03:00:42 UTC,707465786
2025/06/30 15:46:11 UTC,145111864
2025/03/01 20:13:19 UTC,164094834
2025/06/11 03:00:42 UTC,707465786
2025/06/30 20:03:35 UTC,145111864
2025/03/01 20:13:22 UTC,164094834
2025/06/11 03:01:08 UTC,707465786
2025/08/12 19:47:06 UTC,575422494
2025/08/07 03:00:14 UTC,721676514
2025/06/11 03:01:15 UTC,707465786
2025/08/12 19:47:20 UTC,575422494
2025/08/07 03:01:02 UTC,721676514
2025/06/11 03:01:47 UTC,707465786
2025/08/12 19:47:23 UTC,575422494
2025/08/07 03:01:07 UTC,721676514
2025/06/11 03:01:59 UTC,707465786
2025/07/17 18:29:08 UTC,707054974
2025/06/11 03:03:01 UTC,707465786
2025/07/17 18:29:23 UTC,707054974
2025/06/11 03:03:14 UTC,707465786
2025/08/07 02:58:28 UTC,721676514
2025/06/11 03:07:23 UTC,707465786
2025/08/07 02:58:37 UTC,721676514
2025/06/11 03:07:27 UTC,707465786
2025/03/31 10:49:18 UTC,623976854
2025/06/11 03:07:42 UTC,707465786
2025/08/07 03:50:26 UTC,743333236
2025/06/11 03:07:46 UTC,707465786
2025/01/03 16:00:12 UTC,563817153
2025/06/11 03:08:12 UTC,707465786
2025/01/03 16:02:49 UTC,563817153
2025/06/11 03:08:14 UTC,707465786
2025/11/04 20:51:24 UTC,771385824
2025/06/11 03:08:34 UTC,707465786
2025/07/27 20:38:16 UTC,742150936
2025/06/11 03:08:35 UTC,707465786
2025/07/27 23:32:56 UTC,742150936
2025/06/11 03:09:15 UTC,707465786
2025/08/21 08:19:32 UTC,832058556
2025/06/11 03:09:23 UTC,707465786
2025/01/06 11:48:54 UTC,200008464
2025/06/11 03:17:31 UTC,707465786
2025/08/24 17:54:15 UTC,767977383
2025/06/11 03:17:34 UTC,707465786
2025/04/23 07:03:40 UTC,664281396
2025/06/11 03:18:00 UTC,707465786
2025/04/23 09:06:08 UTC,620444636
2025/06/11 03:18:00 UTC,707465786
2026/02/13 09:08:48 UTC,898373686
2025/06/11 03:18:20 UTC,707465786
2025/10/09 04:18:58 UTC,886154996
2025/06/11 03:18:26 UTC,707465786
2025/01/05 08:39:37 UTC,532357004
2025/06/11 03:18:46 UTC,707465786
2025/01/05 09:38:54 UTC,479722234
2025/06/11 03:18:50 UTC,707465786
2025/09/14 07:35:31 UTC,853700356
2025/07/15 17:35:17 UTC,695384596
2025/09/14 07:35:40 UTC,853700356
2025/07/10 19:41:35 UTC,699249414
2025/09/15 03:23:46 UTC,449454476
2025/08/28 23:11:29 UTC,449500676
2025/10/25 00:57:50 UTC,718080814
2025/09/24 08:38:04 UTC,870268676
2025/07/18 12:15:21 UTC,796656616
2025/09/24 08:38:06 UTC,870268676
2025/07/18 12:15:58 UTC,796656616
2025/09/24 08:38:08 UTC,870268676
2025/07/18 12:18:08 UTC,647715984
2025/09/24 08:38:15 UTC,870268676
2025/02/06 01:51:08 UTC,506808586
2025/09/24 08:38:16 UTC,870268676
2025/02/06 01:51:10 UTC,506808586
2025/09/24 08:38:31 UTC,870268676
2025/07/18 18:29:21 UTC,585527534
2025/09/24 08:38:40 UTC,870268676
2025/07/18 18:29:23 UTC,585527534
2025/09/24 08:38:42 UTC,870268676
2025/07/18 18:30:05 UTC,585527534
2025/09/24 08:38:08 UTC,870268676
2025/07/18 18:31:17 UTC,585527534
2025/09/24 08:38:09 UTC,870268676
2024/12/02 05:35:43 UTC,545960016
2025/09/24 08:38:10 UTC,870268676
2024/12/02 05:35:44 UTC,545960016
2025/09/24 08:38:12 UTC,870268676
2024/12/02 05:35:59 UTC,545960016
2025/09/24 08:38:13 UTC,870268676
2025/03/07 02:03:26 UTC,427864244
2025/09/24 08:38:19 UTC,870268676
2025/03/07 02:03:30 UTC,427864244
2025/09/24 08:38:36 UTC,870268676
2025/03/07 02:24:37 UTC,639823116
2025/09/24 08:38:40 UTC,870268676
2025/12/31 07:20:58 UTC,826884554
2025/09/24 08:38:40 UTC,870268676
2025/12/20 00:00:37 UTC,884932236
2025/09/24 08:38:41 UTC,870268676
2025/02/04 20:09:48 UTC,506808586
2025/04/28 17:51:32 UTC,616044076
2025/02/04 20:09:52 UTC,506808586
2025/07/20 20:04:45 UTC,696511533
2025/08/22 03:44:30 UTC,721932554
2025/07/20 20:04:46 UTC,696511533
2025/08/22 05:22:37 UTC,832334586
2025/07/20 20:04:47 UTC,696511533
2025/12/12 18:35:31 UTC,895070114
2026/01/16 21:40:49 UTC,561461204
2025/05/01 05:49:05 UTC,568407026
2025/09/22 19:40:26 UTC,832154826
2025/06/05 19:38:03 UTC,623746304
2024/12/19 19:41:45 UTC,513805306
2025/09/17 23:04:25 UTC,747893984
2024/12/19 19:41:55 UTC,374060454
2025/09/17 23:04:29 UTC,747893984
2025/09/09 16:00:21 UTC,647697194
2026/02/06 00:12:39 UTC,1100110983
2025/09/09 16:00:21 UTC,647697194
2025/07/13 01:01:01 UTC,751607016
2025/04/06 03:48:45 UTC,630500024
2025/07/13 01:01:10 UTC,751607016
2025/04/06 03:48:46 UTC,630500024
2026/03/18 21:59:25 UTC,1370017496
2025/11/13 11:22:43 UTC,895023964
2025/07/07 19:09:24 UTC,145111864
2025/11/13 11:22:50 UTC,895023964
2025/07/07 20:08:01 UTC,427698984
2025/03/16 03:23:57 UTC,578130916
2025/07/07 20:08:01 UTC,427698984
2025/03/15 21:41:58 UTC,578130916
2025/07/07 19:09:00 UTC,145111864
2025/10/11 03:23:34 UTC,746029763
2025/06/27 16:29:57 UTC,427698984
2024/10/01 04:30:50 UTC,507851543
2025/04/08 23:00:13 UTC,641234276
2024/10/01 04:30:50 UTC,507851543
2025/04/08 22:59:50 UTC,625955823
2026/01/22 08:12:07 UTC,1090602934
2025/04/08 22:59:51 UTC,625955823
2026/01/22 08:11:58 UTC,1090602934
2025/04/08 22:59:56 UTC,625955823
2026/01/22 08:12:03 UTC,1090602934
2025/02/22 16:02:41 UTC,145111864
2026/01/22 08:12:07 UTC,1090602934
2025/02/22 16:12:22 UTC,145111864
2025/01/09 08:21:54 UTC,510712374
2025/10/07 13:38:17 UTC,647697194
2025/02/17 21:11:45 UTC,619146926
2025/10/07 13:38:20 UTC,647697194
2025/09/18 15:56:44 UTC,561452174
2026/02/04 01:54:59 UTC,1135095344
2025/10/16 12:51:06 UTC,905463666
2026/02/04 01:55:04 UTC,1135095344
2024/12/07 23:36:58 UTC,339300584
2025/02/22 20:21:18 UTC,622616386
2025/09/03 10:39:36 UTC,575422494
2025/10/07 13:37:56 UTC,647697194
2025/09/03 10:39:46 UTC,575422494
2025/08/03 16:07:02 UTC,449454476
2025/09/03 10:39:46 UTC,575422494
2025/08/03 20:42:06 UTC,631681716
2024/11/03 13:01:36 UTC,461322276
2026/01/15 13:09:30 UTC,647715984
2024/11/03 13:01:40 UTC,461322276
2025/06/11 19:46:21 UTC,561461204
2024/11/03 13:02:30 UTC,461322276
2024/11/11 21:36:50 UTC,449954766
2025/08/13 04:36:51 UTC,797867426
2025/06/11 19:44:23 UTC,561461204
2025/08/13 04:36:57 UTC,797867426
2025/06/11 19:46:20 UTC,561461204
2025/09/28 21:15:30 UTC,875538206
2025/06/11 19:46:58 UTC,561461204
2025/09/28 21:18:14 UTC,875538206
2025/06/11 19:46:59 UTC,561461204
2025/08/07 20:29:22 UTC,746555723
2025/08/29 22:11:11 UTC,647715984
2025/08/08 02:26:04 UTC,743295256
2025/07/03 18:05:08 UTC,627055486
2025/07/29 02:16:35 UTC,712478634
2025/03/10 22:30:04 UTC,611522036
2025/07/29 02:16:55 UTC,712478634
2025/10/16 01:18:35 UTC,716885573
2025/07/29 02:17:07 UTC,712478634
2025/10/16 01:18:36 UTC,716885573
2025/07/29 02:17:20 UTC,712478634
2025/08/17 16:42:55 UTC,754791596
2025/09/16 03:58:38 UTC,145111864
2025/08/17 16:43:12 UTC,754791596
2025/09/16 05:08:49 UTC,688613173
2025/06/15 04:25:05 UTC,715485756
2025/06/15 04:25:12 UTC,715485756
2025/06/15 04:25:13 UTC,715485756
2025/06/15 04:25:42 UTC,715485756
2025/06/15 04:26:21 UTC,715485756
2025/06/15 04:26:38 UTC,715485756
2025/06/06 02:07:54 UTC,676844004
2026/08/26 08:49:43 UTC,926587194
2025/02/15 22:52:46 UTC,611522036
2026/08/25 06:23:15 UTC,145111864
2026/03/14 20:39:42 UTC,1144110564
2026/08/25 07:13:51 UTC,145111864
2025/08/28 05:23:39 UTC,809369096
2026/08/24 06:16:43 UTC,943208224
2025/06/18 08:24:44 UTC,681230796
2026/08/24 04:40:36 UTC,1456116993
2025/03/20 18:58:07 UTC,646621023
2026/08/24 02:57:19 UTC,1397534356
2025/03/20 18:58:12 UTC,646621023
2026/08/24 02:57:20 UTC,1397534356
2025/02/06 18:32:23 UTC,575437294
2026/08/24 02:59:03 UTC,1480129936
2025/02/06 18:32:45 UTC,575437294
2026/08/24 02:59:11 UTC,1480129936
2025/02/06 18:32:48 UTC,575437294
2026/08/24 04:43:07 UTC,1476575834
2025/02/06 18:32:52 UTC,575437294
2026/08/24 04:43:13 UTC,1476575834
2025/02/06 18:32:57 UTC,575437294
2026/08/22 20:01:53 UTC,145111864
2025/02/06 18:33:07 UTC,575437294
2026/08/24 06:18:00 UTC,145111864
2025/02/06 18:33:16 UTC,575437294
2026/08/21 19:47:14 UTC,1467174814
2025/02/06 18:33:19 UTC,575437294
2026/08/21 19:47:18 UTC,1467174814
2025/06/18 17:16:39 UTC,640914144
2026/08/26 16:33:32 UTC,1539562766
2025/03/30 01:02:23 UTC,564508746
2026/08/20 08:04:54 UTC,145111864
2025/03/30 01:02:34 UTC,564508746
2026/08/26 13:46:07 UTC,1535520266
2025/03/30 01:02:50 UTC,564508746
2026/08/29 20:08:25 UTC,145111864
2025/04/13 04:52:02 UTC,631208796
2026/08/29 20:09:29 UTC,145111864
2025/08/01 17:53:13 UTC,561452174
2026/08/18 10:58:04 UTC,1535996526
2025/08/01 17:53:04 UTC,561452174
2026/08/17 17:43:18 UTC,164094834
2025/08/01 17:53:15 UTC,561452174
2026/08/17 08:49:23 UTC,1465176814
2025/08/01 21:48:10 UTC,712197444
2026/08/07 05:13:42 UTC,1476575834
2025/08/01 22:03:46 UTC,717350204
2026/08/07 05:13:45 UTC,1476575834
2025/08/02 01:51:30 UTC,732113936
2026/08/07 05:13:46 UTC,1476575834
2025/08/02 01:52:48 UTC,797867426
2026/08/08 05:04:34 UTC,1456237153
2025/06/04 04:59:59 UTC,620748676
2026/08/08 05:04:50 UTC,1456237153
2025/06/04 03:37:22 UTC,620748676
2026/08/08 05:04:50 UTC,1456237153
2025/06/04 03:37:28 UTC,620748676
2026/08/06 12:23:39 UTC,145111864
2025/08/01 20:02:30 UTC,676880284
2026/08/06 01:55:38 UTC,1528586166
2025/08/01 20:02:38 UTC,676880284
2026/08/15 09:13:33 UTC,1477073634
2025/08/01 20:02:44 UTC,676880284
2026/08/04 04:10:07 UTC,145111864
2025/08/01 21:19:21 UTC,797873656
2026/08/13 01:32:05 UTC,1543564296
2025/06/04 01:01:58 UTC,620748676
2026/07/29 04:08:57 UTC,1149393644
2025/06/04 01:02:20 UTC,620748676
2026/08/10 23:36:34 UTC,1535520266
2025/06/04 01:02:26 UTC,620748676
2026/07/26 05:34:55 UTC,1451496406
2025/07/13 04:53:51 UTC,648321536
2026/07/27 09:05:29 UTC,145111864
2025/07/13 04:56:51 UTC,685324024
2026/07/27 03:58:30 UTC,1230238214
2025/07/13 04:56:56 UTC,685324024
2026/07/27 03:58:31 UTC,145111864
2025/09/10 07:16:04 UTC,756936483
2026/07/27 03:59:50 UTC,145111864
2025/08/01 01:19:42 UTC,799772616
2026/07/25 01:12:52 UTC,1230029424
2025/08/01 01:19:44 UTC,799772616
2026/07/24 15:48:19 UTC,145111864
2025/07/13 00:59:14 UTC,783476716
2026/07/24 15:48:54 UTC,145111864
2025/07/13 04:09:32 UTC,707073824
2026/07/24 15:47:44 UTC,1465176814
2025/08/08 08:48:46 UTC,721676514
2026/07/22 14:30:48 UTC,1451526556
2025/04/09 19:17:56 UTC,664281396
2026/07/20 20:29:50 UTC,1439140326
2025/04/09 17:32:32 UTC,611584536
2026/07/22 03:41:46 UTC,164094834
2025/04/09 10:34:55 UTC,630500024
2026/07/18 06:35:40 UTC,1502217916
2025/04/09 10:34:56 UTC,630500024
2026/07/18 06:35:46 UTC,1502217916
2025/08/11 04:20:54 UTC,754723596
2026/07/18 06:35:47 UTC,1502217916
2025/08/11 04:22:05 UTC,145111864
2026/07/10 01:49:09 UTC,1230029424
2025/08/20 19:44:04 UTC,680320814
2026/05/08 00:18:09 UTC,1393313916
2025/08/20 19:43:02 UTC,680320814
2026/06/25 06:29:59 UTC,145111864
2025/08/20 19:43:58 UTC,680320814
2026/06/25 06:23:36 UTC,145111864
2025/04/03 21:48:29 UTC,145111864
2026/05/08 05:10:11 UTC,145111864
2025/08/21 05:05:55 UTC,717183124
2026/05/31 23:22:32 UTC,848692913
2025/07/02 02:04:46 UTC,145111864
2026/05/31 23:22:32 UTC,848692913
2025/06/25 19:05:14 UTC,550492743
2026/05/31 23:24:47 UTC,848692913
2025/07/31 05:43:30 UTC,794391316
2026/05/28 17:18:32 UTC,1149393644
2025/05/12 05:09:19 UTC,622781436
2026/05/21 14:50:10 UTC,1254280863
2025/06/17 18:54:18 UTC,679569913
2026/05/21 14:50:42 UTC,1254280863
2025/03/19 05:09:48 UTC,552548184
2026/05/18 13:53:34 UTC,145111864
2026/01/10 08:48:46 UTC,895023964
2026/05/18 13:54:41 UTC,145111864
2025/08/06 00:44:25 UTC,145111864
2026/05/15 04:38:02 UTC,941613523
2025/08/06 00:48:18 UTC,145111864
2026/04/30 23:47:01 UTC,1196386593
2025/03/12 20:02:31 UTC,598592544
2026/04/28 08:11:58 UTC,1391911016
2025/03/12 20:02:37 UTC,598592544
2026/04/25 09:29:26 UTC,427864244
2025/03/12 20:02:45 UTC,598592544
2026/04/25 09:29:34 UTC,427864244
2025/10/13 19:54:46 UTC,561452174
2026/04/25 09:26:52 UTC,427864244
2026/01/21 08:37:37 UTC,1109882063
2026/04/25 09:26:57 UTC,427864244
2025/10/13 18:10:47 UTC,647715984
2026/04/25 09:27:52 UTC,427864244
2025/11/27 20:54:59 UTC,647697194
2026/04/25 09:27:54 UTC,427864244
2025/12/25 21:15:06 UTC,427864244
2026/04/25 09:27:56 UTC,427864244
2025/12/25 21:15:38 UTC,427864244
2026/04/25 09:28:03 UTC,427864244
2025/12/25 21:15:41 UTC,427864244
2026/04/25 09:28:04 UTC,427864244
2025/12/25 21:15:47 UTC,427864244
2026/04/25 09:28:25 UTC,427864244
2025/12/25 21:15:49 UTC,427864244
2026/04/25 09:28:29 UTC,427864244
2025/11/27 18:46:38 UTC,647715984
2026/04/25 09:28:36 UTC,427864244
2025/11/27 18:46:56 UTC,647715984
2026/04/25 09:28:37 UTC,427864244
2025/07/26 00:38:58 UTC,679290413
2026/04/25 09:28:41 UTC,427864244
2025/07/26 00:46:19 UTC,745117573
2026/04/28 23:22:27 UTC,1190657203
2025/12/02 21:28:43 UTC,926830594
2026/04/24 18:57:11 UTC,1390560466
2025/05/26 05:26:41 UTC,620426676
2026/04/24 18:57:13 UTC,1390560466
2025/03/06 04:58:14 UTC,598592544
2026/04/24 18:57:13 UTC,1390560466
2025/03/06 04:58:25 UTC,598592544
2026/04/19 03:14:51 UTC,1149393644
2025/05/02 16:44:07 UTC,145111864
2026/04/19 03:15:29 UTC,1149393644
2025/05/02 17:41:31 UTC,636655976
2026/04/15 08:00:21 UTC,561452174
2024/09/27 02:30:32 UTC,374061034
2026/04/07 15:49:15 UTC,837422456
2025/03/14 11:42:22 UTC,602182194
2026/03/26 11:14:43 UTC,1364349536
2025/06/28 19:24:31 UTC,645616576
2026/03/26 11:16:57 UTC,1143782174
2026/03/11 05:25:37 UTC,1230203754
2025/07/30 06:29:28 UTC,145111864
2024/09/11 02:03:50 UTC,493152633
2025/07/30 06:29:41 UTC,145111864
2024/09/11 02:03:55 UTC,493152633
2025/07/16 23:38:02 UTC,712065733
2025/12/19 00:08:36 UTC,1073426234
2025/07/16 23:38:09 UTC,712065733
2025/02/10 22:33:04 UTC,164094834
2025/07/29 22:53:34 UTC,797867426
2025/08/19 11:29:57 UTC,585498474
2025/07/29 22:53:56 UTC,797867426
2025/08/19 11:33:48 UTC,832066986
2025/07/29 22:55:24 UTC,145111864
2025/08/19 11:33:58 UTC,832066986
2025/07/16 18:40:31 UTC,698860893
2025/05/20 18:09:28 UTC,705094296
2025/09/04 10:46:42 UTC,680320814
2025/05/20 05:33:17 UTC,687801856
2025/09/04 10:46:42 UTC,680320814
2025/08/20 03:01:30 UTC,145111864
2025/07/14 19:50:57 UTC,575422494
2025/12/02 21:28:52 UTC,926830594
2025/08/19 21:37:54 UTC,834431436
2026/01/05 04:57:46 UTC,884932236
2026/01/25 18:37:14 UTC,1124299964
2025/07/14 16:42:13 UTC,427698984
2025/07/25 14:29:43 UTC,751805166
2025/02/28 22:49:33 UTC,586299333
2026/01/05 04:21:14 UTC,895814214
2026/01/25 21:06:56 UTC,699767144
2025/07/06 19:35:47 UTC,712065733
2025/07/25 14:29:08 UTC,751805166
2025/06/04 20:12:06 UTC,647715984
2025/05/29 23:56:24 UTC,625955823
2026/01/25 21:07:02 UTC,699767144
2025/07/14 19:31:28 UTC,575422494
2024/09/15 16:55:48 UTC,420653084
2025/06/04 20:12:12 UTC,647715984
2025/05/29 23:57:53 UTC,625955823
2026/01/25 18:37:52 UTC,1124299964
2025/07/14 19:31:39 UTC,575422494
2025/04/01 18:31:02 UTC,651348406
2025/06/04 20:12:25 UTC,647715984
2025/05/29 23:57:57 UTC,625955823
2025/01/06 09:40:53 UTC,508527044
2025/12/03 18:53:55 UTC,831597686
2025/10/02 18:04:48 UTC,771412874
2025/06/04 20:12:26 UTC,647715984
2025/08/10 21:20:47 UTC,721647814
2025/01/06 09:40:54 UTC,508527044
2025/12/03 18:53:55 UTC,831597686
2025/06/08 04:14:52 UTC,647697194
2025/06/04 20:12:27 UTC,647715984
2025/09/28 05:37:50 UTC,721676514
2025/01/06 09:40:55 UTC,508527044
2025/07/14 16:09:40 UTC,783458986
2026/01/29 02:26:54 UTC,957889186
2025/06/04 20:12:33 UTC,647715984
2025/09/28 05:37:59 UTC,721676514
2025/01/06 09:40:56 UTC,508527044
2025/06/04 20:12:34 UTC,647715984
2025/03/25 20:03:53 UTC,570146944
2025/01/06 09:41:14 UTC,508527044
2025/06/04 20:12:58 UTC,647715984
2025/09/08 16:58:51 UTC,561452174
2025/01/06 09:41:14 UTC,508527044
2025/06/04 20:10:10 UTC,647715984
2025/09/08 16:58:57 UTC,561452174
2025/01/06 09:41:31 UTC,382462454
2025/06/04 20:11:59 UTC,647715984
2025/07/11 15:28:24 UTC,575422494
2025/05/18 19:52:06 UTC,685047456
2025/06/04 20:12:07 UTC,647715984
2025/07/11 15:28:33 UTC,575422494
2025/05/18 19:52:08 UTC,685047456
2025/06/04 20:12:09 UTC,647715984
2025/09/08 04:54:19 UTC,647697194
2025/06/13 00:33:37 UTC,145111864
2025/06/04 20:12:11 UTC,647715984
2025/09/08 04:54:20 UTC,647697194
2025/12/01 15:36:37 UTC,676880284
2025/06/04 20:12:27 UTC,647715984
2025/09/08 04:54:23 UTC,647697194
2025/04/28 05:48:18 UTC,616044076
2025/06/04 20:12:29 UTC,647715984
2025/09/08 04:54:49 UTC,647697194
2025/04/28 06:18:33 UTC,583998463
2025/06/04 20:12:29 UTC,647715984
2025/09/08 04:57:57 UTC,647697194
2026/03/03 18:46:06 UTC,1143782174
2025/06/04 20:12:35 UTC,647715984
2025/09/08 04:58:25 UTC,647697194
2026/03/17 18:01:29 UTC,1112987453
2025/06/04 20:12:35 UTC,647715984
2026/03/13 19:20:08 UTC,647715984
2025/03/10 02:41:46 UTC,616727046
2025/06/04 20:12:36 UTC,647715984
2025/12/27 22:41:09 UTC,990699963
2025/08/17 06:03:58 UTC,832077356
2026/01/15 06:53:16 UTC,927105394
2025/03/03 19:23:53 UTC,632371496
2025/08/17 06:04:18 UTC,832077356
2026/01/15 06:53:19 UTC,927105394
2025/09/07 23:24:59 UTC,757273696
2025/08/17 01:19:55 UTC,722162704
2026/01/15 06:53:21 UTC,927105394
2025/04/20 20:02:58 UTC,640224494
2025/08/17 01:20:14 UTC,722162704
2025/01/28 06:05:13 UTC,262828396
2025/04/20 20:03:15 UTC,640224494
2025/08/17 05:02:57 UTC,145111864
2025/01/28 06:05:13 UTC,262828396
2025/07/03 00:25:51 UTC,695114514
2025/06/07 04:24:14 UTC,543686464
2025/01/28 06:05:13 UTC,262828396
2025/07/03 00:25:51 UTC,695114514
2025/06/07 04:24:30 UTC,543686464
2025/08/22 18:59:52 UTC,809369096
2025/09/09 19:46:02 UTC,647715984
2026/02/12 04:33:08 UTC,898373686
2025/06/11 02:57:28 UTC,707465786
2025/09/09 15:59:28 UTC,647697194
2026/02/12 04:33:47 UTC,898373686
2025/06/11 02:57:33 UTC,707465786
2025/05/27 03:59:06 UTC,688613173
2026/02/12 04:33:50 UTC,898373686
2025/06/11 02:57:54 UTC,707465786
2025/03/17 09:07:01 UTC,532809034
2026/02/12 04:33:52 UTC,898373686
2025/06/11 02:58:03 UTC,707465786
2024/11/03 05:52:19 UTC,506808586
2025/05/05 05:47:06 UTC,684877886
2025/06/11 02:49:21 UTC,707465786
2024/11/03 05:52:21 UTC,506808586
2025/05/05 03:00:16 UTC,684877886
2025/06/11 02:49:23 UTC,707465786
2025/03/05 04:55:14 UTC,616771756
2025/05/05 03:00:17 UTC,684877886
2025/06/11 03:00:15 UTC,707465786
2025/03/05 04:55:19 UTC,616771756
2025/01/05 04:57:44 UTC,313809076
2025/06/11 03:00:19 UTC,707465786
2025/03/04 14:08:33 UTC,637605786
2025/03/31 11:21:57 UTC,632617386
2025/06/11 03:00:42 UTC,707465786
2025/06/30 15:46:11 UTC,145111864
2025/03/01 20:13:19 UTC,164094834
2025/06/11 03:00:42 UTC,707465786
2025/06/30 20:03:35 UTC,145111864
2025/03/01 20:13:22 UTC,164094834
2025/06/11 03:01:08 UTC,707465786
2025/08/12 19:47:06 UTC,575422494
2025/08/07 03:00:14 UTC,721676514
2025/06/11 03:01:15 UTC,707465786
2025/08/12 19:47:20 UTC,575422494
2025/08/07 03:01:02 UTC,721676514
2025/06/11 03:01:47 UTC,707465786
2025/08/12 19:47:23 UTC,575422494
2025/08/07 03:01:07 UTC,721676514
2025/06/11 03:01:59 UTC,707465786
2025/07/17 18:29:08 UTC,707054974
2025/06/11 03:03:01 UTC,707465786
2025/07/17 18:29:23 UTC,707054974
2025/06/11 03:03:14 UTC,707465786
2025/08/07 02:58:28 UTC,721676514
2025/06/11 03:07:23 UTC,707465786
2025/08/07 02:58:37 UTC,721676514
2025/06/11 03:07:27 UTC,707465786
2025/03/31 10:49:18 UTC,623976854
2025/06/11 03:07:42 UTC,707465786
2025/08/07 03:50:26 UTC,743333236
2025/06/11 03:07:46 UTC,707465786
2025/01/03 16:00:12 UTC,563817153
2025/06/11 03:08:12 UTC,707465786
2025/01/03 16:02:49 UTC,563817153
2025/06/11 03:08:14 UTC,707465786
2025/11/04 20:51:24 UTC,771385824
2025/06/11 03:08:34 UTC,707465786
2025/07/27 20:38:16 UTC,742150936
2025/06/11 03:08:35 UTC,707465786
2025/07/27 23:32:56 UTC,742150936
2025/06/11 03:09:15 UTC,707465786
2025/08/21 08:19:32 UTC,832058556
2025/06/11 03:09:23 UTC,707465786
2025/01/06 11:48:54 UTC,200008464
2025/06/11 03:17:31 UTC,707465786
2025/08/24 17:54:15 UTC,767977383
2025/06/11 03:17:34 UTC,707465786
2025/04/23 07:03:40 UTC,664281396
2025/06/11 03:18:00 UTC,707465786
2025/04/23 09:06:08 UTC,620444636
2025/06/11 03:18:00 UTC,707465786
2026/02/13 09:08:48 UTC,898373686
2025/06/11 03:18:20 UTC,707465786
2025/10/09 04:18:58 UTC,886154996
2025/06/11 03:18:26 UTC,707465786
2025/01/05 08:39:37 UTC,532357004
2025/06/11 03:18:46 UTC,707465786
2025/01/05 09:38:54 UTC,479722234
2025/06/11 03:18:50 UTC,707465786
2025/09/14 07:35:31 UTC,853700356
2025/07/15 17:35:17 UTC,695384596
2025/09/14 07:35:40 UTC,853700356
2025/07/10 19:41:35 UTC,699249414
2025/09/15 03:23:46 UTC,449454476
2025/08/28 23:11:29 UTC,449500676
2025/10/25 00:57:50 UTC,718080814
2025/09/24 08:38:04 UTC,870268676
2025/07/18 12:15:21 UTC,796656616
2025/09/24 08:38:06 UTC,870268676
2025/07/18 12:15:58 UTC,796656616
2025/09/24 08:38:08 UTC,870268676
2025/07/18 12:18:08 UTC,647715984
2025/09/24 08:38:15 UTC,870268676
2025/02/06 01:51:08 UTC,506808586
2025/09/24 08:38:16 UTC,870268676
2025/02/06 01:51:10 UTC,506808586
2025/09/24 08:38:31 UTC,870268676
2025/07/18 18:29:21 UTC,585527534
2025/09/24 08:38:40 UTC,870268676
2025/07/18 18:29:23 UTC,585527534
2025/09/24 08:38:42 UTC,870268676
2025/07/18 18:30:05 UTC,585527534
2025/09/24 08:38:08 UTC,870268676
2025/07/18 18:31:17 UTC,585527534
2025/09/24 08:38:09 UTC,870268676
2024/12/02 05:35:43 UTC,545960016
2025/09/24 08:38:10 UTC,870268676
2024/12/02 05:35:44 UTC,545960016
2025/09/24 08:38:12 UTC,870268676
2024/12/02 05:35:59 UTC,545960016
2025/09/24 08:38:13 UTC,870268676
2025/03/07 02:03:26 UTC,427864244
2025/09/24 08:38:19 UTC,870268676
2025/03/07 02:03:30 UTC,427864244
2025/09/24 08:38:36 UTC,870268676
2025/03/07 02:24:37 UTC,639823116
2025/09/24 08:38:40 UTC,870268676
2025/12/31 07:20:58 UTC,826884554
2025/09/24 08:38:40 UTC,870268676
2025/12/20 00:00:37 UTC,884932236
2025/09/24 08:38:41 UTC,870268676
2025/02/04 20:09:48 UTC,506808586
2025/04/28 17:51:32 UTC,616044076
2025/02/04 20:09:52 UTC,506808586
2025/07/20 20:04:45 UTC,696511533
2025/08/22 03:44:30 UTC,721932554
2025/07/20 20:04:46 UTC,696511533
2025/08/22 05:22:37 UTC,832334586
2025/07/20 20:04:47 UTC,696511533
2025/12/12 18:35:31 UTC,895070114
2026/01/16 21:40:49 UTC,561461204
2025/05/01 05:49:05 UTC,568407026
2025/09/22 19:40:26 UTC,832154826
2025/06/05 19:38:03 UTC,623746304
2024/12/19 19:41:45 UTC,513805306
2025/09/17 23:04:25 UTC,747893984
2024/12/19 19:41:55 UTC,374060454
2025/09/17 23:04:29 UTC,747893984
2025/09/09 16:00:21 UTC,647697194
2026/02/06 00:12:39 UTC,1100110983
2025/09/09 16:00:21 UTC,647697194
2025/07/13 01:01:01 UTC,751607016
2025/04/06 03:48:45 UTC,630500024
2025/07/13 01:01:10 UTC,751607016
2025/04/06 03:48:46 UTC,630500024
2026/03/18 21:59:25 UTC,1370017496
2025/11/13 11:22:43 UTC,895023964
2025/07/07 19:09:24 UTC,145111864
2025/11/13 11:22:50 UTC,895023964
2025/07/07 20:08:01 UTC,427698984
2025/03/16 03:23:57 UTC,578130916
2025/07/07 20:08:01 UTC,427698984
2025/03/15 21:41:58 UTC,578130916
2025/07/07 19:09:00 UTC,145111864
2025/10/11 03:23:34 UTC,746029763
2025/06/27 16:29:57 UTC,427698984
2024/10/01 04:30:50 UTC,507851543
2025/04/08 23:00:13 UTC,641234276
2024/10/01 04:30:50 UTC,507851543
2025/04/08 22:59:50 UTC,625955823
2026/01/22 08:12:07 UTC,1090602934
2025/04/08 22:59:51 UTC,625955823
2026/01/22 08:11:58 UTC,1090602934
2025/04/08 22:59:56 UTC,625955823
2026/01/22 08:12:03 UTC,1090602934
2025/02/22 16:02:41 UTC,145111864
2026/01/22 08:12:07 UTC,1090602934
2025/02/22 16:12:22 UTC,145111864
2025/01/09 08:21:54 UTC,510712374
2025/10/07 13:38:17 UTC,647697194
2025/02/17 21:11:45 UTC,619146926
2025/10/07 13:38:20 UTC,647697194
2025/09/18 15:56:44 UTC,561452174
2026/02/04 01:54:59 UTC,1135095344
2025/10/16 12:51:06 UTC,905463666
2026/02/04 01:55:04 UTC,1135095344
2024/12/07 23:36:58 UTC,339300584
2025/02/22 20:21:18 UTC,622616386
2025/09/03 10:39:36 UTC,575422494
2025/10/07 13:37:56 UTC,647697194
2025/09/03 10:39:46 UTC,575422494
2025/08/03 16:07:02 UTC,449454476
2025/09/03 10:39:46 UTC,575422494
2025/08/03 20:42:06 UTC,631681716
2024/11/03 13:01:36 UTC,461322276
2026/01/15 13:09:30 UTC,647715984
2024/11/03 13:01:40 UTC,461322276
2025/06/11 19:46:21 UTC,561461204
2024/11/03 13:02:30 UTC,461322276
2024/11/11 21:36:50 UTC,449954766
2025/08/13 04:36:51 UTC,797867426
2025/06/11 19:44:23 UTC,561461204
2025/08/13 04:36:57 UTC,797867426
2025/06/11 19:46:20 UTC,561461204
2025/09/28 21:15:30 UTC,875538206
2025/06/11 19:46:58 UTC,561461204
2025/09/28 21:18:14 UTC,875538206
2025/06/11 19:46:59 UTC,561461204
2025/08/07 20:29:22 UTC,746555723
2025/08/29 22:11:11 UTC,647715984
2025/08/08 02:26:04 UTC,743295256
2025/07/03 18:05:08 UTC,627055486
2025/07/29 02:16:35 UTC,712478634
2025/03/10 22:30:04 UTC,611522036
2025/07/29 02:16:55 UTC,712478634
2025/10/16 01:18:35 UTC,716885573
2025/07/29 02:17:07 UTC,712478634
2025/10/16 01:18:36 UTC,716885573
2025/07/29 02:17:20 UTC,712478634
2025/08/17 16:42:55 UTC,754791596
2025/09/16 03:58:38 UTC,145111864
2025/08/17 16:43:12 UTC,754791596
2025/09/16 05:08:49 UTC,688613173
2025/06/15 04:25:05 UTC,715485756
2025/06/15 04:25:12 UTC,715485756
2025/06/15 04:25:13 UTC,715485756
2025/06/15 04:25:42 UTC,715485756
2025/06/15 04:26:21 UTC,715485756
2025/06/15 04:26:38 UTC,715485756
