Date,Link
2026-08-29 02:59:58,https://www.linkedin.com/feed/update/urn%3Ali%3Aactivity%3A7499299783455666176
2026-08-28 20:56:48,https://www.linkedin.com/feed/update/urn%3Ali%3Aactivity%3A7499208390385086464
2026-08-28 17:14:22,https://www.linkedin.com/feed/update/urn%3Ali%3Aactivity%3A7499152413342425088
2026-08-28 17:14:08,https://www.linkedin.com/feed/update/urn%3Ali%3Aactivity%3A7499152352827006976
2026-08-28 14:45:08,https://www.linkedin.com/feed/update/urn%3Ali%3Aactivity%3A7499114854386028544
2026-08-28 14:44:52,https://www.linkedin.com/feed/update/urn%3Ali%3Aactivity%3A7499114789038772224
2026-08-28 04:38:17,https://www.linkedin.com/feed/update/urn%3Ali%3Aactivity%3A7498962139089592320
2026-08-28 01:38:09,https://www.linkedin.com/feed/update/urn%3Ali%3Aactivity%3A7498916804312911872
2026-08-26 16:59:05,https://www.linkedin.com/feed/update/urn%3Ali%3Aactivity%3A7498423791396720640
2026-08-26 16:34:54,https://www.linkedin.com/feed/update/urn%3Ali%3Aactivity%3A7498417703280390144
2026-08-26 16:33:22,https://www.linkedin.com/feed/update/urn%3Ali%3Aactivity%3A7498417317526298624
2026-08-26 15:44:07,https://www.linkedin.com/feed/update/urn%3Ali%3Aactivity%3A7498404925865910272
2026-08-26 15:18:48,https://www.linkedin.com/feed/update/urn%3Ali%3Aactivity%3A7498398554227642368
2026-08-26 15:18:23,https://www.linkedin.com/feed/update/urn%3Ali%3Aactivity%3A7498398449168613377
2026-08-26 15:17:46,https://www.linkedin.com/feed/update/urn%3Ali%3Aactivity%3A7498398291735375872
2026-08-26 08:49:04,https://www.linkedin.com/feed/update/urn%3Ali%3Aactivity%3A7498300475348480000
2026-08-26 08:48:52,https://www.linkedin.com/feed/update/urn%3Ali%3Aactivity%3A7498300424798547969
2026-08-26 06:37:14,https://www.linkedin.com/feed/update/urn%3Ali%3Aactivity%3A7498267297480855552
2026-08-25 18:25:52,https://www.linkedin.com/feed/update/urn%3Ali%3Aactivity%3A7498083241686409216
2026-08-25 03:22:19,https://www.linkedin.com/feed/update/urn%3Ali%3Aactivity%3A7497855857964257280
2026-08-25 02:22:06,https://www.linkedin.com/feed/update/urn%3Ali%3Aactivity%3A7497840700827324416
2026-08-25 02:20:14,https://www.linkedin.com/feed/update/urn%3Ali%3Aactivity%3A7497840230201184257
2026-08-25 00:46:44,https://www.linkedin.com/feed/update/urn%3Ali%3Aactivity%3A7497816702773178368
2026-08-24 21:37:43,https://www.linkedin.com/feed/update/urn%3Ali%3Aactivity%3A7497769133174996992
2026-08-24 20:49:50,https://www.linkedin.com/feed/update/urn%3Ali%3Aactivity%3A7497757084365684736
2026-08-24 20:49:39,https://www.linkedin.com/feed/update/urn%3Ali%3Aactivity%3A7497757039998324736
2026-08-24 16:58:16,https://www.linkedin.com/feed/update/urn%3Ali%3Aactivity%3A7497698810828333056
2026-08-24 16:43:00,https://www.linkedin.com/feed/update/urn%3Ali%3Aactivity%3A7497694964731039744
2026-08-24 06:17:22,https://www.linkedin.com/feed/update/urn%3Ali%3Aactivity%3A7497537518926757889
2026-08-24 06:14:10,https://www.linkedin.com/feed/update/urn%3Ali%3Aactivity%3A7497536714555420672
2026-08-24 06:11:48,https://www.linkedin.com/feed/update/urn%3Ali%3Aactivity%3A7497536120570802176
2026-08-24 04:44:18,https://www.linkedin.com/feed/update/urn%3Ali%3Aactivity%3A7497514099459698688
2026-08-24 04:41:38,https://www.linkedin.com/feed/update/urn%3Ali%3Aactivity%3A7497513428631113728
2026-08-24 04:38:54,https://www.linkedin.com/feed/update/urn%3Ali%3Aactivity%3A7497512741625061377
2026-08-24 03:02:46,https://www.linkedin.com/feed/update/urn%3Ali%3Aactivity%3A7497488547386376192
2026-08-24 03:00:09,https://www.linkedin.com/feed/update/urn%3Ali%3Aactivity%3A7497487889455267840
2026-08-24 02:57:00,https://www.linkedin.com/feed/update/urn%3Ali%3Aactivity%3A7497487098212401152
2026-08-23 05:28:40,https://www.linkedin.com/feed/update/urn%3Ali%3Aactivity%3A7497162877930418176
2026-08-23 05:28:12,https://www.linkedin.com/feed/update/urn%3Ali%3Aactivity%3A7497162757985824769
2026-08-22 20:01:07,https://www.linkedin.com/feed/update/urn%3Ali%3Aactivity%3A7497020049535197184
2026-08-22 19:23:34,https://www.linkedin.com/feed/update/urn%3Ali%3Aactivity%3A7497010598317051904
2026-08-22 19:21:47,https://www.linkedin.com/feed/update/urn%3Ali%3Aactivity%3A7497010148658335744
2026-08-22 19:20:40,https://www.linkedin.com/feed/update/urn%3Ali%3Aactivity%3A7497009869951029248
2026-08-21 04:55:06,https://www.linkedin.com/feed/update/urn%3Ali%3Aactivity%3A7496429652287074304
2026-08-20 22:14:21,https://www.linkedin.com/feed/update/urn%3Ali%3Aactivity%3A7496328803284320256
2026-08-20 21:19:04,https://www.linkedin.com/feed/update/urn%3Ali%3Aactivity%3A7496314891486547968
2026-08-20 08:04:42,https://www.linkedin.com/feed/update/urn%3Ali%3Aactivity%3A7496114980346400768
2026-08-20 08:00:36,https://www.linkedin.com/feed/update/urn%3Ali%3Aactivity%3A7496113947775889408
2026-08-20 07:07:44,https://www.linkedin.com/feed/update/urn%3Ali%3Aactivity%3A7496100645280669696
2026-08-20 07:06:53,https://www.linkedin.com/feed/update/urn%3Ali%3Aactivity%3A7496100429274034176
2026-08-20 04:34:47,https://www.linkedin.com/feed/update/urn%3Ali%3Aactivity%3A7496062155549548544
2026-08-20 01:57:46,https://www.linkedin.com/feed/update/urn%3Ali%3Aactivity%3A7496022638016880640
2026-08-20 00:09:07,https://www.linkedin.com/feed/update/urn%3Ali%3Aactivity%3A7495995295579664385
2026-08-19 18:26:08,https://www.linkedin.com/feed/update/urn%3Ali%3Aactivity%3A7495908979840008192
2026-08-19 05:26:23,https://www.linkedin.com/feed/update/urn%3Ali%3Aactivity%3A7495712751265275904
2026-08-18 20:59:13,https://www.linkedin.com/feed/update/urn%3Ali%3Aactivity%3A7495585118250524672
2026-08-18 19:09:33,https://www.linkedin.com/feed/update/urn%3Ali%3Aactivity%3A7495557520233594880
2026-08-18 16:44:19,https://www.linkedin.com/feed/update/urn%3Ali%3Aactivity%3A7495520971924180994
2026-08-18 16:30:52,https://www.linkedin.com/feed/update/urn%3Ali%3Aactivity%3A7495517586084802560
2026-08-18 15:54:46,https://www.linkedin.com/feed/update/urn%3Ali%3Aactivity%3A7495508501423693824
2026-08-18 10:57:59,https://www.linkedin.com/feed/update/urn%3Ali%3Aactivity%3A7495433813838295040
2026-08-17 08:49:11,https://www.linkedin.com/feed/update/urn%3Ali%3Aactivity%3A7495039013767077888
2026-08-17 02:21:07,https://www.linkedin.com/feed/update/urn%3Ali%3Aactivity%3A7494941350098939904
2026-08-17 02:20:44,https://www.linkedin.com/feed/update/urn%3Ali%3Aactivity%3A7494941257081827328
2026-08-16 22:25:15,https://www.linkedin.com/feed/update/urn%3Ali%3Aactivity%3A7494881994506436608
2026-08-15 09:13:26,https://www.linkedin.com/feed/update/urn%3Ali%3Aactivity%3A7494320339267792896
2026-08-14 12:51:59,https://www.linkedin.com/feed/update/urn%3Ali%3Aactivity%3A7494012948953071616
2026-08-14 01:52:33,https://www.linkedin.com/feed/update/urn%3Ali%3Aactivity%3A7493846999616663552
2026-08-14 01:52:01,https://www.linkedin.com/feed/update/urn%3Ali%3Aactivity%3A7493846864362897408
2026-08-14 01:51:43,https://www.linkedin.com/feed/update/urn%3Ali%3Aactivity%3A7493846788949413888
2026-08-13 21:47:04,https://www.linkedin.com/feed/update/urn%3Ali%3Aactivity%3A7493785220245098496
2026-08-13 00:50:27,https://www.linkedin.com/feed/update/urn%3Ali%3Aactivity%3A7493468982524452866
2026-08-13 00:50:10,https://www.linkedin.com/feed/update/urn%3Ali%3Aactivity%3A7493468912379047936
2026-08-12 16:24:58,https://www.linkedin.com/feed/update/urn%3Ali%3Aactivity%3A7493341775940472832
2026-08-12 16:24:29,https://www.linkedin.com/feed/update/urn%3Ali%3Aactivity%3A7493341654532362240
2026-08-12 02:08:38,https://www.linkedin.com/feed/update/urn%3Ali%3Aactivity%3A7493126271967576064
2026-08-12 02:06:31,https://www.linkedin.com/feed/update/urn%3Ali%3Aactivity%3A7493125739584786432
2026-08-11 22:41:21,https://www.linkedin.com/feed/update/urn%3Ali%3Aactivity%3A7493074104221261825
2026-08-10 23:40:59,https://www.linkedin.com/feed/update/urn%3Ali%3Aactivity%3A7492726725903007744
2026-08-10 23:38:37,https://www.linkedin.com/feed/update/urn%3Ali%3Aactivity%3A7492726130618130432
2026-08-10 22:23:21,https://www.linkedin.com/feed/update/urn%3Ali%3Aactivity%3A7492707190428860416
2026-08-10 21:29:09,https://www.linkedin.com/feed/update/urn%3Ali%3Aactivity%3A7492693547905646592
2026-08-10 21:27:43,https://www.linkedin.com/feed/update/urn%3Ali%3Aactivity%3A7492693189330640898
2026-08-10 00:11:01,https://www.linkedin.com/feed/update/urn%3Ali%3Aactivity%3A7492371897205051393
2026-08-09 02:28:21,https://www.linkedin.com/feed/update/urn%3Ali%3Aactivity%3A7492044067422294016
2026-08-09 01:51:58,https://www.linkedin.com/feed/update/urn%3Ali%3Aactivity%3A7492034913924272128
2026-08-08 05:04:16,https://www.linkedin.com/feed/update/urn%3Ali%3Aactivity%3A7491720918252081152
2026-08-08 04:25:56,https://www.linkedin.com/feed/update/urn%3Ali%3Aactivity%3A7491711271831269376
2026-08-08 04:25:17,https://www.linkedin.com/feed/update/urn%3Ali%3Aactivity%3A7491711109939466240
2026-08-08 04:15:21,https://www.linkedin.com/feed/update/urn%3Ali%3Aactivity%3A7491708606707412992
2026-08-08 03:53:16,https://www.linkedin.com/feed/update/urn%3Ali%3Aactivity%3A7491703050894675968
2026-08-08 03:52:33,https://www.linkedin.com/feed/update/urn%3Ali%3Aactivity%3A7491702870740754432
2026-08-08 03:51:43,https://www.linkedin.com/feed/update/urn%3Ali%3Aactivity%3A7491702662459977728
2026-08-07 18:59:36,https://www.linkedin.com/feed/update/urn%3Ali%3Aactivity%3A7491568748810670080
2026-08-07 15:59:54,https://www.linkedin.com/feed/update/urn%3Ali%3Aactivity%3A7491523526995341312
2026-08-07 05:13:59,https://www.linkedin.com/feed/update/urn%3Ali%3Aactivity%3A7491360976647356416
2026-08-07 05:13:45,https://www.linkedin.com/feed/update/urn%3Ali%3Aactivity%3A7491360916752666624
2026-08-07 04:32:31,https://www.linkedin.com/feed/update/urn%3Ali%3Aactivity%3A7491350539457187840
2026-08-06 15:55:10,https://www.linkedin.com/feed/update/urn%3Ali%3Aactivity%3A7491159946957377536
2026-08-06 13:36:07,https://www.linkedin.com/feed/update/urn%3Ali%3Aactivity%3A7491124954826948608
2026-08-06 12:22:02,https://www.linkedin.com/feed/update/urn%3Ali%3Aactivity%3A7491106309799583744
2026-08-06 12:21:10,https://www.linkedin.com/feed/update/urn%3Ali%3Aactivity%3A7491106094371471360
2026-08-06 12:20:18,https://www.linkedin.com/feed/update/urn%3Ali%3Aactivity%3A7491105873772109824
2026-08-06 05:53:01,https://www.linkedin.com/feed/update/urn%3Ali%3Aactivity%3A7491008411548147712
2026-08-06 04:54:01,https://www.linkedin.com/feed/update/urn%3Ali%3Aactivity%3A7490993565385248768
2026-08-04 20:24:53,https://www.linkedin.com/feed/update/urn%3Ali%3Aactivity%3A7490503046968274944
2026-08-04 18:51:28,https://www.linkedin.com/feed/update/urn%3Ali%3Aactivity%3A7490479539803021315
2026-08-04 18:29:01,https://www.linkedin.com/feed/update/urn%3Ali%3Aactivity%3A7490473891442606080
2026-08-04 04:09:19,https://www.linkedin.com/feed/update/urn%3Ali%3Aactivity%3A7490257537318158336
2026-08-04 00:05:42,https://www.linkedin.com/feed/update/urn%3Ali%3Aactivity%3A7490196231126732801
2026-08-03 23:39:10,https://www.linkedin.com/feed/update/urn%3Ali%3Aactivity%3A7490189554075770880
2026-08-03 04:11:46,https://www.linkedin.com/feed/update/urn%3Ali%3Aactivity%3A7489895766581235712
2026-08-02 18:52:28,https://www.linkedin.com/feed/update/urn%3Ali%3Aactivity%3A7489755015029485568
2026-08-02 14:54:24,https://www.linkedin.com/feed/update/urn%3Ali%3Aactivity%3A7489695103104495616
2026-08-02 13:57:57,https://www.linkedin.com/feed/update/urn%3Ali%3Aactivity%3A7489680898729365504
2026-07-31 21:17:32,https://www.linkedin.com/feed/update/urn%3Ali%3Aactivity%3A7489066746276966400
2026-07-29 04:08:44,https://www.linkedin.com/feed/update/urn%3Ali%3Aactivity%3A7488083066599546880
2026-07-27 08:57:56,https://www.linkedin.com/feed/update/urn%3Ali%3Aactivity%3A7487431068686381056
2026-07-27 08:21:13,https://www.linkedin.com/feed/update/urn%3Ali%3Aactivity%3A7487421829318365184
2026-07-27 03:57:13,https://www.linkedin.com/feed/update/urn%3Ali%3Aactivity%3A7487355392579035136
2026-07-27 03:16:43,https://www.linkedin.com/feed/update/urn%3Ali%3Aactivity%3A7487345199195578368
2026-07-27 03:04:50,https://www.linkedin.com/feed/update/urn%3Ali%3Aactivity%3A7487342208552148992
2026-07-27 01:05:04,https://www.linkedin.com/feed/update/urn%3Ali%3Aactivity%3A7487312066324656128
2026-07-26 06:36:58,https://www.linkedin.com/feed/update/urn%3Ali%3Aactivity%3A7487033205297086464
2026-07-26 05:34:50,https://www.linkedin.com/feed/update/urn%3Ali%3Aactivity%3A7487017570114617344
2026-07-25 16:30:54,https://www.linkedin.com/feed/update/urn%3Ali%3Aactivity%3A7486820286147866625
2026-07-25 16:30:33,https://www.linkedin.com/feed/update/urn%3Ali%3Aactivity%3A7486820197257895937
2026-07-25 16:29:49,https://www.linkedin.com/feed/update/urn%3Ali%3Aactivity%3A7486820012532359168
2026-07-25 01:12:48,https://www.linkedin.com/feed/update/urn%3Ali%3Aactivity%3A7486589238193344512
2026-07-24 23:57:52,https://www.linkedin.com/feed/update/urn%3Ali%3Aactivity%3A7486570382834151424
2026-07-24 15:45:26,https://www.linkedin.com/feed/update/urn%3Ali%3Aactivity%3A7486446456917377025
2026-07-23 23:35:36,https://www.linkedin.com/feed/update/urn%3Ali%3Aactivity%3A7486202387368394752
2026-07-23 02:04:50,https://www.linkedin.com/feed/update/urn%3Ali%3Aactivity%3A7485877556781658112
2026-07-22 17:45:04,https://www.linkedin.com/feed/update/urn%3Ali%3Aactivity%3A7485751786407043072
2026-07-22 12:51:10,https://www.linkedin.com/feed/update/urn%3Ali%3Aactivity%3A7485677823597178880
2026-07-20 20:19:29,https://www.linkedin.com/feed/update/urn%3Ali%3Aactivity%3A7485065872928280576
2026-07-19 21:22:33,https://www.linkedin.com/feed/update/urn%3Ali%3Aactivity%3A7484719355423875072
2026-07-18 06:35:44,https://www.linkedin.com/feed/update/urn%3Ali%3Aactivity%3A7484133790932475904
2026-07-18 06:35:35,https://www.linkedin.com/feed/update/urn%3Ali%3Aactivity%3A7484133753494134785
2026-07-15 17:38:07,https://www.linkedin.com/feed/update/urn%3Ali%3Aactivity%3A7483213324436852737
2026-07-15 16:01:57,https://www.linkedin.com/feed/update/urn%3Ali%3Aactivity%3A7483189121142910976
2026-07-10 02:02:02,https://www.linkedin.com/feed/update/urn%3Ali%3Aactivity%3A7481165808191074304
2026-07-07 13:04:55,https://www.linkedin.com/feed/update/urn%3Ali%3Aactivity%3A7480245468610875392
2026-07-07 13:04:19,https://www.linkedin.com/feed/update/urn%3Ali%3Aactivity%3A7480245317129605120
2026-07-06 06:44:47,https://www.linkedin.com/feed/update/urn%3Ali%3Aactivity%3A7479787414496927744
2026-07-06 06:44:26,https://www.linkedin.com/feed/update/urn%3Ali%3Aactivity%3A7479787327783858177
2026-07-05 14:05:58,https://www.linkedin.com/feed/update/urn%3Ali%3Aactivity%3A7479536055956688896
2026-07-05 00:23:58,https://www.linkedin.com/feed/update/urn%3Ali%3Aactivity%3A7479329190761308160
2026-07-04 18:47:14,https://www.linkedin.com/feed/update/urn%3Ali%3Aactivity%3A7479244449987010560
2026-07-01 03:48:59,https://www.linkedin.com/feed/update/urn%3Ali%3Aactivity%3A7477931236359847936
2026-06-29 22:39:24,https://www.linkedin.com/feed/update/urn%3Ali%3Aactivity%3A7477490936826974210
2026-06-29 06:40:43,https://www.linkedin.com/feed/update/urn%3Ali%3Aactivity%3A7477249677952823296
2026-06-29 06:38:28,https://www.linkedin.com/feed/update/urn%3Ali%3Aactivity%3A7477249109553451008
2026-06-27 09:01:16,https://www.linkedin.com/feed/update/urn%3Ali%3Aactivity%3A7476560270350364672
2026-06-27 08:55:21,https://www.linkedin.com/feed/update/urn%3Ali%3Aactivity%3A7476558783905755136
2026-06-26 19:02:34,https://www.linkedin.com/feed/update/urn%3Ali%3Aactivity%3A7476349205230284800
2026-06-25 18:39:24,https://www.linkedin.com/feed/update/urn%3Ali%3Aactivity%3A7475980986703519744
2026-06-25 18:38:47,https://www.linkedin.com/feed/update/urn%3Ali%3Aactivity%3A7475980831715483648
2026-06-25 18:01:05,https://www.linkedin.com/feed/update/urn%3Ali%3Aactivity%3A7475971343117672449
2026-06-25 06:35:35,https://www.linkedin.com/feed/update/urn%3Ali%3Aactivity%3A7475798832979566594
2026-06-23 05:54:33,https://www.linkedin.com/feed/update/urn%3Ali%3Aactivity%3A7475063731065081856
2026-06-23 05:54:22,https://www.linkedin.com/feed/update/urn%3Ali%3Aactivity%3A7475063683455344640
2026-06-23 05:53:39,https://www.linkedin.com/feed/update/urn%3Ali%3Aactivity%3A7475063505528745984
2026-06-23 05:53:25,https://www.linkedin.com/feed/update/urn%3Ali%3Aactivity%3A7475063447513100288
2026-06-17 03:35:53,https://www.linkedin.com/feed/update/urn%3Ali%3Aactivity%3A7472854505802334208
2026-06-17 03:35:29,https://www.linkedin.com/feed/update/urn%3Ali%3Aactivity%3A7472854406456049666
2026-06-05 18:35:58,https://www.linkedin.com/feed/update/urn%3Ali%3Aactivity%3A7468732368346955778
2026-05-29 21:44:39,https://www.linkedin.com/feed/update/urn%3Ali%3Aactivity%3A7466243134218350592
2026-05-29 21:41:23,https://www.linkedin.com/feed/update/urn%3Ali%3Aactivity%3A7466242313640644608
2026-05-29 20:31:13,https://www.linkedin.com/feed/update/urn%3Ali%3Aactivity%3A7466224653435604992
2026-05-28 18:35:28,https://www.linkedin.com/feed/update/urn%3Ali%3Aactivity%3A7465833137105899520
2026-05-28 17:37:36,https://www.linkedin.com/feed/update/urn%3Ali%3Aactivity%3A7465818575069573122
2026-05-21 14:48:10,https://www.linkedin.com/feed/update/urn%3Ali%3Aactivity%3A7463239220661243905
2026-05-21 14:47:56,https://www.linkedin.com/feed/update/urn%3Ali%3Aactivity%3A7463239160951279616
2026-05-19 21:34:36,https://www.linkedin.com/feed/update/urn%3Ali%3Aactivity%3A7462616728376885248
2026-05-15 05:06:48,https://www.linkedin.com/feed/update/urn%3Ali%3Aactivity%3A7460918588779130882
2026-05-12 04:20:55,https://www.linkedin.com/feed/update/urn%3Ali%3Aactivity%3A7459819878686990336
2026-05-12 04:19:40,https://www.linkedin.com/feed/update/urn%3Ali%3Aactivity%3A7459819564734914560
2026-05-12 04:06:13,https://www.linkedin.com/feed/update/urn%3Ali%3Aactivity%3A7459816179763769344
2026-05-08 05:09:55,https://www.linkedin.com/feed/update/urn%3Ali%3Aactivity%3A7458382657119494144
2026-05-08 05:08:40,https://www.linkedin.com/feed/update/urn%3Ali%3Aactivity%3A7458382343783763968
2026-05-08 05:07:58,https://www.linkedin.com/feed/update/urn%3Ali%3Aactivity%3A7458382165685329921
2026-05-08 00:17:37,https://www.linkedin.com/feed/update/urn%3Ali%3Aactivity%3A7458309098040766464
2026-05-06 23:58:55,https://www.linkedin.com/feed/update/urn%3Ali%3Aactivity%3A7457942003071336448
2026-05-06 22:21:14,https://www.linkedin.com/feed/update/urn%3Ali%3Aactivity%3A7457917421920751616
2026-05-05 17:48:03,https://www.linkedin.com/feed/update/urn%3Ali%3Aactivity%3A7457486283003572224
2026-05-05 16:04:52,https://www.linkedin.com/feed/update/urn%3Ali%3Aactivity%3A7457460315052687362
2026-05-05 16:03:10,https://www.linkedin.com/feed/update/urn%3Ali%3Aactivity%3A7457459889515421696
2026-05-05 15:29:11,https://www.linkedin.com/feed/update/urn%3Ali%3Aactivity%3A7457451337455263744
2026-05-04 06:35:08,https://www.linkedin.com/feed/update/urn%3Ali%3Aactivity%3A7456954550109802496
2026-04-30 23:55:05,https://www.linkedin.com/feed/update/urn%3Ali%3Aactivity%3A7455766712899084288
2026-04-27 15:02:16,https://www.linkedin.com/feed/update/urn%3Ali%3Aactivity%3A7454545459211157504
2026-04-27 12:08:01,https://www.linkedin.com/feed/update/urn%3Ali%3Aactivity%3A7454501610334081024
2026-04-26 00:46:50,https://www.linkedin.com/feed/update/urn%3Ali%3Aactivity%3A7453967797078073344
2026-04-25 05:49:52,https://www.linkedin.com/feed/update/urn%3Ali%3Aactivity%3A7453681668097200128
2026-04-21 09:40:36,https://www.linkedin.com/feed/update/urn%3Ali%3Aactivity%3A7452290182613209088
2026-04-19 08:37:42,https://www.linkedin.com/feed/update/urn%3Ali%3Aactivity%3A7451549578270523392
2026-04-19 08:23:03,https://www.linkedin.com/feed/update/urn%3Ali%3Aactivity%3A7451545890772901888
2026-04-19 08:12:31,https://www.linkedin.com/feed/update/urn%3Ali%3Aactivity%3A7451543239565778944
2026-04-19 08:08:23,https://www.linkedin.com/feed/update/urn%3Ali%3Aactivity%3A7451542199638605824
2026-04-19 01:55:42,https://www.linkedin.com/feed/update/urn%3Ali%3Aactivity%3A7451448412945715201
2026-04-19 00:18:28,https://www.linkedin.com/feed/update/urn%3Ali%3Aactivity%3A7451423943032352768
2026-04-18 22:23:52,https://www.linkedin.com/feed/update/urn%3Ali%3Aactivity%3A7451395103258021888
2026-04-18 17:16:27,https://www.linkedin.com/feed/update/urn%3Ali%3Aactivity%3A7451317737177497600
2026-04-18 03:41:15,https://www.linkedin.com/feed/update/urn%3Ali%3Aactivity%3A7451112586424758272
2026-04-18 01:38:55,https://www.linkedin.com/feed/update/urn%3Ali%3Aactivity%3A7451081798383710208
2026-04-17 19:32:02,https://www.linkedin.com/feed/update/urn%3Ali%3Aactivity%3A7450989470608453632
2026-04-17 19:14:15,https://www.linkedin.com/feed/update/urn%3Ali%3Aactivity%3A7450984993763295233
2026-04-16 18:49:36,https://www.linkedin.com/feed/update/urn%3Ali%3Aactivity%3A7450616405978259456
2026-04-15 08:21:27,https://www.linkedin.com/feed/update/urn%3Ali%3Aactivity%3A7450095938557091840
2026-04-15 08:00:18,https://www.linkedin.com/feed/update/urn%3Ali%3Aactivity%3A7450090613678440448
2026-04-14 21:40:15,https://www.linkedin.com/feed/update/urn%3Ali%3Aactivity%3A7449934575260028928
2026-04-14 15:41:42,https://www.linkedin.com/feed/update/urn%3Ali%3Aactivity%3A7449844340572467201
2026-04-14 15:18:11,https://www.linkedin.com/feed/update/urn%3Ali%3Aactivity%3A7449838424519507970
2026-04-14 03:28:30,https://www.linkedin.com/feed/update/urn%3Ali%3Aactivity%3A7449659827812741120
2026-04-14 03:28:08,https://www.linkedin.com/feed/update/urn%3Ali%3Aactivity%3A7449659731914416128
2026-04-11 14:23:36,https://www.linkedin.com/feed/update/urn%3Ali%3Aactivity%3A7448737524413509632
2026-04-10 21:16:55,https://www.linkedin.com/feed/update/urn%3Ali%3Aactivity%3A7448479148995420160
2026-04-09 04:38:39,https://www.linkedin.com/feed/update/urn%3Ali%3Aactivity%3A7447865542280904704
2026-04-07 15:48:52,https://www.linkedin.com/feed/update/urn%3Ali%3Aactivity%3A7447309429235957760
2026-04-03 00:48:27,https://www.linkedin.com/feed/update/urn%3Ali%3Aactivity%3A7445633282618302464
2026-03-30 14:45:11,https://www.linkedin.com/feed/update/urn%3Ali%3Aactivity%3A7444394301448646658
2026-03-29 04:32:30,https://www.linkedin.com/feed/update/urn%3Ali%3Aactivity%3A7443877724559167488
2026-03-29 01:51:49,https://www.linkedin.com/feed/update/urn%3Ali%3Aactivity%3A7443837289551736832
2026-03-29 01:35:28,https://www.linkedin.com/feed/update/urn%3Ali%3Aactivity%3A7443833173215727616
2026-03-28 03:05:02,https://www.linkedin.com/feed/update/urn%3Ali%3Aactivity%3A7443493328257650689
2026-03-28 02:42:25,https://www.linkedin.com/feed/update/urn%3Ali%3Aactivity%3A7443487633353392128
2026-03-27 15:05:18,https://www.linkedin.com/feed/update/urn%3Ali%3Aactivity%3A7443312201806901249
2026-03-26 22:08:01,https://www.linkedin.com/feed/update/urn%3Ali%3Aactivity%3A7443056191892623360
2026-03-26 17:47:58,https://www.linkedin.com/feed/update/urn%3Ali%3Aactivity%3A7442990746749644800
2026-03-26 15:11:01,https://www.linkedin.com/feed/update/urn%3Ali%3Aactivity%3A7442951252063203329
2026-03-26 11:16:49,https://www.linkedin.com/feed/update/urn%3Ali%3Aactivity%3A7442892311530725376
2026-03-26 11:14:37,https://www.linkedin.com/feed/update/urn%3Ali%3Aactivity%3A7442891759791095808
2026-03-22 03:11:32,https://www.linkedin.com/feed/update/urn%3Ali%3Aactivity%3A7441320634791481344
2026-03-22 01:51:33,https://www.linkedin.com/feed/update/urn%3Ali%3Aactivity%3A7441300507689861122
2026-03-20 10:32:04,https://www.linkedin.com/feed/update/urn%3Ali%3Aactivity%3A7440706723499356160
2026-03-17 07:10:30,https://www.linkedin.com/feed/update/urn%3Ali%3Aactivity%3A7439568833964625920
2026-03-14 20:24:26,https://www.linkedin.com/feed/update/urn%3Ali%3Aactivity%3A7438681471667621888
2026-03-13 19:20:01,https://www.linkedin.com/feed/update/urn%3Ali%3Aactivity%3A7438302871533748224
2026-03-13 17:35:11,https://www.linkedin.com/feed/update/urn%3Ali%3Aactivity%3A7438276488589848576
2026-03-13 11:09:02,https://www.linkedin.com/feed/update/urn%3Ali%3Aactivity%3A7438179311339081728
2026-03-12 13:01:11,https://www.linkedin.com/feed/update/urn%3Ali%3Aactivity%3A7437845147540881408
2026-03-12 12:35:05,https://www.linkedin.com/feed/update/urn%3Ali%3Aactivity%3A7437838576983207936
2026-03-12 11:32:06,https://www.linkedin.com/feed/update/urn%3Ali%3Aactivity%3A7437822727148851202
2026-03-12 11:25:17,https://www.linkedin.com/feed/update/urn%3Ali%3Aactivity%3A7437821012362186753
2026-03-12 10:51:09,https://www.linkedin.com/feed/update/urn%3Ali%3Aactivity%3A7437812423878873088
2026-03-12 03:25:10,https://www.linkedin.com/feed/update/urn%3Ali%3Aactivity%3A7437700187168423938
2026-03-12 02:06:20,https://www.linkedin.com/feed/update/urn%3Ali%3Aactivity%3A7437680346940399616
2026-03-11 05:26:33,https://www.linkedin.com/feed/update/urn%3Ali%3Aactivity%3A7437368345688948736
2026-03-11 05:25:29,https://www.linkedin.com/feed/update/urn%3Ali%3Aactivity%3A7437368080210493440
2026-03-11 02:28:47,https://www.linkedin.com/feed/update/urn%3Ali%3Aactivity%3A7437323610278580224
2026-03-08 23:58:05,https://www.linkedin.com/feed/update/urn%3Ali%3Aactivity%3A7436560910971981824
2026-03-02 04:33:38,https://www.linkedin.com/feed/update/urn%3Ali%3Aactivity%3A7434093541288767489
2026-02-28 21:00:15,https://www.linkedin.com/feed/update/urn%3Ali%3Aactivity%3A7433617052722147328
2026-02-26 10:36:55,https://www.linkedin.com/feed/update/urn%3Ali%3Aactivity%3A7432735411501936641
2026-02-25 03:57:36,https://www.linkedin.com/feed/update/urn%3Ali%3Aactivity%3A7432272532734484480
2026-02-24 19:47:33,https://www.linkedin.com/feed/update/urn%3Ali%3Aactivity%3A7432149204569063425
2026-02-23 22:04:33,https://www.linkedin.com/feed/update/urn%3Ali%3Aactivity%3A7431821295597576192
2026-02-23 19:47:17,https://www.linkedin.com/feed/update/urn%3Ali%3Aactivity%3A7431786750748024834
2026-02-23 09:53:52,https://www.linkedin.com/feed/update/urn%3Ali%3Aactivity%3A7431637414063824896
2026-02-23 09:35:33,https://www.linkedin.com/feed/update/urn%3Ali%3Aactivity%3A7431632805912203264
2026-02-23 08:57:41,https://www.linkedin.com/feed/update/urn%3Ali%3Aactivity%3A7431623273051881472
2026-02-23 08:05:46,https://www.linkedin.com/feed/update/urn%3Ali%3Aactivity%3A7431610209061486592
2026-02-23 07:04:16,https://www.linkedin.com/feed/update/urn%3Ali%3Aactivity%3A7431594731815710720
2026-02-23 05:23:13,https://www.linkedin.com/feed/update/urn%3Ali%3Aactivity%3A7431569301771337728
2026-02-22 07:57:59,https://www.linkedin.com/feed/update/urn%3Ali%3Aactivity%3A7431245861508251648
2026-02-21 21:18:22,https://www.linkedin.com/feed/update/urn%3Ali%3Aactivity%3A7431084897127112704
2026-02-20 20:50:30,https://www.linkedin.com/feed/update/urn%3Ali%3Aactivity%3A7430715496125136897
2026-02-20 00:44:58,https://www.linkedin.com/feed/update/urn%3Ali%3Aactivity%3A7430412115439661056
2026-02-19 18:58:36,https://www.linkedin.com/feed/update/urn%3Ali%3Aactivity%3A7430324948792942592
2026-02-19 18:30:47,https://www.linkedin.com/feed/update/urn%3Ali%3Aactivity%3A7430317948495491072
2026-02-19 17:55:01,https://www.linkedin.com/feed/update/urn%3Ali%3Aactivity%3A7430308946541780993
2026-02-19 05:26:51,https://www.linkedin.com/feed/update/urn%3Ali%3Aactivity%3A7430120663383932928
2026-02-18 03:25:35,https://www.linkedin.com/feed/update/urn%3Ali%3Aactivity%3A7429727759687483392
2026-02-18 03:24:40,https://www.linkedin.com/feed/update/urn%3Ali%3Aactivity%3A7429727527876866048
2026-02-18 02:45:29,https://www.linkedin.com/feed/update/urn%3Ali%3Aactivity%3A7429717669769056256
2026-02-18 02:29:50,https://www.linkedin.com/feed/update/urn%3Ali%3Aactivity%3A7429713731028262912
2026-02-18 01:40:22,https://www.linkedin.com/feed/update/urn%3Ali%3Aactivity%3A7429701279934791680
2026-02-16 18:53:34,https://www.linkedin.com/feed/update/urn%3Ali%3Aactivity%3A7429236516704661504
2026-02-16 17:56:46,https://www.linkedin.com/feed/update/urn%3Ali%3Aactivity%3A7429222223393128448
2026-02-15 20:51:45,https://www.linkedin.com/feed/update/urn%3Ali%3Aactivity%3A7428903873815162880
2026-02-14 06:02:48,https://www.linkedin.com/feed/update/urn%3Ali%3Aactivity%3A7428317771882725376
2026-02-14 06:01:15,https://www.linkedin.com/feed/update/urn%3Ali%3Aactivity%3A7428317381006909440
2026-02-14 06:00:10,https://www.linkedin.com/feed/update/urn%3Ali%3Aactivity%3A7428317109824184320
2026-02-14 04:05:52,https://www.linkedin.com/feed/update/urn%3Ali%3Aactivity%3A7428288346831065088
2026-02-14 02:39:44,https://www.linkedin.com/feed/update/urn%3Ali%3Aactivity%3A7428266670403678208
2026-02-13 16:25:22,https://www.linkedin.com/feed/update/urn%3Ali%3Aactivity%3A7428112058962874370
2026-02-13 09:09:14,https://www.linkedin.com/feed/update/urn%3Ali%3Aactivity%3A7428002300390019072
2026-02-12 23:46:33,https://www.linkedin.com/feed/update/urn%3Ali%3Aactivity%3A7427860697776267264
2026-02-12 23:07:57,https://www.linkedin.com/feed/update/urn%3Ali%3Aactivity%3A7427850984711782400
2026-02-12 20:39:25,https://www.linkedin.com/feed/update/urn%3Ali%3Aactivity%3A7427813604483076096
2026-02-12 20:23:21,https://www.linkedin.com/feed/update/urn%3Ali%3Aactivity%3A7427809562927378432
2026-02-12 04:15:40,https://www.linkedin.com/feed/update/urn%3Ali%3Aactivity%3A7427566035144249344
2026-02-12 01:39:13,https://www.linkedin.com/feed/update/urn%3Ali%3Aactivity%3A7427526665037348864
2026-02-11 14:12:07,https://www.linkedin.com/feed/update/urn%3Ali%3Aactivity%3A7427353748831735808
2026-02-11 08:11:30,https://www.linkedin.com/feed/update/urn%3Ali%3Aactivity%3A7427262998907461632
2026-02-11 06:17:36,https://www.linkedin.com/feed/update/urn%3Ali%3Aactivity%3A7427234333469470720
2026-02-11 04:39:17,https://www.linkedin.com/feed/update/urn%3Ali%3Aactivity%3A7427209590955679744
2026-02-10 04:23:03,https://www.linkedin.com/feed/update/urn%3Ali%3Aactivity%3A7426843119700226048
2026-02-10 02:41:05,https://www.linkedin.com/feed/update/urn%3Ali%3Aactivity%3A7426817455815270400
2026-02-10 01:15:20,https://www.linkedin.com/feed/update/urn%3Ali%3Aactivity%3A7426795876813025281
2026-02-09 17:12:11,https://www.linkedin.com/feed/update/urn%3Ali%3Aactivity%3A7426674290407796736
2026-02-08 22:28:37,https://www.linkedin.com/feed/update/urn%3Ali%3Aactivity%3A7426391533568028673
2026-02-07 09:11:27,https://www.linkedin.com/feed/update/urn%3Ali%3Aactivity%3A7425828531441655808
2026-02-07 08:56:54,https://www.linkedin.com/feed/update/urn%3Ali%3Aactivity%3A7425824872901103616
2026-02-06 23:16:58,https://www.linkedin.com/feed/update/urn%3Ali%3Aactivity%3A7425678926943019010
2026-02-06 09:18:45,https://www.linkedin.com/feed/update/urn%3Ali%3Aactivity%3A7425467983684198400
2026-02-04 01:54:53,https://www.linkedin.com/feed/update/urn%3Ali%3Aactivity%3A7424631505819406336
2026-02-03 00:18:01,https://www.linkedin.com/feed/update/urn%3Ali%3Aactivity%3A7424244736783179776
2026-02-02 20:10:02,https://www.linkedin.com/feed/update/urn%3Ali%3Aactivity%3A7424182332061958144
2026-02-02 18:45:54,https://www.linkedin.com/feed/update/urn%3Ali%3Aactivity%3A7424161157156106240
2026-02-02 18:45:10,https://www.linkedin.com/feed/update/urn%3Ali%3Aactivity%3A7424160972338216960
2026-02-02 18:44:28,https://www.linkedin.com/feed/update/urn%3Ali%3Aactivity%3A7424160797834129408
2026-02-02 07:19:56,https://www.linkedin.com/feed/update/urn%3Ali%3Aactivity%3A7423988527673282560
2026-02-02 07:19:00,https://www.linkedin.com/feed/update/urn%3Ali%3Aactivity%3A7423988294134325248
2026-02-02 03:44:06,https://www.linkedin.com/feed/update/urn%3Ali%3Aactivity%3A7423934214720643073
2026-02-01 23:31:30,https://www.linkedin.com/feed/update/urn%3Ali%3Aactivity%3A7423870642820857856
2026-01-31 18:03:54,https://www.linkedin.com/feed/update/urn%3Ali%3Aactivity%3A7423425811938004992
2026-01-30 22:35:23,https://www.linkedin.com/feed/update/urn%3Ali%3Aactivity%3A7423131746424139776
2026-01-29 15:05:09,https://www.linkedin.com/feed/update/urn%3Ali%3Aactivity%3A7422656053298806785
2026-01-29 15:04:56,https://www.linkedin.com/feed/update/urn%3Ali%3Aactivity%3A7422655999964164096
2026-01-29 06:00:15,https://www.linkedin.com/feed/update/urn%3Ali%3Aactivity%3A7422518926011555841
2026-01-29 06:00:07,https://www.linkedin.com/feed/update/urn%3Ali%3Aactivity%3A7422518892247330817
2026-01-29 02:42:21,https://www.linkedin.com/feed/update/urn%3Ali%3Aactivity%3A7422469122275393536
2026-01-29 00:39:42,https://www.linkedin.com/feed/update/urn%3Ali%3Aactivity%3A7422438254878093313
2026-01-29 00:39:09,https://www.linkedin.com/feed/update/urn%3Ali%3Aactivity%3A7422438117116166144
2026-01-27 08:22:23,https://www.linkedin.com/feed/update/urn%3Ali%3Aactivity%3A7421829916670713856
2026-01-27 05:43:55,https://www.linkedin.com/feed/update/urn%3Ali%3Aactivity%3A7421790040353239040
2026-01-25 21:06:51,https://www.linkedin.com/feed/update/urn%3Ali%3Aactivity%3A7421297527829770240
2026-01-25 18:38:43,https://www.linkedin.com/feed/update/urn%3Ali%3Aactivity%3A7421260249111781376
2026-01-25 18:38:21,https://www.linkedin.com/feed/update/urn%3Ali%3Aactivity%3A7421260155381604352
2026-01-25 18:37:10,https://www.linkedin.com/feed/update/urn%3Ali%3Aactivity%3A7421259860123529216
2026-01-24 08:34:14,https://www.linkedin.com/feed/update/urn%3Ali%3Aactivity%3A7420745736662704128
2026-01-23 03:45:27,https://www.linkedin.com/feed/update/urn%3Ali%3Aactivity%3A7420310673739505664
2026-01-22 20:11:52,https://www.linkedin.com/feed/update/urn%3Ali%3Aactivity%3A7420196527375192064
2026-01-22 19:19:03,https://www.linkedin.com/feed/update/urn%3Ali%3Aactivity%3A7420183233784492033
2026-01-22 10:33:03,https://www.linkedin.com/feed/update/urn%3Ali%3Aactivity%3A7420050862657572864
2026-01-22 08:14:03,https://www.linkedin.com/feed/update/urn%3Ali%3Aactivity%3A7420015880358772737
2026-01-22 08:11:51,https://www.linkedin.com/feed/update/urn%3Ali%3Aactivity%3A7420015327939575809
2026-01-22 07:24:48,https://www.linkedin.com/feed/update/urn%3Ali%3Aactivity%3A7420003487536771072
2026-01-22 07:24:39,https://www.linkedin.com/feed/update/urn%3Ali%3Aactivity%3A7420003448533803008
2026-01-20 22:39:31,https://www.linkedin.com/feed/update/urn%3Ali%3Aactivity%3A7419508907351465985
2026-01-19 17:55:36,https://www.linkedin.com/feed/update/urn%3Ali%3Aactivity%3A7419075068904800256
2026-01-16 22:47:49,https://www.linkedin.com/feed/update/urn%3Ali%3Aactivity%3A7418061444958715904
2026-01-16 21:40:39,https://www.linkedin.com/feed/update/urn%3Ali%3Aactivity%3A7418044543993929728
2026-01-15 06:20:38,https://www.linkedin.com/feed/update/urn%3Ali%3Aactivity%3A7417450626311192576
2026-01-15 00:35:07,https://www.linkedin.com/feed/update/urn%3Ali%3Aactivity%3A7417363673360556032
2026-01-14 01:11:50,https://www.linkedin.com/feed/update/urn%3Ali%3Aactivity%3A7417010526561669120
2026-01-13 06:12:25,https://www.linkedin.com/feed/update/urn%3Ali%3Aactivity%3A7416723780774973441
2026-01-13 03:04:19,https://www.linkedin.com/feed/update/urn%3Ali%3Aactivity%3A7416676443243433984
2026-01-13 03:03:35,https://www.linkedin.com/feed/update/urn%3Ali%3Aactivity%3A7416676258249428992
2026-01-13 03:02:38,https://www.linkedin.com/feed/update/urn%3Ali%3Aactivity%3A7416676019488751616
2026-01-12 17:41:55,https://www.linkedin.com/feed/update/urn%3Ali%3Aactivity%3A7416534910028402688
2026-01-11 22:29:52,https://www.linkedin.com/feed/update/urn%3Ali%3Aactivity%3A7416244987136376832
2026-01-09 08:20:36,https://www.linkedin.com/feed/update/urn%3Ali%3Aactivity%3A7415306486710501376
2026-01-08 14:58:56,https://www.linkedin.com/feed/update/urn%3Ali%3Aactivity%3A7415044345894076416
2026-01-08 07:02:47,https://www.linkedin.com/feed/update/urn%3Ali%3Aactivity%3A7414924517283909632
2026-01-06 00:21:42,https://www.linkedin.com/feed/update/urn%3Ali%3Aactivity%3A7414098804041232384
2026-01-05 04:57:40,https://www.linkedin.com/feed/update/urn%3Ali%3Aactivity%3A7413805868179238913
2026-01-05 04:57:10,https://www.linkedin.com/feed/update/urn%3Ali%3Aactivity%3A7413805742866231296
2026-01-05 04:20:45,https://www.linkedin.com/feed/update/urn%3Ali%3Aactivity%3A7413796578253037568
2025-12-31 02:16:55,https://www.linkedin.com/feed/update/urn%3Ali%3Aactivity%3A7411953473459613696
2025-12-18 16:58:42,https://www.linkedin.com/feed/update/urn%3Ali%3Aactivity%3A7407464338522877952
2025-12-18 16:10:16,https://www.linkedin.com/feed/update/urn%3Ali%3Aactivity%3A7407452150009597952
2025-12-17 23:39:28,https://www.linkedin.com/feed/update/urn%3Ali%3Aactivity%3A7407202808665407488
2025-12-17 22:53:59,https://www.linkedin.com/feed/update/urn%3Ali%3Aactivity%3A7407191363181694976
2025-12-17 20:41:42,https://www.linkedin.com/feed/update/urn%3Ali%3Aactivity%3A7407158069543096320
2025-12-17 15:29:35,https://www.linkedin.com/feed/update/urn%3Ali%3Aactivity%3A7407079525517414400
2025-12-16 19:11:18,https://www.linkedin.com/feed/update/urn%3Ali%3Aactivity%3A7406772931894267904
2025-12-16 08:18:39,https://www.linkedin.com/feed/update/urn%3Ali%3Aactivity%3A7406608688322568192
2025-12-14 02:25:34,https://www.linkedin.com/feed/update/urn%3Ali%3Aactivity%3A7405795057087225856
2025-12-14 02:24:44,https://www.linkedin.com/feed/update/urn%3Ali%3Aactivity%3A7405794848802455552
2025-12-14 01:19:18,https://www.linkedin.com/feed/update/urn%3Ali%3Aactivity%3A7405778379138007040
2025-12-14 01:18:50,https://www.linkedin.com/feed/update/urn%3Ali%3Aactivity%3A7405778262515159040
2025-12-14 01:17:51,https://www.linkedin.com/feed/update/urn%3Ali%3Aactivity%3A7405778013738434561
2025-12-13 22:52:45,https://www.linkedin.com/feed/update/urn%3Ali%3Aactivity%3A7405741499520499712
2025-12-13 22:43:30,https://www.linkedin.com/feed/update/urn%3Ali%3Aactivity%3A7405739173095174144
2025-12-12 06:49:31,https://www.linkedin.com/feed/update/urn%3Ali%3Aactivity%3A7405136705529421826
2025-12-11 21:45:29,https://www.linkedin.com/feed/update/urn%3Ali%3Aactivity%3A7404999794345201666
2025-12-10 15:42:56,https://www.linkedin.com/feed/update/urn%3Ali%3Aactivity%3A7404546168124301312
2025-12-07 01:46:35,https://www.linkedin.com/feed/update/urn%3Ali%3Aactivity%3A7403248529848074241
2025-12-07 01:27:12,https://www.linkedin.com/feed/update/urn%3Ali%3Aactivity%3A7403243653294702592
2025-11-30 07:21:34,https://www.linkedin.com/feed/update/urn%3Ali%3Aactivity%3A7400796117942112256
2025-11-27 21:46:02,https://www.linkedin.com/feed/update/urn%3Ali%3Aactivity%3A7399926504043782144
2025-11-27 20:54:56,https://www.linkedin.com/feed/update/urn%3Ali%3Aactivity%3A7399913642500210688
2025-11-23 03:04:42,https://www.linkedin.com/feed/update/urn%3Ali%3Aactivity%3A7398194761188196352
2025-11-23 02:47:57,https://www.linkedin.com/feed/update/urn%3Ali%3Aactivity%3A7398190542389534720
2025-11-23 02:46:49,https://www.linkedin.com/feed/update/urn%3Ali%3Aactivity%3A7398190260708466688
2025-11-21 00:14:38,https://www.linkedin.com/feed/update/urn%3Ali%3Aactivity%3A7397427184413470720
2025-11-15 03:18:29,https://www.linkedin.com/feed/update/urn%3Ali%3Aactivity%3A7395299127464611840
2025-11-12 23:33:26,https://www.linkedin.com/feed/update/urn%3Ali%3Aactivity%3A7394517715299995648
2025-11-11 02:04:14,https://www.linkedin.com/feed/update/urn%3Ali%3Aactivity%3A7393830887576072192
2025-11-07 01:54:11,https://www.linkedin.com/feed/update/urn%3Ali%3Aactivity%3A7392378807627743232
2025-11-05 02:43:31,https://www.linkedin.com/feed/update/urn%3Ali%3Aactivity%3A7391666445673353216
2025-10-31 04:19:52,https://www.linkedin.com/feed/update/urn%3Ali%3Aactivity%3A7389878755252592642
2025-10-27 04:26:18,https://www.linkedin.com/feed/update/urn%3Ali%3Aactivity%3A7388430820866256896
2025-10-27 04:24:53,https://www.linkedin.com/feed/update/urn%3Ali%3Aactivity%3A7388430465206181888
2025-10-24 07:30:13,https://www.linkedin.com/feed/update/urn%3Ali%3Aactivity%3A7387389945172131840
2025-10-24 07:29:26,https://www.linkedin.com/feed/update/urn%3Ali%3Aactivity%3A7387389745879769088
2025-10-24 07:28:42,https://www.linkedin.com/feed/update/urn%3Ali%3Aactivity%3A7387389561204776960
2025-10-22 06:00:05,https://www.linkedin.com/feed/update/urn%3Ali%3Aactivity%3A7386642485613121536
2025-10-21 23:24:27,https://www.linkedin.com/feed/update/urn%3Ali%3Aactivity%3A7386542922176847872
2025-10-18 02:23:42,https://www.linkedin.com/feed/update/urn%3Ali%3Aactivity%3A7385138480332333056
2025-10-14 14:40:43,https://www.linkedin.com/feed/update/urn%3Ali%3Aactivity%3A7383874403983421440
2025-10-13 19:02:44,https://www.linkedin.com/feed/update/urn%3Ali%3Aactivity%3A7383577954506891265
2025-10-11 19:25:13,https://www.linkedin.com/feed/update/urn%3Ali%3Aactivity%3A7382858836757528576
2025-10-11 18:33:57,https://www.linkedin.com/feed/update/urn%3Ali%3Aactivity%3A7382845933492817920
2025-10-11 04:38:36,https://www.linkedin.com/feed/update/urn%3Ali%3Aactivity%3A7382635713248464896
2025-10-11 02:46:31,https://www.linkedin.com/feed/update/urn%3Ali%3Aactivity%3A7382607506310815744
2025-10-07 21:39:19,https://www.linkedin.com/feed/update/urn%3Ali%3Aactivity%3A7381443031062917120
2025-10-07 20:30:27,https://www.linkedin.com/feed/update/urn%3Ali%3Aactivity%3A7381425701264056320
2025-10-07 18:21:21,https://www.linkedin.com/feed/update/urn%3Ali%3Aactivity%3A7381393212747411456
2025-10-07 14:18:34,https://www.linkedin.com/feed/update/urn%3Ali%3Aactivity%3A7381332112974667776
2025-10-07 13:38:19,https://www.linkedin.com/feed/update/urn%3Ali%3Aactivity%3A7381321982874853376
2025-10-07 13:37:47,https://www.linkedin.com/feed/update/urn%3Ali%3Aactivity%3A7381321850557034496
2025-10-06 23:11:17,https://www.linkedin.com/feed/update/urn%3Ali%3Aactivity%3A7381103789845536768
2025-10-04 20:55:46,https://www.linkedin.com/feed/update/urn%3Ali%3Aactivity%3A7380344910303936512
2025-10-04 20:35:50,https://www.linkedin.com/feed/update/urn%3Ali%3Aactivity%3A7380339893618601984
2025-10-04 20:35:16,https://www.linkedin.com/feed/update/urn%3Ali%3Aactivity%3A7380339748378382336
2025-10-04 17:54:52,https://www.linkedin.com/feed/update/urn%3Ali%3Aactivity%3A7380299382430236672
2025-10-04 16:53:28,https://www.linkedin.com/feed/update/urn%3Ali%3Aactivity%3A7380283931725660160
2025-10-03 03:48:36,https://www.linkedin.com/feed/update/urn%3Ali%3Aactivity%3A7379724028275699712
2025-10-03 03:46:13,https://www.linkedin.com/feed/update/urn%3Ali%3Aactivity%3A7379723425424003072
2025-10-02 05:21:39,https://www.linkedin.com/feed/update/urn%3Ali%3Aactivity%3A7379385057020477440
2025-10-02 02:58:08,https://www.linkedin.com/feed/update/urn%3Ali%3Aactivity%3A7379348936303693824
2025-10-01 17:34:59,https://www.linkedin.com/feed/update/urn%3Ali%3Aactivity%3A7379207214789672960
2025-10-01 05:22:20,https://www.linkedin.com/feed/update/urn%3Ali%3Aactivity%3A7379022840777404416
2025-09-30 14:03:22,https://www.linkedin.com/feed/update/urn%3Ali%3Aactivity%3A7378791572462686209
2025-09-30 14:01:01,https://www.linkedin.com/feed/update/urn%3Ali%3Aactivity%3A7378790984509243392
2025-09-29 21:25:44,https://www.linkedin.com/feed/update/urn%3Ali%3Aactivity%3A7378540509629292544
2025-09-29 21:19:19,https://www.linkedin.com/feed/update/urn%3Ali%3Aactivity%3A7378538897141624832
2025-09-28 21:18:04,https://www.linkedin.com/feed/update/urn%3Ali%3Aactivity%3A7378176194783080448
2025-09-28 16:19:35,https://www.linkedin.com/feed/update/urn%3Ali%3Aactivity%3A7378101076199182337
2025-09-28 05:58:04,https://www.linkedin.com/feed/update/urn%3Ali%3Aactivity%3A7377944667121958912
2025-09-28 02:14:41,https://www.linkedin.com/feed/update/urn%3Ali%3Aactivity%3A7377888450785701888
2025-09-28 02:11:41,https://www.linkedin.com/feed/update/urn%3Ali%3Aactivity%3A7377887698813931521
2025-09-26 19:07:11,https://www.linkedin.com/feed/update/urn%3Ali%3Aactivity%3A7377418480301608960
2025-09-26 19:06:06,https://www.linkedin.com/feed/update/urn%3Ali%3Aactivity%3A7377418206132568064
2025-09-24 01:36:21,https://www.linkedin.com/feed/update/urn%3Ali%3Aactivity%3A7376429255150379008
2025-09-22 21:38:35,https://www.linkedin.com/feed/update/urn%3Ali%3Aactivity%3A7376007028575625216
2025-09-21 16:28:08,https://www.linkedin.com/feed/update/urn%3Ali%3Aactivity%3A7375566512805515264
2025-09-21 13:39:22,https://www.linkedin.com/feed/update/urn%3Ali%3Aactivity%3A7375524041777930240
2025-09-19 17:47:45,https://www.linkedin.com/feed/update/urn%3Ali%3Aactivity%3A7374861777207214080
2025-09-18 21:28:13,https://www.linkedin.com/feed/update/urn%3Ali%3Aactivity%3A7374554869354913792
2025-09-18 19:19:15,https://www.linkedin.com/feed/update/urn%3Ali%3Aactivity%3A7374522412790501376
2025-09-18 05:17:51,https://www.linkedin.com/feed/update/urn%3Ali%3Aactivity%3A7374310667849355264
2025-09-17 23:04:56,https://www.linkedin.com/feed/update/urn%3Ali%3Aactivity%3A7374216820016410624
2025-09-17 22:19:44,https://www.linkedin.com/feed/update/urn%3Ali%3Aactivity%3A7374205446892486656
2025-09-17 21:36:38,https://www.linkedin.com/feed/update/urn%3Ali%3Aactivity%3A7374194598631571457
2025-09-17 18:35:21,https://www.linkedin.com/feed/update/urn%3Ali%3Aactivity%3A7374148980215246848
2025-09-17 05:52:38,https://www.linkedin.com/feed/update/urn%3Ali%3Aactivity%3A7373957034720944129
2025-09-16 20:11:50,https://www.linkedin.com/feed/update/urn%3Ali%3Aactivity%3A7373810869320921088
2025-09-16 18:56:43,https://www.linkedin.com/feed/update/urn%3Ali%3Aactivity%3A7373791966339379201
2025-09-16 05:07:57,https://www.linkedin.com/feed/update/urn%3Ali%3Aactivity%3A7373583400491868160
2025-09-16 03:57:19,https://www.linkedin.com/feed/update/urn%3Ali%3Aactivity%3A7373565627409555456
2025-09-16 03:10:55,https://www.linkedin.com/feed/update/urn%3Ali%3Aactivity%3A7373553950668546048
2025-09-16 02:21:30,https://www.linkedin.com/feed/update/urn%3Ali%3Aactivity%3A7373541511759609856
2025-09-15 17:54:09,https://www.linkedin.com/feed/update/urn%3Ali%3Aactivity%3A7373413832989306880
2025-09-15 05:50:08,https://www.linkedin.com/feed/update/urn%3Ali%3Aactivity%3A7373231628434763776
2025-09-15 04:17:29,https://www.linkedin.com/feed/update/urn%3Ali%3Aactivity%3A7373208311824908288
2025-09-12 23:04:59,https://www.linkedin.com/feed/update/urn%3Ali%3Aactivity%3A7372404895892770816
2025-09-12 22:31:00,https://www.linkedin.com/feed/update/urn%3Ali%3Aactivity%3A7372396342465376256
2025-09-12 16:15:07,https://www.linkedin.com/feed/update/urn%3Ali%3Aactivity%3A7372301746829758465
2025-09-11 19:01:11,https://www.linkedin.com/feed/update/urn%3Ali%3Aactivity%3A7371981150543781888
2025-09-11 18:29:21,https://www.linkedin.com/feed/update/urn%3Ali%3Aactivity%3A7371973140597411840
2025-09-11 18:28:39,https://www.linkedin.com/feed/update/urn%3Ali%3Aactivity%3A7371972965065744384
2025-09-11 18:13:57,https://www.linkedin.com/feed/update/urn%3Ali%3Aactivity%3A7371969266469937152
2025-09-11 02:02:33,https://www.linkedin.com/feed/update/urn%3Ali%3Aactivity%3A7371724803734446080
2025-09-08 03:47:59,https://www.linkedin.com/feed/update/urn%3Ali%3Aactivity%3A7370664173015326720
2025-09-07 22:25:52,https://www.linkedin.com/feed/update/urn%3Ali%3Aactivity%3A7370583111987822592
2025-09-04 19:12:20,https://www.linkedin.com/feed/update/urn%3Ali%3Aactivity%3A7369447244783054851
2025-09-04 15:28:00,https://www.linkedin.com/feed/update/urn%3Ali%3Aactivity%3A7369390786825678848
2025-09-04 14:48:01,https://www.linkedin.com/feed/update/urn%3Ali%3Aactivity%3A7369380724837158918
2025-09-04 14:42:58,https://www.linkedin.com/feed/update/urn%3Ali%3Aactivity%3A7369379455724654594
2025-09-02 17:49:49,https://www.linkedin.com/feed/update/urn%3Ali%3Aactivity%3A7368701700053868545
2025-09-02 03:34:55,https://www.linkedin.com/feed/update/urn%3Ali%3Aactivity%3A7368486560830296066
2025-09-01 05:02:01,https://www.linkedin.com/feed/update/urn%3Ali%3Aactivity%3A7368146089360748544
2025-09-01 04:03:24,https://www.linkedin.com/feed/update/urn%3Ali%3Aactivity%3A7368131337783812096
2025-08-29 23:18:30,https://www.linkedin.com/feed/update/urn%3Ali%3Aactivity%3A7367334867157602304
2025-08-29 06:39:12,https://www.linkedin.com/feed/update/urn%3Ali%3Aactivity%3A7367083384386281473
2025-08-29 06:20:58,https://www.linkedin.com/feed/update/urn%3Ali%3Aactivity%3A7367078795524112386
2025-08-29 05:48:50,https://www.linkedin.com/feed/update/urn%3Ali%3Aactivity%3A7367070709002457089
2025-08-29 05:22:51,https://www.linkedin.com/feed/update/urn%3Ali%3Aactivity%3A7367064169440792577
2025-08-29 01:03:50,https://www.linkedin.com/feed/update/urn%3Ali%3Aactivity%3A7366998987754696704
2025-08-28 19:15:18,https://www.linkedin.com/feed/update/urn%3Ali%3Aactivity%3A7366911274082787331
2025-08-28 05:28:31,https://www.linkedin.com/feed/update/urn%3Ali%3Aactivity%3A7366703206187397120
2025-08-28 05:20:47,https://www.linkedin.com/feed/update/urn%3Ali%3Aactivity%3A7366701260789448704
2025-08-28 04:30:25,https://www.linkedin.com/feed/update/urn%3Ali%3Aactivity%3A7366688584810049537
2025-08-28 03:47:54,https://www.linkedin.com/feed/update/urn%3Ali%3Aactivity%3A7366677886524641280
2025-08-28 02:54:22,https://www.linkedin.com/feed/update/urn%3Ali%3Aactivity%3A7366664415766577152
2025-08-27 02:47:37,https://www.linkedin.com/feed/update/urn%3Ali%3Aactivity%3A7366300327685324802
2025-08-26 05:32:08,https://www.linkedin.com/feed/update/urn%3Ali%3Aactivity%3A7365979343828754432
2025-08-26 03:04:40,https://www.linkedin.com/feed/update/urn%3Ali%3Aactivity%3A7365942230198489090
2025-08-26 02:42:35,https://www.linkedin.com/feed/update/urn%3Ali%3Aactivity%3A7365936673701965825
2025-08-25 22:55:39,https://www.linkedin.com/feed/update/urn%3Ali%3Aactivity%3A7365879564234862594
2025-08-23 22:19:15,https://www.linkedin.com/feed/update/urn%3Ali%3Aactivity%3A7365145628617670657
2025-08-22 18:24:16,https://www.linkedin.com/feed/update/urn%3Ali%3Aactivity%3A7364724105771749376
2025-08-22 06:10:10,https://www.linkedin.com/feed/update/urn%3Ali%3Aactivity%3A7364539360781750274
2025-08-21 18:08:21,https://www.linkedin.com/feed/update/urn%3Ali%3Aactivity%3A7364357710135353348
2025-08-21 03:57:03,https://www.linkedin.com/feed/update/urn%3Ali%3Aactivity%3A7364143474251595779
2025-08-20 23:51:08,https://www.linkedin.com/feed/update/urn%3Ali%3Aactivity%3A7364081587858104324
2025-08-20 16:37:29,https://www.linkedin.com/feed/update/urn%3Ali%3Aactivity%3A7363972455415050243
2025-08-20 15:32:41,https://www.linkedin.com/feed/update/urn%3Ali%3Aactivity%3A7363956150196736000
2025-08-20 03:01:26,https://www.linkedin.com/feed/update/urn%3Ali%3Aactivity%3A7363767091193155584
2025-08-19 16:20:32,https://www.linkedin.com/feed/update/urn%3Ali%3Aactivity%3A7363605803989131264
2025-08-19 16:17:46,https://www.linkedin.com/feed/update/urn%3Ali%3Aactivity%3A7363605106010836994
2025-08-19 09:02:25,https://www.linkedin.com/feed/update/urn%3Ali%3Aactivity%3A7363495547367804928
2025-08-19 06:56:51,https://www.linkedin.com/feed/update/urn%3Ali%3Aactivity%3A7363463946445475841
2025-08-18 23:26:43,https://www.linkedin.com/feed/update/urn%3Ali%3Aactivity%3A7363350668549480450
2025-08-18 23:24:31,https://www.linkedin.com/feed/update/urn%3Ali%3Aactivity%3A7363350115043983360
2025-08-18 20:55:35,https://www.linkedin.com/feed/update/urn%3Ali%3Aactivity%3A7363312634827329537
2025-08-18 08:16:18,https://www.linkedin.com/feed/update/urn%3Ali%3Aactivity%3A7363121552407621632
2025-08-17 18:01:41,https://www.linkedin.com/feed/update/urn%3Ali%3Aactivity%3A7362906480318009348
2025-08-17 10:14:31,https://www.linkedin.com/feed/update/urn%3Ali%3Aactivity%3A7362788916220891136
2025-08-17 06:32:38,https://www.linkedin.com/feed/update/urn%3Ali%3Aactivity%3A7362733078605135873
2025-08-17 06:05:02,https://www.linkedin.com/feed/update/urn%3Ali%3Aactivity%3A7362726133185826817
2025-08-17 06:04:50,https://www.linkedin.com/feed/update/urn%3Ali%3Aactivity%3A7362726080828362752
2025-08-17 06:03:52,https://www.linkedin.com/feed/update/urn%3Ali%3Aactivity%3A7362725836032000000
2025-08-17 04:59:54,https://www.linkedin.com/feed/update/urn%3Ali%3Aactivity%3A7362709738079309824
2025-08-17 04:58:59,https://www.linkedin.com/feed/update/urn%3Ali%3Aactivity%3A7362709507921084416
2025-08-17 04:36:44,https://www.linkedin.com/feed/update/urn%3Ali%3Aactivity%3A7362703910169432064
2025-08-17 04:35:33,https://www.linkedin.com/feed/update/urn%3Ali%3Aactivity%3A7362703610545131522
2025-08-17 04:34:51,https://www.linkedin.com/feed/update/urn%3Ali%3Aactivity%3A7362703436863176705
2025-08-17 01:19:50,https://www.linkedin.com/feed/update/urn%3Ali%3Aactivity%3A7362654359492419585
2025-08-16 23:46:57,https://www.linkedin.com/feed/update/urn%3Ali%3Aactivity%3A7362630982694309889
2025-08-16 23:46:23,https://www.linkedin.com/feed/update/urn%3Ali%3Aactivity%3A7362630841539194880
2025-08-14 16:12:15,https://www.linkedin.com/feed/update/urn%3Ali%3Aactivity%3A7361791780679266304
2025-08-14 01:58:30,https://www.linkedin.com/feed/update/urn%3Ali%3Aactivity%3A7361576924403412992
2025-08-13 02:44:05,https://www.linkedin.com/feed/update/urn%3Ali%3Aactivity%3A7361226009032994820
2025-08-12 21:35:16,https://www.linkedin.com/feed/update/urn%3Ali%3Aactivity%3A7361148294166691842
2025-08-12 19:59:54,https://www.linkedin.com/feed/update/urn%3Ali%3Aactivity%3A7361124294837350402
2025-08-12 19:47:01,https://www.linkedin.com/feed/update/urn%3Ali%3Aactivity%3A7361121052237709313
2025-08-12 19:26:12,https://www.linkedin.com/feed/update/urn%3Ali%3Aactivity%3A7361115811224145920
2025-08-12 15:37:00,https://www.linkedin.com/feed/update/urn%3Ali%3Aactivity%3A7361058132812316674
2025-08-12 00:29:53,https://www.linkedin.com/feed/update/urn%3Ali%3Aactivity%3A7360829848438624257
2025-08-11 15:01:40,https://www.linkedin.com/feed/update/urn%3Ali%3Aactivity%3A7360686852653109248
2025-08-08 13:05:43,https://www.linkedin.com/feed/update/urn%3Ali%3Aactivity%3A7359570508985589760
2025-08-07 20:08:23,https://www.linkedin.com/feed/update/urn%3Ali%3Aactivity%3A7359314489567035393
2025-08-06 01:17:38,https://www.linkedin.com/feed/update/urn%3Ali%3Aactivity%3A7358667539872206848
2025-08-04 03:19:54,https://www.linkedin.com/feed/update/urn%3Ali%3Aactivity%3A7357973532334567424
2025-08-04 00:26:42,https://www.linkedin.com/feed/update/urn%3Ali%3Aactivity%3A7357929945559388161
2025-08-03 00:06:02,https://www.linkedin.com/feed/update/urn%3Ali%3Aactivity%3A7357562356937216001
2025-08-01 23:16:30,https://www.linkedin.com/feed/update/urn%3Ali%3Aactivity%3A7357187501796577280
2025-08-01 22:04:26,https://www.linkedin.com/feed/update/urn%3Ali%3Aactivity%3A7357169365781262336
2025-08-01 22:04:16,https://www.linkedin.com/feed/update/urn%3Ali%3Aactivity%3A7357169326187008001
2025-08-01 19:45:15,https://www.linkedin.com/feed/update/urn%3Ali%3Aactivity%3A7357134339312136208
2025-08-01 19:19:26,https://www.linkedin.com/feed/update/urn%3Ali%3Aactivity%3A7357127844096851969
2025-08-01 17:53:14,https://www.linkedin.com/feed/update/urn%3Ali%3Aactivity%3A7357106148556132352
2025-08-01 17:52:57,https://www.linkedin.com/feed/update/urn%3Ali%3Aactivity%3A7357106078385426433
2025-07-31 23:33:27,https://www.linkedin.com/feed/update/urn%3Ali%3Aactivity%3A7356829381601775617
2025-07-31 23:00:00,https://www.linkedin.com/feed/update/urn%3Ali%3Aactivity%3A7356820960169111552
2025-07-31 22:31:35,https://www.linkedin.com/feed/update/urn%3Ali%3Aactivity%3A7356813811665825795
2025-07-31 04:16:27,https://www.linkedin.com/feed/update/urn%3Ali%3Aactivity%3A7356538210379816960
2025-07-31 03:59:56,https://www.linkedin.com/feed/update/urn%3Ali%3Aactivity%3A7356534056894812162
2025-07-31 03:45:43,https://www.linkedin.com/feed/update/urn%3Ali%3Aactivity%3A7356530476477550594
2025-07-30 06:52:57,https://www.linkedin.com/feed/update/urn%3Ali%3Aactivity%3A7356215207351730177
2025-07-30 06:41:13,https://www.linkedin.com/feed/update/urn%3Ali%3Aactivity%3A7356212253768982528
2025-07-30 06:29:24,https://www.linkedin.com/feed/update/urn%3Ali%3Aactivity%3A7356209280162623490
2025-07-30 06:29:03,https://www.linkedin.com/feed/update/urn%3Ali%3Aactivity%3A7356209194875715586
2025-07-29 23:37:26,https://www.linkedin.com/feed/update/urn%3Ali%3Aactivity%3A7356105608409870336
2025-07-29 23:26:41,https://www.linkedin.com/feed/update/urn%3Ali%3Aactivity%3A7356102901267664896
2025-07-29 23:25:32,https://www.linkedin.com/feed/update/urn%3Ali%3Aactivity%3A7356102614117179392
2025-07-29 22:55:18,https://www.linkedin.com/feed/update/urn%3Ali%3Aactivity%3A7356095004336902144
2025-07-29 22:12:31,https://www.linkedin.com/feed/update/urn%3Ali%3Aactivity%3A7356084235486572544
2025-07-29 22:10:53,https://www.linkedin.com/feed/update/urn%3Ali%3Aactivity%3A7356083823945633794
2025-07-29 05:47:36,https://www.linkedin.com/feed/update/urn%3Ali%3Aactivity%3A7355836375843180546
2025-07-28 03:14:44,https://www.linkedin.com/feed/update/urn%3Ali%3Aactivity%3A7355435518538534913
2025-07-28 01:05:02,https://www.linkedin.com/feed/update/urn%3Ali%3Aactivity%3A7355402875918827521
2025-07-27 23:33:36,https://www.linkedin.com/feed/update/urn%3Ali%3Aactivity%3A7355379866378162176
2025-07-27 02:24:20,https://www.linkedin.com/feed/update/urn%3Ali%3Aactivity%3A7355060445168222208
2025-07-26 00:45:07,https://www.linkedin.com/feed/update/urn%3Ali%3Aactivity%3A7354673088266948608
2025-07-26 00:42:21,https://www.linkedin.com/feed/update/urn%3Ali%3Aactivity%3A7354672393384026112
2025-07-25 22:13:02,https://www.linkedin.com/feed/update/urn%3Ali%3Aactivity%3A7354634815846961152
2025-07-25 21:39:18,https://www.linkedin.com/feed/update/urn%3Ali%3Aactivity%3A7354626326370111490
2025-07-25 20:21:09,https://www.linkedin.com/feed/update/urn%3Ali%3Aactivity%3A7354606658402095105
2025-07-24 00:03:38,https://www.linkedin.com/feed/update/urn%3Ali%3Aactivity%3A7353937875169644546
2025-07-23 04:53:21,https://www.linkedin.com/feed/update/urn%3Ali%3Aactivity%3A7353648396726915072
2025-07-23 03:28:05,https://www.linkedin.com/feed/update/urn%3Ali%3Aactivity%3A7353626934733402113
2025-07-22 07:26:41,https://www.linkedin.com/feed/update/urn%3Ali%3Aactivity%3A7353324594574839808
2025-07-22 04:10:02,https://www.linkedin.com/feed/update/urn%3Ali%3Aactivity%3A7353275104052584449
2025-07-21 23:46:14,https://www.linkedin.com/feed/update/urn%3Ali%3Aactivity%3A7353208719511314435
2025-07-21 20:21:48,https://www.linkedin.com/feed/update/urn%3Ali%3Aactivity%3A7353157270135869441
2025-07-21 15:32:08,https://www.linkedin.com/feed/update/urn%3Ali%3Aactivity%3A7353084374218665984
2025-07-21 00:45:29,https://www.linkedin.com/feed/update/urn%3Ali%3Aactivity%3A7352861241356308480
2025-07-20 21:11:41,https://www.linkedin.com/feed/update/urn%3Ali%3Aactivity%3A7352807434907762688
2025-07-19 23:12:28,https://www.linkedin.com/feed/update/urn%3Ali%3Aactivity%3A7352475444685819904
2025-07-19 06:12:28,https://www.linkedin.com/feed/update/urn%3Ali%3Aactivity%3A7352218753004163072
2025-07-19 02:09:12,https://www.linkedin.com/feed/update/urn%3Ali%3Aactivity%3A7352157532435435520
2025-07-18 18:35:42,https://www.linkedin.com/feed/update/urn%3Ali%3Aactivity%3A7352043407332081666
2025-07-18 05:01:11,https://www.linkedin.com/feed/update/urn%3Ali%3Aactivity%3A7351838426670751745
2025-07-18 02:54:05,https://www.linkedin.com/feed/update/urn%3Ali%3Aactivity%3A7351806439369134080
2025-07-18 01:57:29,https://www.linkedin.com/feed/update/urn%3Ali%3Aactivity%3A7351792198645919745
2025-07-18 00:03:15,https://www.linkedin.com/feed/update/urn%3Ali%3Aactivity%3A7351763450403962880
2025-07-17 19:56:54,https://www.linkedin.com/feed/update/urn%3Ali%3Aactivity%3A7351701452777537536
2025-07-17 19:37:07,https://www.linkedin.com/feed/update/urn%3Ali%3Aactivity%3A7351696473182437377
2025-07-17 19:04:22,https://www.linkedin.com/feed/update/urn%3Ali%3Aactivity%3A7351688234554281984
2025-07-17 18:44:59,https://www.linkedin.com/feed/update/urn%3Ali%3Aactivity%3A7351683354699714561
2025-07-17 08:54:24,https://www.linkedin.com/feed/update/urn%3Ali%3Aactivity%3A7351534730439245825
2025-07-17 02:40:31,https://www.linkedin.com/feed/update/urn%3Ali%3Aactivity%3A7351440640167063554
2025-07-16 23:38:55,https://www.linkedin.com/feed/update/urn%3Ali%3Aactivity%3A7351394938665775105
2025-07-16 23:38:27,https://www.linkedin.com/feed/update/urn%3Ali%3Aactivity%3A7351394818889052160
2025-07-16 23:37:53,https://www.linkedin.com/feed/update/urn%3Ali%3Aactivity%3A7351394679784919042
2025-07-16 21:42:31,https://www.linkedin.com/feed/update/urn%3Ali%3Aactivity%3A7351365643356524544
2025-07-16 17:53:23,https://www.linkedin.com/feed/update/urn%3Ali%3Aactivity%3A7351307980455202818
2025-07-15 20:30:37,https://www.linkedin.com/feed/update/urn%3Ali%3Aactivity%3A7350985161238368258
2025-07-15 20:25:16,https://www.linkedin.com/feed/update/urn%3Ali%3Aactivity%3A7350983816280199168
2025-07-15 12:44:01,https://www.linkedin.com/feed/update/urn%3Ali%3Aactivity%3A7350867740003323905
2025-07-15 05:46:22,https://www.linkedin.com/feed/update/urn%3Ali%3Aactivity%3A7350762635505651713
2025-07-14 05:47:53,https://www.linkedin.com/feed/update/urn%3Ali%3Aactivity%3A7350400627954372608
2025-07-14 01:12:50,https://www.linkedin.com/feed/update/urn%3Ali%3Aactivity%3A7350331410785742848
2025-07-13 20:51:04,https://www.linkedin.com/feed/update/urn%3Ali%3Aactivity%3A7350265531771346944
2025-07-13 02:19:42,https://www.linkedin.com/feed/update/urn%3Ali%3Aactivity%3A7349985850228699138
2025-07-13 01:00:49,https://www.linkedin.com/feed/update/urn%3Ali%3Aactivity%3A7349965999401553922
2025-07-12 23:37:09,https://www.linkedin.com/feed/update/urn%3Ali%3Aactivity%3A7349944943722811392
2025-07-11 16:07:26,https://www.linkedin.com/feed/update/urn%3Ali%3Aactivity%3A7349469379501187072
2025-07-11 01:25:42,https://www.linkedin.com/feed/update/urn%3Ali%3Aactivity%3A7349247482041683968
2025-07-10 20:09:11,https://www.linkedin.com/feed/update/urn%3Ali%3Aactivity%3A7349167830770077697
2025-07-09 22:18:01,https://www.linkedin.com/feed/update/urn%3Ali%3Aactivity%3A7348837864886976512
2025-07-09 20:35:38,https://www.linkedin.com/feed/update/urn%3Ali%3Aactivity%3A7348812099625644035
2025-07-09 18:56:57,https://www.linkedin.com/feed/update/urn%3Ali%3Aactivity%3A7348787262500855810
2025-07-09 18:21:56,https://www.linkedin.com/feed/update/urn%3Ali%3Aactivity%3A7348778452650508288
2025-07-08 21:05:10,https://www.linkedin.com/feed/update/urn%3Ali%3Aactivity%3A7348457141789151233
2025-07-08 21:04:56,https://www.linkedin.com/feed/update/urn%3Ali%3Aactivity%3A7348457083320664065
2025-07-08 20:06:11,https://www.linkedin.com/feed/update/urn%3Ali%3Aactivity%3A7348442299242029056
2025-07-08 20:01:05,https://www.linkedin.com/feed/update/urn%3Ali%3Aactivity%3A7348441015520829441
2025-07-08 19:59:22,https://www.linkedin.com/feed/update/urn%3Ali%3Aactivity%3A7348440581657829377
2025-07-08 01:50:09,https://www.linkedin.com/feed/update/urn%3Ali%3Aactivity%3A7348166472558354434
2025-07-08 01:33:20,https://www.linkedin.com/feed/update/urn%3Ali%3Aactivity%3A7348162239209607168
2025-07-07 22:05:07,https://www.linkedin.com/feed/update/urn%3Ali%3Aactivity%3A7348109842126905347
2025-07-07 02:24:56,https://www.linkedin.com/feed/update/urn%3Ali%3Aactivity%3A7347812838955958272
2025-07-06 16:47:31,https://www.linkedin.com/feed/update/urn%3Ali%3Aactivity%3A7347667526702546944
2025-07-06 16:37:30,https://www.linkedin.com/feed/update/urn%3Ali%3Aactivity%3A7347665007767101440
2025-07-05 23:10:07,https://www.linkedin.com/feed/update/urn%3Ali%3Aactivity%3A7347401422184882176
2025-07-05 20:45:59,https://www.linkedin.com/feed/update/urn%3Ali%3Aactivity%3A7347365152847011842
2025-07-04 22:47:17,https://www.linkedin.com/feed/update/urn%3Ali%3Aactivity%3A7347033287766249473
2025-07-04 05:13:01,https://www.linkedin.com/feed/update/urn%3Ali%3Aactivity%3A7346767975296790529
2025-07-04 05:12:13,https://www.linkedin.com/feed/update/urn%3Ali%3Aactivity%3A7346767772883800066
2025-07-03 17:04:06,https://www.linkedin.com/feed/update/urn%3Ali%3Aactivity%3A7346584537096757249
2025-07-03 11:09:40,https://www.linkedin.com/feed/update/urn%3Ali%3Aactivity%3A7346495340029595651
2025-07-03 06:53:16,https://www.linkedin.com/feed/update/urn%3Ali%3Aactivity%3A7346430816081629185
2025-07-03 05:13:33,https://www.linkedin.com/feed/update/urn%3Ali%3Aactivity%3A7346405719442694144
2025-07-03 04:26:57,https://www.linkedin.com/feed/update/urn%3Ali%3Aactivity%3A7346393992139325440
2025-06-30 15:45:49,https://www.linkedin.com/feed/update/urn%3Ali%3Aactivity%3A7345477673969754113
2025-06-30 15:45:21,https://www.linkedin.com/feed/update/urn%3Ali%3Aactivity%3A7345477553547001858
2025-06-29 23:54:17,https://www.linkedin.com/feed/update/urn%3Ali%3Aactivity%3A7345238211566235648
2025-06-29 22:30:15,https://www.linkedin.com/feed/update/urn%3Ali%3Aactivity%3A7345217063554043906
2025-06-29 20:54:07,https://www.linkedin.com/feed/update/urn%3Ali%3Aactivity%3A7345192871005720576
2025-06-28 04:21:17,https://www.linkedin.com/feed/update/urn%3Ali%3Aactivity%3A7344580628404703232
2025-06-27 22:57:29,https://www.linkedin.com/feed/update/urn%3Ali%3Aactivity%3A7344499140304826369
2025-06-27 20:56:06,https://www.linkedin.com/feed/update/urn%3Ali%3Aactivity%3A7344468593247469568
2025-06-26 16:26:42,https://www.linkedin.com/feed/update/urn%3Ali%3Aactivity%3A7344038408098369536
2025-06-26 01:52:32,https://www.linkedin.com/feed/update/urn%3Ali%3Aactivity%3A7343818419709820929
2025-06-26 01:07:56,https://www.linkedin.com/feed/update/urn%3Ali%3Aactivity%3A7343807193269379073
2025-06-24 19:44:20,https://www.linkedin.com/feed/update/urn%3Ali%3Aactivity%3A7343363371636768768
2025-06-24 05:36:52,https://www.linkedin.com/feed/update/urn%3Ali%3Aactivity%3A7343150096319975428
2025-06-24 04:12:37,https://www.linkedin.com/feed/update/urn%3Ali%3Aactivity%3A7343128897766494208
2025-06-19 20:47:51,https://www.linkedin.com/feed/update/urn%3Ali%3Aactivity%3A7341567416075767810
2025-06-19 00:30:20,https://www.linkedin.com/feed/update/urn%3Ali%3Aactivity%3A7341261017760354305
2025-06-19 00:03:34,https://www.linkedin.com/feed/update/urn%3Ali%3Aactivity%3A7341254281074790400
2025-06-18 09:05:44,https://www.linkedin.com/feed/update/urn%3Ali%3Aactivity%3A7341028332798414848
2025-06-18 08:25:53,https://www.linkedin.com/feed/update/urn%3Ali%3Aactivity%3A7341018307044548609
2025-06-17 21:48:37,https://www.linkedin.com/feed/update/urn%3Ali%3Aactivity%3A7340857932869156865
2025-06-15 04:24:49,https://www.linkedin.com/feed/update/urn%3Ali%3Aactivity%3A7339870477315620864
2025-06-15 04:24:30,https://www.linkedin.com/feed/update/urn%3Ali%3Aactivity%3A7339870394763419648
2025-06-13 18:45:03,https://www.linkedin.com/feed/update/urn%3Ali%3Aactivity%3A7339362183731957761
2025-06-13 14:21:45,https://www.linkedin.com/feed/update/urn%3Ali%3Aactivity%3A7339295922289373185
2025-06-13 01:13:18,https://www.linkedin.com/feed/update/urn%3Ali%3Aactivity%3A7339097502853279744
2025-06-13 01:07:20,https://www.linkedin.com/feed/update/urn%3Ali%3Aactivity%3A7339096000722083841
2025-06-13 00:30:06,https://www.linkedin.com/feed/update/urn%3Ali%3Aactivity%3A7339086630344904705
2025-06-13 00:15:25,https://www.linkedin.com/feed/update/urn%3Ali%3Aactivity%3A7339082934697500672
2025-06-13 00:14:37,https://www.linkedin.com/feed/update/urn%3Ali%3Aactivity%3A7339082736638337025
2025-06-12 17:54:22,https://www.linkedin.com/feed/update/urn%3Ali%3Aactivity%3A7338987040237154306
2025-06-12 14:40:52,https://www.linkedin.com/feed/update/urn%3Ali%3Aactivity%3A7338938347739877379
2025-06-11 23:23:46,https://www.linkedin.com/feed/update/urn%3Ali%3Aactivity%3A7338707552005779456
2025-06-11 19:44:14,https://www.linkedin.com/feed/update/urn%3Ali%3Aactivity%3A7338652302251085824
2025-06-11 05:36:41,https://www.linkedin.com/feed/update/urn%3Ali%3Aactivity%3A7338439008890363904
2025-06-10 23:29:49,https://www.linkedin.com/feed/update/urn%3Ali%3Aactivity%3A7338346685326077952
2025-06-10 20:28:52,https://www.linkedin.com/feed/update/urn%3Ali%3Aactivity%3A7338301146010136580
2025-06-10 19:54:30,https://www.linkedin.com/feed/update/urn%3Ali%3Aactivity%3A7338292497170739200
2025-06-10 19:52:49,https://www.linkedin.com/feed/update/urn%3Ali%3Aactivity%3A7338292073168609280
2025-06-10 19:52:26,https://www.linkedin.com/feed/update/urn%3Ali%3Aactivity%3A7338291977228034051
2025-06-10 18:21:59,https://www.linkedin.com/feed/update/urn%3Ali%3Aactivity%3A7338269214199164928
2025-06-10 14:50:49,https://www.linkedin.com/feed/update/urn%3Ali%3Aactivity%3A7338216075198685184
2025-06-08 18:33:54,https://www.linkedin.com/feed/update/urn%3Ali%3Aactivity%3A7337547437445652480
2025-06-08 18:29:38,https://www.linkedin.com/feed/update/urn%3Ali%3Aactivity%3A7337546365494771712
2025-06-08 03:02:00,https://www.linkedin.com/feed/update/urn%3Ali%3Aactivity%3A7337312917924564992
2025-06-07 01:39:54,https://www.linkedin.com/feed/update/urn%3Ali%3Aactivity%3A7336929871165575168
2025-06-06 15:51:11,https://www.linkedin.com/feed/update/urn%3Ali%3Aactivity%3A7336781715303997441
2025-06-05 21:18:02,https://www.linkedin.com/feed/update/urn%3Ali%3Aactivity%3A7336501580650749953
2025-06-05 15:40:47,https://www.linkedin.com/feed/update/urn%3Ali%3Aactivity%3A7336416707281866754
2025-06-04 02:35:34,https://www.linkedin.com/feed/update/urn%3Ali%3Aactivity%3A7335856715457884160
2025-06-04 00:09:52,https://www.linkedin.com/feed/update/urn%3Ali%3Aactivity%3A7335820049942736896
2025-06-03 14:49:36,https://www.linkedin.com/feed/update/urn%3Ali%3Aactivity%3A7335679054710231040
2025-06-03 05:34:22,https://www.linkedin.com/feed/update/urn%3Ali%3Aactivity%3A7335539325830369284
2025-06-02 21:10:45,https://www.linkedin.com/feed/update/urn%3Ali%3Aactivity%3A7335412582725361664
2025-05-29 23:57:54,https://www.linkedin.com/feed/update/urn%3Ali%3Aactivity%3A7334005099435884544
2025-05-29 23:56:11,https://www.linkedin.com/feed/update/urn%3Ali%3Aactivity%3A7334004664008417280
2025-05-29 23:55:34,https://www.linkedin.com/feed/update/urn%3Ali%3Aactivity%3A7334004512296210433
2025-05-29 21:59:18,https://www.linkedin.com/feed/update/urn%3Ali%3Aactivity%3A7333975251929706496
2025-05-29 02:51:51,https://www.linkedin.com/feed/update/urn%3Ali%3Aactivity%3A7333686485696557056
2025-05-29 02:51:20,https://www.linkedin.com/feed/update/urn%3Ali%3Aactivity%3A7333686355933175808
2025-05-29 02:50:21,https://www.linkedin.com/feed/update/urn%3Ali%3Aactivity%3A7333686109123624960
2025-05-29 02:49:45,https://www.linkedin.com/feed/update/urn%3Ali%3Aactivity%3A7333685956648062976
2025-05-29 02:49:04,https://www.linkedin.com/feed/update/urn%3Ali%3Aactivity%3A7333685783339442177
2025-05-28 03:16:27,https://www.linkedin.com/feed/update/urn%3Ali%3Aactivity%3A7333330289177333761
2025-05-28 02:18:21,https://www.linkedin.com/feed/update/urn%3Ali%3Aactivity%3A7333315667787436032
2025-05-28 01:01:22,https://www.linkedin.com/feed/update/urn%3Ali%3Aactivity%3A7333296293194158080
2025-05-27 04:14:54,https://www.linkedin.com/feed/update/urn%3Ali%3Aactivity%3A7332982611587321857
2025-05-27 03:59:03,https://www.linkedin.com/feed/update/urn%3Ali%3Aactivity%3A7332978622535741442
2025-05-24 20:42:08,https://www.linkedin.com/feed/update/urn%3Ali%3Aactivity%3A7332143892428996609
2025-05-23 19:02:36,https://www.linkedin.com/feed/update/urn%3Ali%3Aactivity%3A7331756455806599168
2025-05-23 03:25:17,https://www.linkedin.com/feed/update/urn%3Ali%3Aactivity%3A7331520571572178944
2025-05-22 19:42:35,https://www.linkedin.com/feed/update/urn%3Ali%3Aactivity%3A7331404129975627776
2025-05-21 20:59:22,https://www.linkedin.com/feed/update/urn%3Ali%3Aactivity%3A7331061067273396224
2025-05-21 05:45:48,https://www.linkedin.com/feed/update/urn%3Ali%3Aactivity%3A7330831160492675072
2025-05-20 22:25:38,https://www.linkedin.com/feed/update/urn%3Ali%3Aactivity%3A7330720387154006017
2025-05-20 21:53:44,https://www.linkedin.com/feed/update/urn%3Ali%3Aactivity%3A7330712360237563904
2025-05-20 15:01:37,https://www.linkedin.com/feed/update/urn%3Ali%3Aactivity%3A7330608646759809026
2025-05-18 04:53:56,https://www.linkedin.com/feed/update/urn%3Ali%3Aactivity%3A7329730942732775424
2025-05-16 23:21:39,https://www.linkedin.com/feed/update/urn%3Ali%3Aactivity%3A7329284930859913217
2025-05-16 18:08:19,https://www.linkedin.com/feed/update/urn%3Ali%3Aactivity%3A7329206079400091648
2025-05-16 15:59:09,https://www.linkedin.com/feed/update/urn%3Ali%3Aactivity%3A7329173575142178819
2025-05-15 22:27:00,https://www.linkedin.com/feed/update/urn%3Ali%3Aactivity%3A7328908791486275585
2025-05-15 08:04:34,https://www.linkedin.com/feed/update/urn%3Ali%3Aactivity%3A7328691751802601474
2025-05-14 15:11:27,https://www.linkedin.com/feed/update/urn%3Ali%3Aactivity%3A7328436794595725312
2025-05-14 15:09:39,https://www.linkedin.com/feed/update/urn%3Ali%3Aactivity%3A7328436341573111808
2025-05-14 01:54:36,https://www.linkedin.com/feed/update/urn%3Ali%3Aactivity%3A7328236262178332672
2025-05-14 01:24:50,https://www.linkedin.com/feed/update/urn%3Ali%3Aactivity%3A7328228767418511360
2025-05-13 01:49:43,https://www.linkedin.com/feed/update/urn%3Ali%3Aactivity%3A7327872644618342402
2025-05-12 22:18:29,https://www.linkedin.com/feed/update/urn%3Ali%3Aactivity%3A7327819484323295232
2025-05-12 20:45:24,https://www.linkedin.com/feed/update/urn%3Ali%3Aactivity%3A7327796058204397569
2025-05-12 19:10:40,https://www.linkedin.com/feed/update/urn%3Ali%3Aactivity%3A7327772218870894595
2025-05-11 20:14:00,https://www.linkedin.com/feed/update/urn%3Ali%3Aactivity%3A7327425771004661760
2025-05-10 20:38:11,https://www.linkedin.com/feed/update/urn%3Ali%3Aactivity%3A7327069466679267329
2025-05-10 11:15:35,https://www.linkedin.com/feed/update/urn%3Ali%3Aactivity%3A7326927884596432896
2025-05-10 01:22:40,https://www.linkedin.com/feed/update/urn%3Ali%3Aactivity%3A7326778673636737025
2025-05-10 01:03:08,https://www.linkedin.com/feed/update/urn%3Ali%3Aactivity%3A7326773758868738056
2025-05-09 18:03:06,https://www.linkedin.com/feed/update/urn%3Ali%3Aactivity%3A7326668051611799552
2025-05-08 22:13:56,https://www.linkedin.com/feed/update/urn%3Ali%3Aactivity%3A7326368788885491713
2025-05-08 18:21:22,https://www.linkedin.com/feed/update/urn%3Ali%3Aactivity%3A7326310259411550208
2025-05-07 23:32:52,https://www.linkedin.com/feed/update/urn%3Ali%3Aactivity%3A7326026265822449665
2025-05-07 19:18:53,https://www.linkedin.com/feed/update/urn%3Ali%3Aactivity%3A7325962347775172609
2025-05-07 17:06:20,https://www.linkedin.com/feed/update/urn%3Ali%3Aactivity%3A7325928989624020992
2025-05-07 06:55:53,https://www.linkedin.com/feed/update/urn%3Ali%3Aactivity%3A7325775366919192576
2025-05-06 04:16:41,https://www.linkedin.com/feed/update/urn%3Ali%3Aactivity%3A7325372915430924288
2025-05-05 06:53:48,https://www.linkedin.com/feed/update/urn%3Ali%3Aactivity%3A7325050064786067456
2025-05-03 21:37:29,https://www.linkedin.com/feed/update/urn%3Ali%3Aactivity%3A7324547675012390912
2025-05-02 17:41:27,https://www.linkedin.com/feed/update/urn%3Ali%3Aactivity%3A7324125889531629568
2025-05-02 07:28:55,https://www.linkedin.com/feed/update/urn%3Ali%3Aactivity%3A7323971741062496256
2025-05-01 22:03:00,https://www.linkedin.com/feed/update/urn%3Ali%3Aactivity%3A7323829320412528641
2025-04-29 00:38:30,https://www.linkedin.com/feed/update/urn%3Ali%3Aactivity%3A7322781290041090048
2025-04-29 00:38:16,https://www.linkedin.com/feed/update/urn%3Ali%3Aactivity%3A7322781230561722370
2025-04-26 09:54:21,https://www.linkedin.com/feed/update/urn%3Ali%3Aactivity%3A7321834011125809152
2025-04-26 01:39:32,https://www.linkedin.com/feed/update/urn%3Ali%3Aactivity%3A7321709486602084352
2025-04-25 16:17:35,https://www.linkedin.com/feed/update/urn%3Ali%3Aactivity%3A7321568068801859585
2025-04-24 18:28:13,https://www.linkedin.com/feed/update/urn%3Ali%3Aactivity%3A7321238554376900609
2025-04-24 16:13:50,https://www.linkedin.com/feed/update/urn%3Ali%3Aactivity%3A7321204736026677248
2025-04-24 05:26:04,https://www.linkedin.com/feed/update/urn%3Ali%3Aactivity%3A7321041721222451201
2025-04-23 18:19:11,https://www.linkedin.com/feed/update/urn%3Ali%3Aactivity%3A7320873892749680641
2025-04-23 17:00:32,https://www.linkedin.com/feed/update/urn%3Ali%3Aactivity%3A7320854102878339073
2025-04-23 05:44:45,https://www.linkedin.com/feed/update/urn%3Ali%3Aactivity%3A7320684033091272705
2025-04-23 05:13:14,https://www.linkedin.com/feed/update/urn%3Ali%3Aactivity%3A7320676100878086144
2025-04-21 20:03:36,https://www.linkedin.com/feed/update/urn%3Ali%3Aactivity%3A7320175393821335554
2025-04-19 00:55:53,https://www.linkedin.com/feed/update/urn%3Ali%3Aactivity%3A7319161788397146112
2025-04-19 00:03:50,https://www.linkedin.com/feed/update/urn%3Ali%3Aactivity%3A7319148688897884160
2025-04-18 23:49:48,https://www.linkedin.com/feed/update/urn%3Ali%3Aactivity%3A7319145155905703936
2025-04-16 19:17:52,https://www.linkedin.com/feed/update/urn%3Ali%3Aactivity%3A7318351946224914434
2025-04-16 16:07:26,https://www.linkedin.com/feed/update/urn%3Ali%3Aactivity%3A7318304021465743360
2025-04-16 07:08:47,https://www.linkedin.com/feed/update/urn%3Ali%3Aactivity%3A7318168467889684480
2025-04-16 05:28:57,https://www.linkedin.com/feed/update/urn%3Ali%3Aactivity%3A7318143342263898112
2025-04-16 03:11:32,https://www.linkedin.com/feed/update/urn%3Ali%3Aactivity%3A7318108758973337601
2025-04-14 23:35:23,https://www.linkedin.com/feed/update/urn%3Ali%3Aactivity%3A7317691977087496192
2025-04-14 14:34:46,https://www.linkedin.com/feed/update/urn%3Ali%3Aactivity%3A7317555925727203329
2025-04-14 06:16:26,https://www.linkedin.com/feed/update/urn%3Ali%3Aactivity%3A7317430515983101952
2025-04-14 03:55:33,https://www.linkedin.com/feed/update/urn%3Ali%3Aactivity%3A7317395062873628672
2025-04-12 05:45:11,https://www.linkedin.com/feed/update/urn%3Ali%3Aactivity%3A7316697876288442368
2025-04-11 03:16:26,https://www.linkedin.com/feed/update/urn%3Ali%3Aactivity%3A7316298052837724161
2025-04-10 23:47:42,https://www.linkedin.com/feed/update/urn%3Ali%3Aactivity%3A7316245526943805440
2025-04-10 18:19:42,https://www.linkedin.com/feed/update/urn%3Ali%3Aactivity%3A7316162982156062722
2025-04-09 18:50:48,https://www.linkedin.com/feed/update/urn%3Ali%3Aactivity%3A7315808419930652674
2025-04-08 18:32:30,https://www.linkedin.com/feed/update/urn%3Ali%3Aactivity%3A7315441426652139520
2025-04-08 07:48:47,https://www.linkedin.com/feed/update/urn%3Ali%3Aactivity%3A7315279429612539904
2025-04-08 04:07:42,https://www.linkedin.com/feed/update/urn%3Ali%3Aactivity%3A7315223792048345090
2025-04-07 14:51:09,https://www.linkedin.com/feed/update/urn%3Ali%3Aactivity%3A7315023335799640065
2025-04-04 02:09:59,https://www.linkedin.com/feed/update/urn%3Ali%3Aactivity%3A7313744618607521793
2025-04-03 23:48:35,https://www.linkedin.com/feed/update/urn%3Ali%3Aactivity%3A7313709032765067265
2025-04-03 07:49:47,https://www.linkedin.com/feed/update/urn%3Ali%3Aactivity%3A7313467744652275712
2025-04-03 03:14:11,https://www.linkedin.com/feed/update/urn%3Ali%3Aactivity%3A7313398384726327296
2025-04-02 09:45:21,https://www.linkedin.com/feed/update/urn%3Ali%3Aactivity%3A7313134437074907137
2025-04-01 09:07:01,https://www.linkedin.com/feed/update/urn%3Ali%3Aactivity%3A7312762404780576768
2025-03-31 02:27:19,https://www.linkedin.com/feed/update/urn%3Ali%3Aactivity%3A7312299426193055745
2025-03-31 01:39:34,https://www.linkedin.com/feed/update/urn%3Ali%3Aactivity%3A7312287408975187968
2025-03-30 22:24:34,https://www.linkedin.com/feed/update/urn%3Ali%3Aactivity%3A7312238336989896704
2025-03-30 15:06:44,https://www.linkedin.com/feed/update/urn%3Ali%3Aactivity%3A7312128152909029376
2025-03-30 08:01:07,https://www.linkedin.com/feed/update/urn%3Ali%3Aactivity%3A7312021045224304641
2025-03-30 05:26:09,https://www.linkedin.com/feed/update/urn%3Ali%3Aactivity%3A7311982044996063232
2025-03-30 02:20:32,https://www.linkedin.com/feed/update/urn%3Ali%3Aactivity%3A7311935331816116224
2025-03-30 01:38:03,https://www.linkedin.com/feed/update/urn%3Ali%3Aactivity%3A7311924639771893762
2025-03-29 11:32:58,https://www.linkedin.com/feed/update/urn%3Ali%3Aactivity%3A7311711970812903424
2025-03-29 11:32:09,https://www.linkedin.com/feed/update/urn%3Ali%3Aactivity%3A7311711763723362304
2025-03-29 09:47:17,https://www.linkedin.com/feed/update/urn%3Ali%3Aactivity%3A7311685371728171009
2025-03-28 20:30:49,https://www.linkedin.com/feed/update/urn%3Ali%3Aactivity%3A7311484934127329280
2025-03-28 20:07:10,https://www.linkedin.com/feed/update/urn%3Ali%3Aactivity%3A7311478982082719746
2025-03-28 13:11:04,https://www.linkedin.com/feed/update/urn%3Ali%3Aactivity%3A7311374269450436608
2025-03-28 09:35:08,https://www.linkedin.com/feed/update/urn%3Ali%3Aactivity%3A7311319926839853056
2025-03-28 05:09:19,https://www.linkedin.com/feed/update/urn%3Ali%3Aactivity%3A7311253032023781376
2025-03-27 00:06:11,https://www.linkedin.com/feed/update/urn%3Ali%3Aactivity%3A7310814359411118080
2025-03-26 23:13:06,https://www.linkedin.com/feed/update/urn%3Ali%3Aactivity%3A7310801001123352576
2025-03-26 20:34:55,https://www.linkedin.com/feed/update/urn%3Ali%3Aactivity%3A7310761191709057024
2025-03-26 19:55:41,https://www.linkedin.com/feed/update/urn%3Ali%3Aactivity%3A7310751316912263168
2025-03-26 17:05:56,https://www.linkedin.com/feed/update/urn%3Ali%3Aactivity%3A7310708600430051329
2025-03-26 04:50:10,https://www.linkedin.com/feed/update/urn%3Ali%3Aactivity%3A7310523438828306432
2025-03-25 20:03:40,https://www.linkedin.com/feed/update/urn%3Ali%3Aactivity%3A7310390938118365186
2025-03-25 19:51:20,https://www.linkedin.com/feed/update/urn%3Ali%3Aactivity%3A7310387836363423745
2025-03-25 05:01:48,https://www.linkedin.com/feed/update/urn%3Ali%3Aactivity%3A7310163979199213568
2025-03-24 18:46:12,https://www.linkedin.com/feed/update/urn%3Ali%3Aactivity%3A7310009058776739840
2025-03-24 10:29:02,https://www.linkedin.com/feed/update/urn%3Ali%3Aactivity%3A7309883942084517888
2025-03-24 08:59:32,https://www.linkedin.com/feed/update/urn%3Ali%3Aactivity%3A7309861418512588801
2025-03-24 08:40:29,https://www.linkedin.com/feed/update/urn%3Ali%3Aactivity%3A7309856624876130304
2025-03-24 04:52:14,https://www.linkedin.com/feed/update/urn%3Ali%3Aactivity%3A7309799182456762369
2025-03-24 04:18:15,https://www.linkedin.com/feed/update/urn%3Ali%3Aactivity%3A7309790629301993472
2025-03-24 03:41:21,https://www.linkedin.com/feed/update/urn%3Ali%3Aactivity%3A7309781345570824194
2025-03-24 03:40:54,https://www.linkedin.com/feed/update/urn%3Ali%3Aactivity%3A7309781230357487618
2025-03-24 03:40:32,https://www.linkedin.com/feed/update/urn%3Ali%3Aactivity%3A7309781139534098432
2025-03-22 20:27:51,https://www.linkedin.com/feed/update/urn%3Ali%3Aactivity%3A7309309860364328961
2025-03-22 04:28:43,https://www.linkedin.com/feed/update/urn%3Ali%3Aactivity%3A7309068490181595136
2025-03-21 21:57:00,https://www.linkedin.com/feed/update/urn%3Ali%3Aactivity%3A7308969909567295488
2025-03-21 21:55:47,https://www.linkedin.com/feed/update/urn%3Ali%3Aactivity%3A7308969603605438464
2025-03-21 05:51:12,https://www.linkedin.com/feed/update/urn%3Ali%3Aactivity%3A7308726859272269824
2025-03-21 04:17:42,https://www.linkedin.com/feed/update/urn%3Ali%3Aactivity%3A7308703327389683712
2025-03-21 03:52:31,https://www.linkedin.com/feed/update/urn%3Ali%3Aactivity%3A7308696991243345922
2025-03-20 23:55:09,https://www.linkedin.com/feed/update/urn%3Ali%3Aactivity%3A7308637256091582464
2025-03-20 22:55:32,https://www.linkedin.com/feed/update/urn%3Ali%3Aactivity%3A7308622252588027904
2025-03-19 23:42:58,https://www.linkedin.com/feed/update/urn%3Ali%3Aactivity%3A7308271803208998912
2025-03-19 21:31:19,https://www.linkedin.com/feed/update/urn%3Ali%3Aactivity%3A7308238670082256896
2025-03-19 17:28:00,https://www.linkedin.com/feed/update/urn%3Ali%3Aactivity%3A7308177438092496898
2025-03-19 16:05:26,https://www.linkedin.com/feed/update/urn%3Ali%3Aactivity%3A7308156659304935425
2025-03-19 12:40:33,https://www.linkedin.com/feed/update/urn%3Ali%3Aactivity%3A7308105097014575106
2025-03-19 09:29:02,https://www.linkedin.com/feed/update/urn%3Ali%3Aactivity%3A7308056901466918913
2025-03-17 10:25:30,https://www.linkedin.com/feed/update/urn%3Ali%3Aactivity%3A7307346337925148672
2025-03-17 09:30:19,https://www.linkedin.com/feed/update/urn%3Ali%3Aactivity%3A7307332448734826496
2025-03-17 04:57:01,https://www.linkedin.com/feed/update/urn%3Ali%3Aactivity%3A7307263671619960833
2025-03-16 05:49:28,https://www.linkedin.com/feed/update/urn%3Ali%3Aactivity%3A7306914483568881666
2025-03-15 17:36:37,https://www.linkedin.com/feed/update/urn%3Ali%3Aactivity%3A7306730053042610177
2025-03-14 22:01:16,https://www.linkedin.com/feed/update/urn%3Ali%3Aactivity%3A7306434268975534081
2025-03-14 21:41:13,https://www.linkedin.com/feed/update/urn%3Ali%3Aactivity%3A7306429221562634242
2025-03-14 19:34:01,https://www.linkedin.com/feed/update/urn%3Ali%3Aactivity%3A7306397211951517696
2025-03-14 15:31:36,https://www.linkedin.com/feed/update/urn%3Ali%3Aactivity%3A7306336206466752512
2025-03-14 14:25:26,https://www.linkedin.com/feed/update/urn%3Ali%3Aactivity%3A7306319555025412096
2025-03-14 00:26:28,https://www.linkedin.com/feed/update/urn%3Ali%3Aactivity%3A7306108419931873281
2025-03-13 22:31:34,https://www.linkedin.com/feed/update/urn%3Ali%3Aactivity%3A7306079503569625088
2025-03-13 21:50:20,https://www.linkedin.com/feed/update/urn%3Ali%3Aactivity%3A7306069129059254272
2025-03-13 01:17:19,https://www.linkedin.com/feed/update/urn%3Ali%3Aactivity%3A7305758829042905089
2025-03-13 00:53:55,https://www.linkedin.com/feed/update/urn%3Ali%3Aactivity%3A7305752942110720001
2025-03-12 20:02:34,https://www.linkedin.com/feed/update/urn%3Ali%3Aactivity%3A7305679622241665024
2025-03-12 19:46:25,https://www.linkedin.com/feed/update/urn%3Ali%3Aactivity%3A7305675557457797121
2025-03-12 16:57:17,https://www.linkedin.com/feed/update/urn%3Ali%3Aactivity%3A7305632992515739648
2025-03-12 16:56:15,https://www.linkedin.com/feed/update/urn%3Ali%3Aactivity%3A7305632734289244161
2025-03-12 07:28:30,https://www.linkedin.com/feed/update/urn%3Ali%3Aactivity%3A7305489854891470848
2025-03-12 06:43:09,https://www.linkedin.com/feed/update/urn%3Ali%3Aactivity%3A7305478439988252674
2025-03-11 07:35:09,https://www.linkedin.com/feed/update/urn%3Ali%3Aactivity%3A7305129137277386753
2025-03-10 02:41:37,https://www.linkedin.com/feed/update/urn%3Ali%3Aactivity%3A7304692880017657858
2025-03-09 19:39:42,https://www.linkedin.com/feed/update/urn%3Ali%3Aactivity%3A7304586700830167043
2025-03-08 18:03:49,https://www.linkedin.com/feed/update/urn%3Ali%3Aactivity%3A7304200185218273280
2025-03-07 18:38:39,https://www.linkedin.com/feed/update/urn%3Ali%3Aactivity%3A7303846563016019968
2025-03-07 17:42:28,https://www.linkedin.com/feed/update/urn%3Ali%3Aactivity%3A7303832424147230721
2025-03-07 17:41:46,https://www.linkedin.com/feed/update/urn%3Ali%3Aactivity%3A7303832245763547136
2025-03-07 02:03:17,https://www.linkedin.com/feed/update/urn%3Ali%3Aactivity%3A7303596072549982210
2025-03-07 02:02:10,https://www.linkedin.com/feed/update/urn%3Ali%3Aactivity%3A7303595789652500481
2025-03-06 18:46:17,https://www.linkedin.com/feed/update/urn%3Ali%3Aactivity%3A7303486095336386562
2025-03-06 03:51:59,https://www.linkedin.com/feed/update/urn%3Ali%3Aactivity%3A7303261038567641088
2025-03-05 20:41:33,https://www.linkedin.com/feed/update/urn%3Ali%3Aactivity%3A7303152718016061441
2025-03-05 00:03:01,https://www.linkedin.com/feed/update/urn%3Ali%3Aactivity%3A7302841028695269376
2025-03-04 14:39:24,https://www.linkedin.com/feed/update/urn%3Ali%3Aactivity%3A7302699189006741506
2025-03-04 14:05:27,https://www.linkedin.com/feed/update/urn%3Ali%3Aactivity%3A7302690646732021760
2025-03-04 02:55:53,https://www.linkedin.com/feed/update/urn%3Ali%3Aactivity%3A7302522144804978688
2025-03-03 11:52:41,https://www.linkedin.com/feed/update/urn%3Ali%3Aactivity%3A7302294847879581696
2025-03-03 10:48:22,https://www.linkedin.com/feed/update/urn%3Ali%3Aactivity%3A7302278662437945344
2025-03-03 09:44:53,https://www.linkedin.com/feed/update/urn%3Ali%3Aactivity%3A7302262685893566464
2025-03-03 01:47:06,https://www.linkedin.com/feed/update/urn%3Ali%3Aactivity%3A7302142448401534976
2025-03-02 22:02:51,https://www.linkedin.com/feed/update/urn%3Ali%3Aactivity%3A7302086013047169025
2025-03-02 19:15:35,https://www.linkedin.com/feed/update/urn%3Ali%3Aactivity%3A7302043916395024385
2025-03-02 16:57:22,https://www.linkedin.com/feed/update/urn%3Ali%3Aactivity%3A7302009132771942400
2025-03-02 04:51:09,https://www.linkedin.com/feed/update/urn%3Ali%3Aactivity%3A7301826377370976256
2025-03-01 22:02:03,https://www.linkedin.com/feed/update/urn%3Ali%3Aactivity%3A7301723421829173248
2025-02-28 22:30:13,https://www.linkedin.com/feed/update/urn%3Ali%3Aactivity%3A7301368123528556544
2025-02-28 18:16:57,https://www.linkedin.com/feed/update/urn%3Ali%3Aactivity%3A7301304386318675968
2025-02-28 17:37:55,https://www.linkedin.com/feed/update/urn%3Ali%3Aactivity%3A7301294562369552385
2025-02-28 12:40:31,https://www.linkedin.com/feed/update/urn%3Ali%3Aactivity%3A7301219722472108032
2025-02-28 12:39:28,https://www.linkedin.com/feed/update/urn%3Ali%3Aactivity%3A7301219458084151297
2025-02-28 00:50:58,https://www.linkedin.com/feed/update/urn%3Ali%3Aactivity%3A7301041158162427904
2025-02-27 11:34:55,https://www.linkedin.com/feed/update/urn%3Ali%3Aactivity%3A7300840823452024832
2025-02-25 23:04:08,https://www.linkedin.com/feed/update/urn%3Ali%3Aactivity%3A7300289496124702722
2025-02-25 03:08:01,https://www.linkedin.com/feed/update/urn%3Ali%3Aactivity%3A7299988483161346049
2025-02-24 22:06:32,https://www.linkedin.com/feed/update/urn%3Ali%3Aactivity%3A7299912612006244352
2025-02-24 16:41:32,https://www.linkedin.com/feed/update/urn%3Ali%3Aactivity%3A7299830824751775744
2025-02-24 07:14:22,https://www.linkedin.com/feed/update/urn%3Ali%3Aactivity%3A7299688092397973504
2025-02-24 07:11:16,https://www.linkedin.com/feed/update/urn%3Ali%3Aactivity%3A7299687309933756417
2025-02-24 05:54:17,https://www.linkedin.com/feed/update/urn%3Ali%3Aactivity%3A7299667935814422528
2025-02-23 20:23:03,https://www.linkedin.com/feed/update/urn%3Ali%3Aactivity%3A7299524180415336448
2025-02-22 20:29:05,https://www.linkedin.com/feed/update/urn%3Ali%3Aactivity%3A7299163311525244928
2025-02-22 20:18:02,https://www.linkedin.com/feed/update/urn%3Ali%3Aactivity%3A7299160531070828545
2025-02-22 15:04:22,https://www.linkedin.com/feed/update/urn%3Ali%3Aactivity%3A7299081593409740801
2025-02-22 08:17:26,https://www.linkedin.com/feed/update/urn%3Ali%3Aactivity%3A7298979184930893824
2025-02-21 21:48:16,https://www.linkedin.com/feed/update/urn%3Ali%3Aactivity%3A7298820851775217664
2025-02-21 17:10:23,https://www.linkedin.com/feed/update/urn%3Ali%3Aactivity%3A7298750921528725504
2025-02-21 07:02:27,https://www.linkedin.com/feed/update/urn%3Ali%3Aactivity%3A7298597929122938880
2025-02-21 07:00:40,https://www.linkedin.com/feed/update/urn%3Ali%3Aactivity%3A7298597478105325568
2025-02-21 05:32:20,https://www.linkedin.com/feed/update/urn%3Ali%3Aactivity%3A7298575251276210176
2025-02-19 22:37:00,https://www.linkedin.com/feed/update/urn%3Ali%3Aactivity%3A7298108337953378305
2025-02-19 18:06:33,https://www.linkedin.com/feed/update/urn%3Ali%3Aactivity%3A7298040278643355650
2025-02-19 17:59:56,https://www.linkedin.com/feed/update/urn%3Ali%3Aactivity%3A7298038613294858240
2025-02-19 16:07:47,https://www.linkedin.com/feed/update/urn%3Ali%3Aactivity%3A7298010390045564929
2025-02-18 22:44:25,https://www.linkedin.com/feed/update/urn%3Ali%3Aactivity%3A7297747818050396160
2025-02-18 22:00:40,https://www.linkedin.com/feed/update/urn%3Ali%3Aactivity%3A7297736807083913216
2025-02-18 21:46:24,https://www.linkedin.com/feed/update/urn%3Ali%3Aactivity%3A7297733220001845248
2025-02-16 07:38:51,https://www.linkedin.com/feed/update/urn%3Ali%3Aactivity%3A7296795148217135104
2025-02-14 06:13:02,https://www.linkedin.com/feed/update/urn%3Ali%3Aactivity%3A7296048776291528704
2025-02-13 01:23:00,https://www.linkedin.com/feed/update/urn%3Ali%3Aactivity%3A7295613400863121408
2025-02-13 00:30:39,https://www.linkedin.com/feed/update/urn%3Ali%3Aactivity%3A7295600226877198336
2025-02-12 16:51:29,https://www.linkedin.com/feed/update/urn%3Ali%3Aactivity%3A7295484672799555585
2025-02-05 05:19:01,https://www.linkedin.com/feed/update/urn%3Ali%3Aactivity%3A7292773693867405312
2025-02-04 18:19:48,https://www.linkedin.com/feed/update/urn%3Ali%3Aactivity%3A7292607793797156864
2025-02-01 20:12:08,https://www.linkedin.com/feed/update/urn%3Ali%3Aactivity%3A7291548903374524417
2025-01-29 17:21:32,https://www.linkedin.com/feed/update/urn%3Ali%3Aactivity%3A7290418805346877441
2025-01-29 16:24:10,https://www.linkedin.com/feed/update/urn%3Ali%3Aactivity%3A7290404366690177024
2025-01-29 16:23:00,https://www.linkedin.com/feed/update/urn%3Ali%3Aactivity%3A7290404075890692097
2025-01-28 16:05:27,https://www.linkedin.com/feed/update/urn%3Ali%3Aactivity%3A7290037271137792000
2025-01-27 22:19:08,https://www.linkedin.com/feed/update/urn%3Ali%3Aactivity%3A7289768921996439552
2025-01-26 19:24:59,https://www.linkedin.com/feed/update/urn%3Ali%3Aactivity%3A7289362708007661568
2025-01-24 20:19:21,https://www.linkedin.com/feed/update/urn%3Ali%3Aactivity%3A7288651612837883910
2025-01-23 22:19:42,https://www.linkedin.com/feed/update/urn%3Ali%3Aactivity%3A7288319512813223936
2025-01-23 05:38:23,https://www.linkedin.com/feed/update/urn%3Ali%3Aactivity%3A7288067526209478658
2025-01-23 01:03:10,https://www.linkedin.com/feed/update/urn%3Ali%3Aactivity%3A7287998264467955713
2025-01-23 01:02:38,https://www.linkedin.com/feed/update/urn%3Ali%3Aactivity%3A7287998128169926656
2025-01-19 21:29:11,https://www.linkedin.com/feed/update/urn%3Ali%3Aactivity%3A7286857250147614721
2025-01-17 17:10:15,https://www.linkedin.com/feed/update/urn%3Ali%3Aactivity%3A7286067309851353088
2025-01-14 15:04:45,https://www.linkedin.com/feed/update/urn%3Ali%3Aactivity%3A7284948564802187264
2025-01-13 13:33:34,https://www.linkedin.com/feed/update/urn%3Ali%3Aactivity%3A7284563231015104513
2025-01-10 18:27:40,https://www.linkedin.com/feed/update/urn%3Ali%3Aactivity%3A7283550078424752128
2025-01-09 16:28:13,https://www.linkedin.com/feed/update/urn%3Ali%3Aactivity%3A7283157628543713282
2025-01-09 13:15:48,https://www.linkedin.com/feed/update/urn%3Ali%3Aactivity%3A7283109205626994689
2025-01-09 08:21:47,https://www.linkedin.com/feed/update/urn%3Ali%3Aactivity%3A7283035216909160452
2025-01-07 20:07:41,https://www.linkedin.com/feed/update/urn%3Ali%3Aactivity%3A7282488083915096066
2025-01-07 13:30:37,https://www.linkedin.com/feed/update/urn%3Ali%3Aactivity%3A7282388161580675072
2025-01-07 13:06:34,https://www.linkedin.com/feed/update/urn%3Ali%3Aactivity%3A7282382107744575489
2025-01-07 13:06:20,https://www.linkedin.com/feed/update/urn%3Ali%3Aactivity%3A7282382046725918720
2025-01-07 12:06:44,https://www.linkedin.com/feed/update/urn%3Ali%3Aactivity%3A7282367049727725568
2025-01-07 05:46:24,https://www.linkedin.com/feed/update/urn%3Ali%3Aactivity%3A7282271334640861184
2025-01-06 22:56:10,https://www.linkedin.com/feed/update/urn%3Ali%3Aactivity%3A7282168099301203969
2025-01-06 14:21:38,https://www.linkedin.com/feed/update/urn%3Ali%3Aactivity%3A7282038610109853696
2025-01-06 12:05:24,https://www.linkedin.com/feed/update/urn%3Ali%3Aactivity%3A7282004326779121664
2025-01-06 11:16:45,https://www.linkedin.com/feed/update/urn%3Ali%3Aactivity%3A7281992084536864769
2025-01-06 10:20:09,https://www.linkedin.com/feed/update/urn%3Ali%3Aactivity%3A7281977840747626497
2025-01-06 09:41:11,https://www.linkedin.com/feed/update/urn%3Ali%3Aactivity%3A7281968033764360195
2025-01-05 17:33:48,https://www.linkedin.com/feed/update/urn%3Ali%3Aactivity%3A7281724582338744320
2025-01-05 09:38:50,https://www.linkedin.com/feed/update/urn%3Ali%3Aactivity%3A7281605052786450432
2025-01-05 01:50:10,https://www.linkedin.com/feed/update/urn%3Ali%3Aactivity%3A7281487109524201472
2025-01-05 01:24:55,https://www.linkedin.com/feed/update/urn%3Ali%3Aactivity%3A7281480755774439425
2025-01-05 01:24:20,https://www.linkedin.com/feed/update/urn%3Ali%3Aactivity%3A7281480608059400193
2025-01-05 00:40:19,https://www.linkedin.com/feed/update/urn%3Ali%3Aactivity%3A7281469530432778240
2025-01-05 00:20:27,https://www.linkedin.com/feed/update/urn%3Ali%3Aactivity%3A7281464532512751616
2025-01-04 14:27:43,https://www.linkedin.com/feed/update/urn%3Ali%3Aactivity%3A7281315366486601728
2025-01-03 22:54:59,https://www.linkedin.com/feed/update/urn%3Ali%3Aactivity%3A7281080634070999040
2025-01-03 15:59:58,https://www.linkedin.com/feed/update/urn%3Ali%3Aactivity%3A7280976191426048000
2025-01-03 14:18:56,https://www.linkedin.com/feed/update/urn%3Ali%3Aactivity%3A7280950765907517440
2025-01-03 08:35:24,https://www.linkedin.com/feed/update/urn%3Ali%3Aactivity%3A7280864314058592256
2025-01-02 17:31:05,https://www.linkedin.com/feed/update/urn%3Ali%3Aactivity%3A7280636735372369923
2025-01-02 08:40:53,https://www.linkedin.com/feed/update/urn%3Ali%3Aactivity%3A7280503304701259776
2025-01-02 03:49:51,https://www.linkedin.com/feed/update/urn%3Ali%3Aactivity%3A7280430065744560128
2024-12-31 15:15:59,https://www.linkedin.com/feed/update/urn%3Ali%3Aactivity%3A7279877962525523968
2024-12-31 13:46:20,https://www.linkedin.com/feed/update/urn%3Ali%3Aactivity%3A7279855400923869184
2024-12-31 13:44:20,https://www.linkedin.com/feed/update/urn%3Ali%3Aactivity%3A7279854894813982720
2024-12-31 13:10:44,https://www.linkedin.com/feed/update/urn%3Ali%3Aactivity%3A7279846439801761792
2024-12-31 13:08:11,https://www.linkedin.com/feed/update/urn%3Ali%3Aactivity%3A7279845798681423877
2024-12-31 13:07:04,https://www.linkedin.com/feed/update/urn%3Ali%3Aactivity%3A7279845517432442880
2024-12-29 01:21:56,https://www.linkedin.com/feed/update/urn%3Ali%3Aactivity%3A7278943289012011008
2024-12-28 03:00:08,https://www.linkedin.com/feed/update/urn%3Ali%3Aactivity%3A7278605616858734593
2024-12-27 03:58:56,https://www.linkedin.com/feed/update/urn%3Ali%3Aactivity%3A7278258023641325568
2024-12-25 04:12:57,https://www.linkedin.com/feed/update/urn%3Ali%3Aactivity%3A7277536774724243456
2024-12-23 12:04:38,https://www.linkedin.com/feed/update/urn%3Ali%3Aactivity%3A7276930702737076224
2024-12-23 11:27:37,https://www.linkedin.com/feed/update/urn%3Ali%3Aactivity%3A7276921387116584960
2024-12-21 22:17:02,https://www.linkedin.com/feed/update/urn%3Ali%3Aactivity%3A7276360041719324672
2024-12-20 18:56:42,https://www.linkedin.com/feed/update/urn%3Ali%3Aactivity%3A7275947239456350208
2024-12-19 01:14:49,https://www.linkedin.com/feed/update/urn%3Ali%3Aactivity%3A7275317618121613312
2024-12-18 10:29:22,https://www.linkedin.com/feed/update/urn%3Ali%3Aactivity%3A7275094787748208640
2024-12-17 09:57:40,https://www.linkedin.com/feed/update/urn%3Ali%3Aactivity%3A7274724424715542528
2024-12-15 23:19:10,https://www.linkedin.com/feed/update/urn%3Ali%3Aactivity%3A7274201352522592257
2024-12-14 15:52:58,https://www.linkedin.com/feed/update/urn%3Ali%3Aactivity%3A7273726676037976064
2024-12-13 08:18:52,https://www.linkedin.com/feed/update/urn%3Ali%3Aactivity%3A7273250008202653696
2024-12-12 03:04:34,https://www.linkedin.com/feed/update/urn%3Ali%3Aactivity%3A7272808525746040833
2024-12-05 18:46:43,https://www.linkedin.com/feed/update/urn%3Ali%3Aactivity%3A7270508909059043331
2024-11-29 08:59:32,https://www.linkedin.com/feed/update/urn%3Ali%3Aactivity%3A7268186814186696704
2024-11-26 23:02:44,https://www.linkedin.com/feed/update/urn%3Ali%3Aactivity%3A7267311847844777984
2024-11-25 21:57:13,https://www.linkedin.com/feed/update/urn%3Ali%3Aactivity%3A7266932971469713408
2024-11-23 14:39:48,https://www.linkedin.com/feed/update/urn%3Ali%3Aactivity%3A7266098117794496512
2024-11-18 22:23:49,https://www.linkedin.com/feed/update/urn%3Ali%3Aactivity%3A7264402949378850816
2024-11-15 17:57:17,https://www.linkedin.com/feed/update/urn%3Ali%3Aactivity%3A7263248710011097088
2024-11-15 12:57:25,https://www.linkedin.com/feed/update/urn%3Ali%3Aactivity%3A7263173249667145728
2024-11-13 18:19:50,https://www.linkedin.com/feed/update/urn%3Ali%3Aactivity%3A7262529609601069057
2024-11-11 21:34:28,https://www.linkedin.com/feed/update/urn%3Ali%3Aactivity%3A7261853814234710019
2024-11-10 22:07:26,https://www.linkedin.com/feed/update/urn%3Ali%3Aactivity%3A7261499723868438528
2024-11-09 23:44:22,https://www.linkedin.com/feed/update/urn%3Ali%3Aactivity%3A7261161729856843776
2024-11-09 23:41:51,https://www.linkedin.com/feed/update/urn%3Ali%3Aactivity%3A7261161098286964736
2024-11-09 15:44:58,https://www.linkedin.com/feed/update/urn%3Ali%3Aactivity%3A7261041086049996800
2024-11-07 22:53:06,https://www.linkedin.com/feed/update/urn%3Ali%3Aactivity%3A7260424052714921984
2024-11-07 05:20:47,https://www.linkedin.com/feed/update/urn%3Ali%3Aactivity%3A7260159230169526272
2024-11-06 09:50:08,https://www.linkedin.com/feed/update/urn%3Ali%3Aactivity%3A7259864626161438720
2024-11-04 09:07:21,https://www.linkedin.com/feed/update/urn%3Ali%3Aactivity%3A7259129082376802304
2024-11-04 07:49:53,https://www.linkedin.com/feed/update/urn%3Ali%3Aactivity%3A7259109587327279104
2024-11-03 22:09:18,https://www.linkedin.com/feed/update/urn%3Ali%3Aactivity%3A7258963478927859712
2024-11-01 12:01:12,https://www.linkedin.com/feed/update/urn%3Ali%3Aactivity%3A7258085670609408001
2024-10-31 11:09:59,https://www.linkedin.com/feed/update/urn%3Ali%3Aactivity%3A7257710391722455040
2024-10-31 10:44:55,https://www.linkedin.com/feed/update/urn%3Ali%3Aactivity%3A7257704085749936128
2024-10-31 05:33:00,https://www.linkedin.com/feed/update/urn%3Ali%3Aactivity%3A7257625587245068288
2024-10-30 19:10:29,https://www.linkedin.com/feed/update/urn%3Ali%3Aactivity%3A7257468926698139648
2024-10-30 13:51:41,https://www.linkedin.com/feed/update/urn%3Ali%3Aactivity%3A7257388698218946560
2024-10-30 01:57:16,https://www.linkedin.com/feed/update/urn%3Ali%3Aactivity%3A7257208911647125504
2024-10-30 01:51:15,https://www.linkedin.com/feed/update/urn%3Ali%3Aactivity%3A7257207397675368449
2024-10-27 01:38:09,https://www.linkedin.com/feed/update/urn%3Ali%3Aactivity%3A7256116934151176192
2024-10-07 22:34:08,https://www.linkedin.com/feed/update/urn%3Ali%3Aactivity%3A7249185255591419904
2024-09-30 11:58:19,https://www.linkedin.com/feed/update/urn%3Ali%3Aactivity%3A7246488532989435906
2024-09-27 05:34:55,https://www.linkedin.com/feed/update/urn%3Ali%3Aactivity%3A7245304884638457857
2024-09-26 06:51:24,https://www.linkedin.com/feed/update/urn%3Ali%3Aactivity%3A7244961742462590976
2024-09-23 23:54:38,https://www.linkedin.com/feed/update/urn%3Ali%3Aactivity%3A7244132086859661312
2024-09-21 03:48:25,https://www.linkedin.com/feed/update/urn%3Ali%3Aactivity%3A7243103756429451265
2024-09-21 02:44:48,https://www.linkedin.com/feed/update/urn%3Ali%3Aactivity%3A7243087746968215552
2024-09-18 19:31:03,https://www.linkedin.com/feed/update/urn%3Ali%3Aactivity%3A7242253814131519490
2024-09-13 19:46:52,https://www.linkedin.com/feed/update/urn%3Ali%3Aactivity%3A7240445852371054592
2024-09-09 17:58:12,https://www.linkedin.com/feed/update/urn%3Ali%3Aactivity%3A7238968954633797632
2024-09-05 18:57:46,https://www.linkedin.com/feed/update/urn%3Ali%3Aactivity%3A7237534394628894720
2024-08-17 21:54:58,https://www.linkedin.com/feed/update/urn%3Ali%3Aactivity%3A7230693620058570752
2024-08-13 22:13:51,https://www.linkedin.com/feed/update/urn%3Ali%3Aactivity%3A7229248820625207297
2024-08-08 09:26:32,https://www.linkedin.com/feed/update/urn%3Ali%3Aactivity%3A7227243779961798656
2024-08-06 14:23:27,https://www.linkedin.com/feed/update/urn%3Ali%3Aactivity%3A7226593725844504576
2024-08-06 14:22:14,https://www.linkedin.com/feed/update/urn%3Ali%3Aactivity%3A7226593418985029632
2024-08-06 14:22:05,https://www.linkedin.com/feed/update/urn%3Ali%3Aactivity%3A7226593382486224896
2024-07-29 04:33:44,https://www.linkedin.com/feed/update/urn%3Ali%3Aactivity%3A7223546214955302912
2024-07-28 22:06:49,https://www.linkedin.com/feed/update/urn%3Ali%3Aactivity%3A7223448842103353344
2024-07-27 07:40:57,https://www.linkedin.com/feed/update/urn%3Ali%3Aactivity%3A7222868554168033280
2024-07-26 16:01:43,https://www.linkedin.com/feed/update/urn%3Ali%3Aactivity%3A7222632185466343427
2024-07-26 16:00:35,https://www.linkedin.com/feed/update/urn%3Ali%3Aactivity%3A7222631901302284289
2024-07-26 02:00:20,https://www.linkedin.com/feed/update/urn%3Ali%3Aactivity%3A7222420445495447554
2024-07-23 03:36:39,https://www.linkedin.com/feed/update/urn%3Ali%3Aactivity%3A7221357522698354690
2024-07-16 01:40:44,https://www.linkedin.com/feed/update/urn%3Ali%3Aactivity%3A7218791633402613761
2024-07-12 09:33:54,https://www.linkedin.com/feed/update/urn%3Ali%3Aactivity%3A7217461160306954240
2024-07-12 08:38:52,https://www.linkedin.com/feed/update/urn%3Ali%3Aactivity%3A7217447311637925888
2024-07-09 17:28:44,https://www.linkedin.com/feed/update/urn%3Ali%3Aactivity%3A7216493491558703104
2024-07-09 05:08:47,https://www.linkedin.com/feed/update/urn%3Ali%3Aactivity%3A7216307277710942208
2024-07-07 18:47:51,https://www.linkedin.com/feed/update/urn%3Ali%3Aactivity%3A7215788627467939840
2024-07-07 15:10:52,https://www.linkedin.com/feed/update/urn%3Ali%3Aactivity%3A7215734022914605056
2024-07-07 14:17:46,https://www.linkedin.com/feed/update/urn%3Ali%3Aactivity%3A7215720656456306689
2024-07-07 03:19:48,https://www.linkedin.com/feed/update/urn%3Ali%3Aactivity%3A7215555075744677889
2024-07-07 02:09:50,https://www.linkedin.com/feed/update/urn%3Ali%3Aactivity%3A7215537467490230273
2024-07-07 01:49:23,https://www.linkedin.com/feed/update/urn%3Ali%3Aactivity%3A7215532322522116097
2024-07-07 01:23:52,https://www.linkedin.com/feed/update/urn%3Ali%3Aactivity%3A7215525899721400320
2024-07-04 22:55:58,https://www.linkedin.com/feed/update/urn%3Ali%3Aactivity%3A7214763905053523969
2024-07-04 12:09:46,https://www.linkedin.com/feed/update/urn%3Ali%3Aactivity%3A7214601280898359298
2024-07-04 12:04:05,https://www.linkedin.com/feed/update/urn%3Ali%3Aactivity%3A7214599854163996672
2024-07-04 12:01:03,https://www.linkedin.com/feed/update/urn%3Ali%3Aactivity%3A7214599088544079872
2024-06-29 09:51:04,https://www.linkedin.com/feed/update/urn%3Ali%3Aactivity%3A7212754437595910144
2024-06-28 18:12:13,https://www.linkedin.com/feed/update/urn%3Ali%3Aactivity%3A7212518167787528194
2024-06-28 12:30:36,https://www.linkedin.com/feed/update/urn%3Ali%3Aactivity%3A7212432197222293505
2024-06-28 06:53:21,https://www.linkedin.com/feed/update/urn%3Ali%3Aactivity%3A7212347327271849984
2024-06-27 10:49:18,https://www.linkedin.com/feed/update/urn%3Ali%3Aactivity%3A7212044317576585216
2024-06-27 08:27:11,https://www.linkedin.com/feed/update/urn%3Ali%3Aactivity%3A7212008550703775745
2024-06-14 03:36:47,https://www.linkedin.com/feed/update/urn%3Ali%3Aactivity%3A7207224428785528833
2024-06-08 22:23:24,https://www.linkedin.com/feed/update/urn%3Ali%3Aactivity%3A7205333621941895169
2024-05-29 18:51:43,https://www.linkedin.com/feed/update/urn%3Ali%3Aactivity%3A7201656474878582784
2024-05-27 14:12:15,https://www.linkedin.com/feed/update/urn%3Ali%3Aactivity%3A7200861366637797376
2024-05-23 05:45:06,https://www.linkedin.com/feed/update/urn%3Ali%3Aactivity%3A7199284188280217601
2024-05-16 15:49:10,https://www.linkedin.com/feed/update/urn%3Ali%3Aactivity%3A7196899490690179072
2024-05-14 21:49:03,https://www.linkedin.com/feed/update/urn%3Ali%3Aactivity%3A7196265282380705793
2024-05-13 19:40:40,https://www.linkedin.com/feed/update/urn%3Ali%3Aactivity%3A7195870584176533504
2024-05-13 13:45:01,https://www.linkedin.com/feed/update/urn%3Ali%3Aactivity%3A7195781082762366978
2024-04-22 10:58:05,https://www.linkedin.com/feed/update/urn%3Ali%3Aactivity%3A7188128930451677184
2024-04-21 07:36:06,https://www.linkedin.com/feed/update/urn%3Ali%3Aactivity%3A7187715710947602432
2024-04-20 11:31:19,https://www.linkedin.com/feed/update/urn%3Ali%3Aactivity%3A7187412518175158272
2024-03-10 14:35:06,https://www.linkedin.com/feed/update/urn%3Ali%3Aactivity%3A7172600864283582464
2024-03-09 11:54:49,https://www.linkedin.com/feed/update/urn%3Ali%3Aactivity%3A7172198140945612800
2024-03-09 11:53:43,https://www.linkedin.com/feed/update/urn%3Ali%3Aactivity%3A7172197862880075776
2024-02-03 10:23:26,https://www.linkedin.com/feed/update/urn%3Ali%3Aactivity%3A7159491566783418368
2024-01-17 17:42:02,https://www.linkedin.com/feed/update/urn%3Ali%3Aactivity%3A7153441350263230465
2024-01-17 17:40:57,https://www.linkedin.com/feed/update/urn%3Ali%3Aactivity%3A7153441077050400769
2024-01-17 17:05:33,https://www.linkedin.com/feed/update/urn%3Ali%3Aactivity%3A7153432167929237504
2024-01-09 05:43:14,https://www.linkedin.com/feed/update/urn%3Ali%3Aactivity%3A7150361356964130817
2024-01-08 18:26:44,https://www.linkedin.com/feed/update/urn%3Ali%3Aactivity%3A7150191106922545152
2024-01-08 18:26:03,https://www.linkedin.com/feed/update/urn%3Ali%3Aactivity%3A7150190937594298369
2024-01-07 03:10:44,https://www.linkedin.com/feed/update/urn%3Ali%3Aactivity%3A7149598201543557120
2024-01-05 11:35:21,https://www.linkedin.com/feed/update/urn%3Ali%3Aactivity%3A7149000416771346432
2023-12-29 07:26:50,https://www.linkedin.com/feed/update/urn%3Ali%3Aactivity%3A7146401159740547072
2023-12-26 15:55:26,https://www.linkedin.com/feed/update/urn%3Ali%3Aactivity%3A7145441991185620992
2023-12-26 13:37:57,https://www.linkedin.com/feed/update/urn%3Ali%3Aactivity%3A7145407390690009088
2023-12-26 12:08:48,https://www.linkedin.com/feed/update/urn%3Ali%3Aactivity%3A7145384957098549248
2023-12-26 12:07:00,https://www.linkedin.com/feed/update/urn%3Ali%3Aactivity%3A7145384503388086272
2023-12-26 12:06:15,https://www.linkedin.com/feed/update/urn%3Ali%3Aactivity%3A7145384314820517888
2023-12-26 11:11:51,https://www.linkedin.com/feed/update/urn%3Ali%3Aactivity%3A7145370625761501184
2023-12-26 09:59:34,https://www.linkedin.com/feed/update/urn%3Ali%3Aactivity%3A7145352432338841600
2023-12-26 03:53:00,https://www.linkedin.com/feed/update/urn%3Ali%3Aactivity%3A7145260183668088832
2023-12-26 02:05:46,https://www.linkedin.com/feed/update/urn%3Ali%3Aactivity%3A7145233199760093184
2023-12-26 01:59:46,https://www.linkedin.com/feed/update/urn%3Ali%3Aactivity%3A7145231687621165056
2023-12-25 11:34:49,https://www.linkedin.com/feed/update/urn%3Ali%3Aactivity%3A7145014015574818816
2023-12-24 20:49:14,https://www.linkedin.com/feed/update/urn%3Ali%3Aactivity%3A7144791154348146688
2023-12-20 23:58:21,https://www.linkedin.com/feed/update/urn%3Ali%3Aactivity%3A7143389192687919104
2023-12-20 19:31:34,https://www.linkedin.com/feed/update/urn%3Ali%3Aactivity%3A7143322053385805824
2023-12-20 08:00:57,https://www.linkedin.com/feed/update/urn%3Ali%3Aactivity%3A7143148254287831040
2023-12-14 06:48:59,https://www.linkedin.com/feed/update/urn%3Ali%3Aactivity%3A7140955816383221760
2023-12-14 03:12:07,https://www.linkedin.com/feed/update/urn%3Ali%3Aactivity%3A7140901243031314433
2023-12-06 16:08:20,https://www.linkedin.com/feed/update/urn%3Ali%3Aactivity%3A7138197477886738432
2023-11-29 15:10:51,https://www.linkedin.com/feed/update/urn%3Ali%3Aactivity%3A7135646300053655552
2023-11-29 03:28:25,https://www.linkedin.com/feed/update/urn%3Ali%3Aactivity%3A7135469526145499137
2023-11-22 21:52:46,https://www.linkedin.com/feed/update/urn%3Ali%3Aactivity%3A7133210730912260096
2023-11-18 00:26:49,https://www.linkedin.com/feed/update/urn%3Ali%3Aactivity%3A7131437558290399232
2023-11-06 03:09:57,https://www.linkedin.com/feed/update/urn%3Ali%3Aactivity%3A7127129958128238592
2023-11-04 02:43:34,https://www.linkedin.com/feed/update/urn%3Ali%3Aactivity%3A7126398542469832704
2023-10-07 03:16:09,https://www.linkedin.com/feed/update/urn%3Ali%3Aactivity%3A7116259880260272128
2023-10-07 01:29:29,https://www.linkedin.com/feed/update/urn%3Ali%3Aactivity%3A7116233039172571136
2023-10-03 12:29:04,https://www.linkedin.com/feed/update/urn%3Ali%3Aactivity%3A7114949474434633728
2023-09-25 09:37:47,https://www.linkedin.com/feed/update/urn%3Ali%3Aactivity%3A7112007266949632000
2023-09-25 00:06:42,https://www.linkedin.com/feed/update/urn%3Ali%3Aactivity%3A7111863550167420928
2023-09-08 04:55:50,https://www.linkedin.com/feed/update/urn%3Ali%3Aactivity%3A7105775717937811456
