Date,Type,Link
2026-08-28 17:15:20,LIKE,https://www.linkedin.com/feed/update/urn%3Ali%3AugcPost%3A7498402035755601920
2026-08-28 17:14:21,LIKE,https://www.linkedin.com/feed/update/urn%3Ali%3AugcPost%3A7499129685789040640
2026-08-28 17:14:06,LIKE,https://www.linkedin.com/feed/update/urn%3Ali%3Aactivity%3A7499062518372278272
2026-08-28 14:53:02,LIKE,https://www.linkedin.com/feed/update/urn%3Ali%3Aactivity%3A7498784093120147456?commentUrn=urn%3Ali%3Acomment%3A%28activity%3A7498784093120147456%2C7498799284960743424%29
2026-08-28 14:52:27,LIKE,https://www.linkedin.com/feed/update/urn%3Ali%3Aactivity%3A7498784093120147456?commentUrn=urn%3Ali%3Acomment%3A%28activity%3A7498784093120147456%2C7498893417272213504%29
2026-08-28 14:51:25,LIKE,https://www.linkedin.com/feed/update/urn%3Ali%3Aactivity%3A7498784093120147456?commentUrn=urn%3Ali%3Acomment%3A%28activity%3A7498784093120147456%2C7498833821048553472%29
2026-08-28 14:51:06,LIKE,https://www.linkedin.com/feed/update/urn%3Ali%3Aactivity%3A7498784093120147456?commentUrn=urn%3Ali%3Acomment%3A%28activity%3A7498784093120147456%2C7498841844211159040%29
2026-08-28 14:50:24,LIKE,https://www.linkedin.com/feed/update/urn%3Ali%3Aactivity%3A7498784093120147456?commentUrn=urn%3Ali%3Acomment%3A%28activity%3A7498784093120147456%2C7498807675942612992%29
2026-08-28 14:47:11,LIKE,https://www.linkedin.com/feed/update/urn%3Ali%3Aactivity%3A7498784093120147456?commentUrn=urn%3Ali%3Acomment%3A%28activity%3A7498784093120147456%2C7498788527145664512%29
2026-08-28 14:46:39,LIKE,https://www.linkedin.com/feed/update/urn%3Ali%3Aactivity%3A7498784093120147456
2026-08-28 14:45:05,LIKE,https://www.linkedin.com/feed/update/urn%3Ali%3Aactivity%3A7498780787039989760
2026-08-28 14:44:50,LIKE,https://www.linkedin.com/feed/update/urn%3Ali%3Aactivity%3A7499073389618438145
2026-08-28 04:38:29,LIKE,https://www.linkedin.com/feed/update/urn%3Ali%3Aactivity%3A7498790689145544704
2026-08-28 04:38:14,LIKE,https://www.linkedin.com/feed/update/urn%3Ali%3AugcPost%3A7498725580943581185
2026-08-28 01:41:53,LIKE,https://www.linkedin.com/feed/update/urn%3Ali%3AugcPost%3A7498879092054810624
2026-08-28 01:38:28,LIKE,https://www.linkedin.com/feed/update/urn%3Ali%3Aactivity%3A7498756846464311297?commentUrn=urn%3Ali%3Acomment%3A%28activity%3A7498756846464311297%2C7498811725727711232%29
2026-08-28 01:38:06,LIKE,https://www.linkedin.com/feed/update/urn%3Ali%3Aactivity%3A7498756846464311297
2026-08-26 16:34:51,LIKE,https://www.linkedin.com/feed/update/urn%3Ali%3Aactivity%3A7498337905052925954
2026-08-26 16:33:37,LIKE,https://www.linkedin.com/feed/update/urn%3Ali%3AugcPost%3A7498084133127049230
2026-08-26 15:43:57,LIKE,https://www.linkedin.com/feed/update/urn%3Ali%3Aactivity%3A7495125776166653952
2026-08-26 15:18:47,LIKE,https://www.linkedin.com/feed/update/urn%3Ali%3Aactivity%3A7498370519399022592
2026-08-26 15:18:21,LIKE,https://www.linkedin.com/feed/update/urn%3Ali%3AugcPost%3A7498071209310547968
2026-08-26 15:17:44,LIKE,https://www.linkedin.com/feed/update/urn%3Ali%3AugcPost%3A7498359980572487681
2026-08-26 08:48:51,LIKE,https://www.linkedin.com/feed/update/urn%3Ali%3AugcPost%3A7498008683977535489
2026-08-25 07:13:20,LIKE,https://www.linkedin.com/feed/update/urn%3Ali%3Aactivity%3A7497625307043217408
2026-08-25 07:12:46,LIKE,https://www.linkedin.com/feed/update/urn%3Ali%3AugcPost%3A7495166232963305472?commentUrn=urn%3Ali%3Acomment%3A%28ugcPost%3A7495166232963305472%2C7495369887209619456%29
2026-08-25 06:22:43,LIKE,https://www.linkedin.com/feed/update/urn%3Ali%3Aactivity%3A7497628621256183808
2026-08-25 02:51:14,LIKE,https://www.linkedin.com/feed/update/urn%3Ali%3Aactivity%3A7497707506052333568
2026-08-25 02:28:36,LIKE,https://www.linkedin.com/feed/update/urn%3Ali%3AugcPost%3A7471016238572470272?commentUrn=urn%3Ali%3Acomment%3A%28ugcPost%3A7471016238572470272%2C7475242240211263490%29
2026-08-25 02:28:23,LIKE,https://www.linkedin.com/feed/update/urn%3Ali%3AugcPost%3A7471016238572470272?commentUrn=urn%3Ali%3Acomment%3A%28ugcPost%3A7471016238572470272%2C7474954552924852224%29
2026-08-25 02:24:44,LIKE,https://www.linkedin.com/feed/update/urn%3Ali%3AugcPost%3A7471016238572470272
2026-08-25 02:23:43,LIKE,https://www.linkedin.com/feed/update/urn%3Ali%3AugcPost%3A7461491714646568960?commentUrn=urn%3Ali%3Acomment%3A%28ugcPost%3A7461491714646568960%2C7478149690539036673%29
2026-08-25 02:23:36,LIKE,https://www.linkedin.com/feed/update/urn%3Ali%3AugcPost%3A7461491714646568960?commentUrn=urn%3Ali%3Acomment%3A%28ugcPost%3A7461491714646568960%2C7492817943450435585%29
2026-08-25 02:23:34,LIKE,https://www.linkedin.com/feed/update/urn%3Ali%3AugcPost%3A7461491714646568960?commentUrn=urn%3Ali%3Acomment%3A%28ugcPost%3A7461491714646568960%2C7491510046317584384%29
2026-08-25 02:23:17,LIKE,https://www.linkedin.com/feed/update/urn%3Ali%3AugcPost%3A7461491714646568960?commentUrn=urn%3Ali%3Acomment%3A%28ugcPost%3A7461491714646568960%2C7490597624140521472%29
2026-08-25 02:23:11,LIKE,https://www.linkedin.com/feed/update/urn%3Ali%3AugcPost%3A7461491714646568960
2026-08-25 02:21:52,LIKE,https://www.linkedin.com/feed/update/urn%3Ali%3AugcPost%3A7465468067532214273?commentUrn=urn%3Ali%3Acomment%3A%28ugcPost%3A7465468067532214273%2C7487223804704993282%29
2026-08-25 02:21:37,LIKE,https://www.linkedin.com/feed/update/urn%3Ali%3AugcPost%3A7465468067532214273
2026-08-24 21:37:41,LIKE,https://www.linkedin.com/feed/update/urn%3Ali%3AugcPost%3A7497688579674992640
2026-08-24 20:49:48,LIKE,https://www.linkedin.com/feed/update/urn%3Ali%3AugcPost%3A7497625265330864128
2026-08-24 20:49:35,LIKE,https://www.linkedin.com/feed/update/urn%3Ali%3Aactivity%3A7497479564474916864
2026-08-24 16:58:14,LIKE,https://www.linkedin.com/feed/update/urn%3Ali%3Aactivity%3A7496808408369582080
2026-08-24 16:43:01,LIKE,https://www.linkedin.com/feed/update/urn%3Ali%3Aactivity%3A7497687013266124800
2026-08-24 06:17:19,LIKE,https://www.linkedin.com/feed/update/urn%3Ali%3AugcPost%3A7495001302477922304
2026-08-24 06:16:19,LIKE,https://www.linkedin.com/feed/update/urn%3Ali%3Aactivity%3A7497301235419607041?commentUrn=urn%3Ali%3Acomment%3A%28activity%3A7497301235419607041%2C7497420029379031040%29
2026-08-24 06:14:31,LIKE,https://www.linkedin.com/feed/update/urn%3Ali%3Aactivity%3A7497301235419607041?commentUrn=urn%3Ali%3Acomment%3A%28activity%3A7497301235419607041%2C7497304331172634625%29
2026-08-24 06:14:07,LIKE,https://www.linkedin.com/feed/update/urn%3Ali%3Aactivity%3A7497301235419607041
2026-08-24 06:11:46,LIKE,https://www.linkedin.com/feed/update/urn%3Ali%3Aactivity%3A7497059959533199360
2026-08-24 04:44:16,LIKE,https://www.linkedin.com/feed/update/urn%3Ali%3Aactivity%3A7497450082133512192
2026-08-24 04:40:25,LIKE,https://www.linkedin.com/feed/update/urn%3Ali%3Aactivity%3A7493759171855675393
2026-08-24 02:57:16,LIKE,https://www.linkedin.com/feed/update/urn%3Ali%3Aactivity%3A7453228236542476289
2026-08-24 02:56:58,LIKE,https://www.linkedin.com/feed/update/urn%3Ali%3AugcPost%3A7497022591417597952
2026-08-23 05:28:38,LIKE,https://www.linkedin.com/feed/update/urn%3Ali%3Aactivity%3A7495566596757774336
2026-08-23 05:28:08,LIKE,https://www.linkedin.com/feed/update/urn%3Ali%3Aactivity%3A7496980183107682304
2026-08-22 20:01:05,LIKE,https://www.linkedin.com/feed/update/urn%3Ali%3AugcPost%3A7496061052120465408
2026-08-22 19:22:56,LIKE,https://www.linkedin.com/feed/update/urn%3Ali%3AugcPost%3A7496588690509488129
2026-08-22 19:21:44,LIKE,https://www.linkedin.com/feed/update/urn%3Ali%3Aactivity%3A7496361562497036288
2026-08-22 19:20:38,LIKE,https://www.linkedin.com/feed/update/urn%3Ali%3Aactivity%3A7496911185661829120
2026-08-22 12:48:51,LIKE,https://www.linkedin.com/feed/update/urn%3Ali%3Aactivity%3A7495780102103007232
2026-08-22 03:18:44,LIKE,https://www.linkedin.com/feed/update/urn%3Ali%3AugcPost%3A7496699956234465280
2026-08-21 10:59:55,LIKE,https://www.linkedin.com/feed/update/urn%3Ali%3Aactivity%3A7454935231033270272
2026-08-21 04:54:45,LIKE,https://www.linkedin.com/feed/update/urn%3Ali%3AugcPost%3A7496286874244775938
2026-08-20 22:14:18,LIKE,https://www.linkedin.com/feed/update/urn%3Ali%3Aactivity%3A7496144036500520960
2026-08-20 08:04:40,LIKE,https://www.linkedin.com/feed/update/urn%3Ali%3Aactivity%3A7495557012609507328
2026-08-20 08:04:11,LIKE,https://www.linkedin.com/feed/update/urn%3Ali%3AugcPost%3A7495888461955223552?commentUrn=urn%3Ali%3Acomment%3A%28ugcPost%3A7495888461955223552%2C7495924840172953600%29
2026-08-20 08:03:52,LIKE,https://www.linkedin.com/feed/update/urn%3Ali%3AugcPost%3A7495888461955223552?commentUrn=urn%3Ali%3Acomment%3A%28ugcPost%3A7495888461955223552%2C7495892673111875584%29
2026-08-20 08:03:22,LIKE,https://www.linkedin.com/feed/update/urn%3Ali%3AugcPost%3A7495888461955223552?commentUrn=urn%3Ali%3Acomment%3A%28ugcPost%3A7495888461955223552%2C7495940576744505345%29
2026-08-20 07:10:51,LIKE,https://www.linkedin.com/feed/update/urn%3Ali%3AugcPost%3A7482820677981392896?commentUrn=urn%3Ali%3Acomment%3A%28ugcPost%3A7482820677981392896%2C7485471581243109377%29
2026-08-20 07:06:48,LIKE,https://www.linkedin.com/feed/update/urn%3Ali%3Aactivity%3A7495090770467745792
2026-08-20 04:34:44,LIKE,https://www.linkedin.com/feed/update/urn%3Ali%3Aactivity%3A7495548640690896896
2026-08-20 02:02:16,LIKE,https://www.linkedin.com/feed/update/urn%3Ali%3AugcPost%3A7489532789609078784?commentUrn=urn%3Ali%3Acomment%3A%28ugcPost%3A7489532789609078784%2C7493704155228901376%29
2026-08-20 01:59:55,LIKE,https://www.linkedin.com/feed/update/urn%3Ali%3AugcPost%3A7489532789609078784
2026-08-20 01:59:14,LIKE,https://www.linkedin.com/feed/update/urn%3Ali%3AugcPost%3A7473743392183865344?commentUrn=urn%3Ali%3Acomment%3A%28ugcPost%3A7473743392183865344%2C7474075061835071488%29
2026-08-20 01:57:43,LIKE,https://www.linkedin.com/feed/update/urn%3Ali%3Aactivity%3A7495845800984481793
2026-08-19 17:34:58,LIKE,https://www.linkedin.com/feed/update/urn%3Ali%3AugcPost%3A7465689725333323776
2026-08-19 17:29:08,LIKE,https://www.linkedin.com/feed/update/urn%3Ali%3AugcPost%3A7470620641143107584?commentUrn=urn%3Ali%3Acomment%3A%28ugcPost%3A7470620641143107584%2C7471331655564279808%29
2026-08-19 17:26:39,LIKE,https://www.linkedin.com/feed/update/urn%3Ali%3AugcPost%3A7489976945057906688?commentUrn=urn%3Ali%3Acomment%3A%28ugcPost%3A7489976945057906688%2C7493164327126859776%29
2026-08-18 19:10:23,LIKE,https://www.linkedin.com/feed/update/urn%3Ali%3Aactivity%3A7494412913651396609
2026-08-18 19:09:32,LIKE,https://www.linkedin.com/feed/update/urn%3Ali%3AugcPost%3A7495258630942912512
2026-08-18 16:30:49,LIKE,https://www.linkedin.com/feed/update/urn%3Ali%3AugcPost%3A7495475849735884800
2026-08-18 15:54:31,LIKE,https://www.linkedin.com/feed/update/urn%3Ali%3AugcPost%3A7493762030408032256?commentUrn=urn%3Ali%3Acomment%3A%28ugcPost%3A7493762030408032256%2C7495091808952127489%29
2026-08-18 15:54:26,LIKE,https://www.linkedin.com/feed/update/urn%3Ali%3AugcPost%3A7493762030408032256?commentUrn=urn%3Ali%3Acomment%3A%28ugcPost%3A7493762030408032256%2C7494487758577561601%29
2026-08-18 15:54:24,LIKE,https://www.linkedin.com/feed/update/urn%3Ali%3AugcPost%3A7493762030408032256?commentUrn=urn%3Ali%3Acomment%3A%28ugcPost%3A7493762030408032256%2C7495316192451063808%29
2026-08-18 15:53:50,LIKE,https://www.linkedin.com/feed/update/urn%3Ali%3AugcPost%3A7493762030408032256?commentUrn=urn%3Ali%3Acomment%3A%28ugcPost%3A7493762030408032256%2C7495194948728729600%29
2026-08-18 15:53:36,LIKE,https://www.linkedin.com/feed/update/urn%3Ali%3AugcPost%3A7493762030408032256?commentUrn=urn%3Ali%3Acomment%3A%28ugcPost%3A7493762030408032256%2C7495384617005506560%29
2026-08-18 15:53:33,LIKE,https://www.linkedin.com/feed/update/urn%3Ali%3AugcPost%3A7493762030408032256?commentUrn=urn%3Ali%3Acomment%3A%28ugcPost%3A7493762030408032256%2C7494428763473027073%29
2026-08-18 15:53:21,LIKE,https://www.linkedin.com/feed/update/urn%3Ali%3AugcPost%3A7493762030408032256?commentUrn=urn%3Ali%3Acomment%3A%28ugcPost%3A7493762030408032256%2C7495105232733982721%29
2026-08-18 15:53:14,LIKE,https://www.linkedin.com/feed/update/urn%3Ali%3AugcPost%3A7493762030408032256?commentUrn=urn%3Ali%3Acomment%3A%28ugcPost%3A7493762030408032256%2C7494547432786165760%29
2026-08-18 15:53:10,LIKE,https://www.linkedin.com/feed/update/urn%3Ali%3AugcPost%3A7493762030408032256?commentUrn=urn%3Ali%3Acomment%3A%28ugcPost%3A7493762030408032256%2C7494450710516973568%29
2026-08-18 15:53:03,LIKE,https://www.linkedin.com/feed/update/urn%3Ali%3AugcPost%3A7493762030408032256?commentUrn=urn%3Ali%3Acomment%3A%28ugcPost%3A7493762030408032256%2C7494416508404600832%29
2026-08-18 15:52:59,LIKE,https://www.linkedin.com/feed/update/urn%3Ali%3AugcPost%3A7493762030408032256?commentUrn=urn%3Ali%3Acomment%3A%28ugcPost%3A7493762030408032256%2C7494380077183406080%29
2026-08-18 15:52:08,LIKE,https://www.linkedin.com/feed/update/urn%3Ali%3AugcPost%3A7493762030408032256?commentUrn=urn%3Ali%3Acomment%3A%28ugcPost%3A7493762030408032256%2C7494410217334681600%29
2026-08-18 15:41:27,LIKE,https://www.linkedin.com/feed/update/urn%3Ali%3AugcPost%3A7419076436302622720
2026-08-18 10:57:57,LIKE,https://www.linkedin.com/feed/update/urn%3Ali%3AugcPost%3A7495281090790764544
2026-08-17 14:48:23,LIKE,https://www.linkedin.com/feed/update/urn%3Ali%3Aactivity%3A7495092819376656384
2026-08-16 22:25:13,LIKE,https://www.linkedin.com/feed/update/urn%3Ali%3Aactivity%3A7492196506247081984
2026-08-14 12:51:55,LIKE,https://www.linkedin.com/feed/update/urn%3Ali%3Aactivity%3A7493735392198766592
2026-08-14 01:51:59,LIKE,https://www.linkedin.com/feed/update/urn%3Ali%3AugcPost%3A7493656177944322048
2026-08-14 01:51:41,LIKE,https://www.linkedin.com/feed/update/urn%3Ali%3Aactivity%3A7492624434365652993
2026-08-13 21:47:02,LIKE,https://www.linkedin.com/feed/update/urn%3Ali%3AugcPost%3A7493665024285249537
2026-08-13 00:50:24,LIKE,https://www.linkedin.com/feed/update/urn%3Ali%3AugcPost%3A7493259445825847297
2026-08-12 16:24:27,LIKE,https://www.linkedin.com/feed/update/urn%3Ali%3AugcPost%3A7493338135339151360
2026-08-12 15:37:35,LIKE,https://www.linkedin.com/feed/update/urn%3Ali%3AugcPost%3A7493123294158553088
2026-08-12 02:08:35,LIKE,https://www.linkedin.com/feed/update/urn%3Ali%3Aactivity%3A7492882523841200128
2026-08-12 02:05:43,LIKE,https://www.linkedin.com/feed/update/urn%3Ali%3Aactivity%3A7492930910674292737
2026-08-11 22:41:22,LIKE,https://www.linkedin.com/feed/update/urn%3Ali%3Aactivity%3A7492966221563469824
2026-08-11 21:27:03,LIKE,https://www.linkedin.com/feed/update/urn%3Ali%3AugcPost%3A7492967194541088768
2026-08-10 23:41:13,LIKE,https://www.linkedin.com/feed/update/urn%3Ali%3Aactivity%3A7492550376718745600?commentUrn=urn%3Ali%3Acomment%3A%28activity%3A7492550376718745600%2C7492572809035014144%29
2026-08-10 23:40:57,LIKE,https://www.linkedin.com/feed/update/urn%3Ali%3Aactivity%3A7492591852857241602
2026-08-10 23:38:35,LIKE,https://www.linkedin.com/feed/update/urn%3Ali%3Aactivity%3A7492639597286526978
2026-08-10 22:23:20,LIKE,https://www.linkedin.com/feed/update/urn%3Ali%3AugcPost%3A7492701460141330432
2026-08-10 02:11:14,LIKE,https://www.linkedin.com/feed/update/urn%3Ali%3Aactivity%3A7491914076986490880
2026-08-09 02:28:18,LIKE,https://www.linkedin.com/feed/update/urn%3Ali%3AugcPost%3A7491390802770984960
2026-08-08 05:04:14,LIKE,https://www.linkedin.com/feed/update/urn%3Ali%3Aactivity%3A7491537526285852672
2026-08-08 04:25:16,LIKE,https://www.linkedin.com/feed/update/urn%3Ali%3Aactivity%3A7490515113930756096
2026-08-08 04:16:33,LIKE,https://www.linkedin.com/feed/update/urn%3Ali%3AugcPost%3A7491482046477844480?commentUrn=urn%3Ali%3Acomment%3A%28ugcPost%3A7491482046477844480%2C7491562923941736450%29
2026-08-08 04:15:23,LIKE,https://www.linkedin.com/feed/update/urn%3Ali%3AugcPost%3A7491482046477844480?commentUrn=urn%3Ali%3Acomment%3A%28ugcPost%3A7491482046477844480%2C7491621081082974208%29
2026-08-08 04:15:17,LIKE,https://www.linkedin.com/feed/update/urn%3Ali%3AugcPost%3A7491482046477844480
2026-08-08 03:53:43,LIKE,https://www.linkedin.com/feed/update/urn%3Ali%3AugcPost%3A7413942820241297408
2026-08-08 03:53:17,LIKE,https://www.linkedin.com/feed/update/urn%3Ali%3Aactivity%3A7491564381994975232
2026-08-08 03:52:29,LIKE,https://www.linkedin.com/feed/update/urn%3Ali%3Aactivity%3A7487877032152883200
2026-08-08 03:51:41,LIKE,https://www.linkedin.com/feed/update/urn%3Ali%3Aactivity%3A7488276856756916224
2026-08-07 05:13:23,LIKE,https://www.linkedin.com/feed/update/urn%3Ali%3Aactivity%3A7491184684370952193
2026-08-06 13:39:52,LIKE,https://www.linkedin.com/feed/update/urn%3Ali%3AugcPost%3A7457146894440620033?commentUrn=urn%3Ali%3Acomment%3A%28ugcPost%3A7457146894440620033%2C7457529751801409536%29
2026-08-06 13:36:45,LIKE,https://www.linkedin.com/feed/update/urn%3Ali%3Aactivity%3A7490972441654202368?commentUrn=urn%3Ali%3Acomment%3A%28activity%3A7490972441654202368%2C7490986383772377088%29
2026-08-06 12:20:20,LIKE,https://www.linkedin.com/feed/update/urn%3Ali%3AugcPost%3A7489926449273966592
2026-08-06 05:52:58,LIKE,https://www.linkedin.com/feed/update/urn%3Ali%3Aactivity%3A7490594196630933504
2026-08-03 23:39:09,LIKE,https://www.linkedin.com/feed/update/urn%3Ali%3Aactivity%3A7490126031664644096
2026-08-03 04:11:44,LIKE,https://www.linkedin.com/feed/update/urn%3Ali%3AugcPost%3A7488248741066338305
2026-07-27 06:14:51,LIKE,https://www.linkedin.com/feed/update/urn%3Ali%3AugcPost%3A7441834734789419008
2026-07-27 06:10:32,LIKE,https://www.linkedin.com/feed/update/urn%3Ali%3AugcPost%3A7435736839925403648?commentUrn=urn%3Ali%3Acomment%3A%28ugcPost%3A7435736839925403648%2C7484013113625731073%29
2026-07-27 06:10:27,LIKE,https://www.linkedin.com/feed/update/urn%3Ali%3AugcPost%3A7435736839925403648?commentUrn=urn%3Ali%3Acomment%3A%28ugcPost%3A7435736839925403648%2C7481901287408623616%29
2026-07-27 06:10:10,LIKE,https://www.linkedin.com/feed/update/urn%3Ali%3AugcPost%3A7435736839925403648?commentUrn=urn%3Ali%3Acomment%3A%28ugcPost%3A7435736839925403648%2C7475553949216018432%29
2026-07-27 06:06:23,LIKE,https://www.linkedin.com/feed/update/urn%3Ali%3AugcPost%3A7414565350740152320?commentUrn=urn%3Ali%3Acomment%3A%28ugcPost%3A7414565350740152320%2C7443073289867964416%29
2026-07-27 06:05:47,LIKE,https://www.linkedin.com/feed/update/urn%3Ali%3AugcPost%3A7414565350740152320?commentUrn=urn%3Ali%3Acomment%3A%28ugcPost%3A7414565350740152320%2C7424635246655983617%29
2026-07-27 03:57:09,LIKE,https://www.linkedin.com/feed/update/urn%3Ali%3AugcPost%3A7486730884134543360
2026-07-27 03:16:42,LIKE,https://www.linkedin.com/feed/update/urn%3Ali%3AugcPost%3A7487101065444741121
2026-07-25 16:43:40,LIKE,https://www.linkedin.com/feed/update/urn%3Ali%3AugcPost%3A7458015049002016768?commentUrn=urn%3Ali%3Acomment%3A%28ugcPost%3A7458015049002016768%2C7483506460849688576%29
2026-07-24 23:57:51,LIKE,https://www.linkedin.com/feed/update/urn%3Ali%3Aactivity%3A7486427502152826880
2026-07-24 15:47:28,LIKE,https://www.linkedin.com/feed/update/urn%3Ali%3Aactivity%3A7486128190462267393?commentUrn=urn%3Ali%3Acomment%3A%28activity%3A7486128190462267393%2C7486241279463579649%29
2026-07-24 15:45:23,LIKE,https://www.linkedin.com/feed/update/urn%3Ali%3AugcPost%3A7486188295325122561
2026-07-23 18:05:20,LIKE,https://www.linkedin.com/feed/update/urn%3Ali%3Aactivity%3A7485702713700212736
2026-07-23 18:05:03,LIKE,https://www.linkedin.com/feed/update/urn%3Ali%3AugcPost%3A7486099104020930560
2026-07-19 21:22:31,LIKE,https://www.linkedin.com/feed/update/urn%3Ali%3AugcPost%3A7483470423532376064
2026-07-19 21:21:57,LIKE,https://www.linkedin.com/feed/update/urn%3Ali%3Aactivity%3A7483561834340380672
2026-07-12 18:03:13,LIKE,https://www.linkedin.com/feed/update/urn%3Ali%3Aactivity%3A7481368227932147712
2026-07-04 07:17:36,LIKE,https://www.linkedin.com/feed/update/urn%3Ali%3AugcPost%3A7478930257756966912
2026-07-01 09:22:24,LIKE,https://www.linkedin.com/feed/update/urn%3Ali%3Aactivity%3A7477568860087406593?commentUrn=urn%3Ali%3Acomment%3A%28activity%3A7477568860087406593%2C7477635244683218944%29
2026-06-29 22:39:22,LIKE,https://www.linkedin.com/feed/update/urn%3Ali%3AugcPost%3A7472640664560693248
2026-06-29 14:47:12,LIKE,https://www.linkedin.com/feed/update/urn%3Ali%3Aactivity%3A7474808686499098624?commentUrn=urn%3Ali%3Acomment%3A%28activity%3A7474808686499098624%2C7475044743345999873%29
2026-06-29 14:46:56,LIKE,https://www.linkedin.com/feed/update/urn%3Ali%3Aactivity%3A7474808686499098624
2026-06-29 14:45:56,LIKE,https://www.linkedin.com/feed/update/urn%3Ali%3AugcPost%3A7477349975010738176
2026-06-27 09:01:14,LIKE,https://www.linkedin.com/feed/update/urn%3Ali%3AugcPost%3A7474720361515929601
2026-06-27 09:00:18,LIKE,https://www.linkedin.com/feed/update/urn%3Ali%3AugcPost%3A7475963167538356224
2026-06-27 08:59:26,LIKE,https://www.linkedin.com/feed/update/urn%3Ali%3Aactivity%3A7475918214326026241?commentUrn=urn%3Ali%3Acomment%3A%28activity%3A7475918214326026241%2C7476052587260071936%29
2026-06-27 08:55:19,LIKE,https://www.linkedin.com/feed/update/urn%3Ali%3Aactivity%3A7476554227339743232
2026-06-27 08:54:51,LIKE,https://www.linkedin.com/feed/update/urn%3Ali%3Aactivity%3A7476286214782767105
2026-06-26 19:02:32,LIKE,https://www.linkedin.com/feed/update/urn%3Ali%3AugcPost%3A7476000748078592000
2026-06-25 18:39:21,LIKE,https://www.linkedin.com/feed/update/urn%3Ali%3Aactivity%3A7474057806091030528
2026-06-25 18:38:45,LIKE,https://www.linkedin.com/feed/update/urn%3Ali%3Aactivity%3A7475950417462358016
2026-06-25 18:00:58,LIKE,https://www.linkedin.com/feed/update/urn%3Ali%3AugcPost%3A7475905559678840832
2026-06-25 06:23:27,LIKE,https://www.linkedin.com/feed/update/urn%3Ali%3Aactivity%3A7475442599475040256
2026-06-23 06:31:17,LIKE,https://www.linkedin.com/feed/update/urn%3Ali%3AugcPost%3A7473394616365629440
2026-06-23 06:29:42,LIKE,https://www.linkedin.com/feed/update/urn%3Ali%3Aactivity%3A7473091588286767104
2026-06-23 05:54:31,LIKE,https://www.linkedin.com/feed/update/urn%3Ali%3AugcPost%3A7473766766834335745
2026-06-23 05:54:20,LIKE,https://www.linkedin.com/feed/update/urn%3Ali%3Aactivity%3A7473366630241165313
2026-06-23 05:53:38,LIKE,https://www.linkedin.com/feed/update/urn%3Ali%3Aactivity%3A7472836642743996416
2026-06-23 05:53:22,LIKE,https://www.linkedin.com/feed/update/urn%3Ali%3Aactivity%3A7473702388286025729
2026-06-22 23:01:00,LIKE,https://www.linkedin.com/feed/update/urn%3Ali%3Aactivity%3A7473709928214433794
2026-06-17 03:35:23,LIKE,https://www.linkedin.com/feed/update/urn%3Ali%3Aactivity%3A7467983445810515968
2026-06-09 15:10:12,LIKE,https://www.linkedin.com/feed/update/urn%3Ali%3AugcPost%3A7469757768296529920
2026-06-07 04:47:17,LIKE,https://www.linkedin.com/feed/update/urn%3Ali%3Aactivity%3A7468282606099546112
2026-06-04 02:10:31,LIKE,https://www.linkedin.com/feed/update/urn%3Ali%3Aactivity%3A7467307350228508672
2026-05-29 21:44:37,LIKE,https://www.linkedin.com/feed/update/urn%3Ali%3AugcPost%3A7466136894167220224
2026-05-29 21:41:19,LIKE,https://www.linkedin.com/feed/update/urn%3Ali%3Aactivity%3A7466186016119406592
2026-05-21 18:15:05,LIKE,https://www.linkedin.com/feed/update/urn%3Ali%3Aactivity%3A7462895005628612608
2026-05-21 14:48:07,LIKE,https://www.linkedin.com/feed/update/urn%3Ali%3AugcPost%3A7463213086657757185
2026-05-21 14:47:57,LIKE,https://www.linkedin.com/feed/update/urn%3Ali%3Aactivity%3A7462842204110123008
2026-05-20 00:28:38,LIKE,https://www.linkedin.com/feed/update/urn%3Ali%3Aactivity%3A7458570082546274305
2026-05-19 21:34:34,LIKE,https://www.linkedin.com/feed/update/urn%3Ali%3Aactivity%3A7462496960147722240
2026-05-19 21:15:59,LIKE,https://www.linkedin.com/feed/update/urn%3Ali%3Aactivity%3A7461037676255666176?commentUrn=urn%3Ali%3Acomment%3A%28activity%3A7461037676255666176%2C7461590373941952512%29
2026-05-19 21:15:23,LIKE,https://www.linkedin.com/feed/update/urn%3Ali%3Aactivity%3A7461037676255666176
2026-05-17 03:06:40,LIKE,https://www.linkedin.com/feed/update/urn%3Ali%3Aactivity%3A7461530961621581824
2026-05-15 05:06:46,LIKE,https://www.linkedin.com/feed/update/urn%3Ali%3AugcPost%3A7460055386302255104
2026-05-14 01:22:31,LIKE,https://www.linkedin.com/feed/update/urn%3Ali%3AugcPost%3A7460436138151825408
2026-05-12 04:06:09,LIKE,https://www.linkedin.com/feed/update/urn%3Ali%3Aactivity%3A7458591467184463872
2026-05-12 04:05:56,LIKE,https://www.linkedin.com/feed/update/urn%3Ali%3AugcPost%3A7459070943672418304
2026-05-08 15:30:37,LIKE,https://www.linkedin.com/feed/update/urn%3Ali%3Aactivity%3A7458481404641693698
2026-05-08 05:08:39,LIKE,https://www.linkedin.com/feed/update/urn%3Ali%3Aactivity%3A7458124453080662016
2026-05-08 05:07:56,LIKE,https://www.linkedin.com/feed/update/urn%3Ali%3Aactivity%3A7458269353910747136
2026-05-08 00:17:36,LIKE,https://www.linkedin.com/feed/update/urn%3Ali%3Aactivity%3A7457413558591569920
2026-05-07 17:16:54,LIKE,https://www.linkedin.com/feed/update/urn%3Ali%3Aactivity%3A7458142461450772480
2026-05-06 23:58:53,LIKE,https://www.linkedin.com/feed/update/urn%3Ali%3AugcPost%3A7457772438945193984
2026-05-06 23:57:37,LIKE,https://www.linkedin.com/feed/update/urn%3Ali%3Aactivity%3A7457401869552750592
2026-05-06 22:21:12,LIKE,https://www.linkedin.com/feed/update/urn%3Ali%3Aactivity%3A7457530831503257600
2026-05-05 17:48:00,LIKE,https://www.linkedin.com/feed/update/urn%3Ali%3Aactivity%3A7457026512995889152
2026-05-05 16:06:34,LIKE,https://www.linkedin.com/feed/update/urn%3Ali%3Aactivity%3A7456069168375713792?commentUrn=urn%3Ali%3Acomment%3A%28activity%3A7456069168375713792%2C7456423364593745920%29
2026-05-05 16:06:16,LIKE,https://www.linkedin.com/feed/update/urn%3Ali%3Aactivity%3A7456069168375713792?commentUrn=urn%3Ali%3Acomment%3A%28activity%3A7456069168375713792%2C7456268560437305344%29
2026-05-05 16:05:25,LIKE,https://www.linkedin.com/feed/update/urn%3Ali%3Aactivity%3A7456069168375713792?commentUrn=urn%3Ali%3Acomment%3A%28activity%3A7456069168375713792%2C7456611575487975424%29
2026-05-05 16:03:08,LIKE,https://www.linkedin.com/feed/update/urn%3Ali%3Aactivity%3A7455641088654073856
2026-05-02 02:55:17,LIKE,https://www.linkedin.com/feed/update/urn%3Ali%3AugcPost%3A7455882854674219008
2026-04-30 23:55:04,LIKE,https://www.linkedin.com/feed/update/urn%3Ali%3AugcPost%3A7452143081195474944
2026-04-28 08:12:16,LIKE,https://www.linkedin.com/feed/update/urn%3Ali%3Aactivity%3A7454594838320283648
2026-04-28 08:11:52,LIKE,https://www.linkedin.com/feed/update/urn%3Ali%3AugcPost%3A7452469802142523392
2026-04-28 03:28:37,LIKE,https://www.linkedin.com/feed/update/urn%3Ali%3Aactivity%3A7454535637468286977
2026-04-27 15:02:13,LIKE,https://www.linkedin.com/feed/update/urn%3Ali%3Aactivity%3A7450240301404844032
2026-04-27 15:01:47,LIKE,https://www.linkedin.com/feed/update/urn%3Ali%3Aactivity%3A7454185315868491777
2026-04-27 12:07:59,LIKE,https://www.linkedin.com/feed/update/urn%3Ali%3Aactivity%3A7453357738149027840
2026-04-26 00:47:40,LIKE,https://www.linkedin.com/feed/update/urn%3Ali%3Aactivity%3A7453426392161124353
2026-04-26 00:46:47,LIKE,https://www.linkedin.com/feed/update/urn%3Ali%3Aactivity%3A7453812568508243968
2026-04-25 09:29:31,LIKE,https://www.linkedin.com/feed/update/urn%3Ali%3AlyndaCourse%3A3984468?commentUrn=urn%3Ali%3Acomment%3A%28lyndaCourse%3A3984468%2C7424192362320420864%29
2026-04-25 09:29:23,LIKE,https://www.linkedin.com/feed/update/urn%3Ali%3AlyndaCourse%3A3984468?commentUrn=urn%3Ali%3Acomment%3A%28lyndaCourse%3A3984468%2C7414400644100366336%29
2026-04-25 09:28:33,LIKE,https://www.linkedin.com/feed/update/urn%3Ali%3AlyndaCourse%3A3984468?commentUrn=urn%3Ali%3Acomment%3A%28lyndaCourse%3A3984468%2C7403063068450107392%29
2026-04-25 09:27:49,LIKE,https://www.linkedin.com/feed/update/urn%3Ali%3AlyndaCourse%3A3984468
2026-04-25 09:26:41,LIKE,https://www.linkedin.com/feed/update/urn%3Ali%3Aactivity%3A7453643354527019009
2026-04-25 09:26:23,LIKE,https://www.linkedin.com/feed/update/urn%3Ali%3Aactivity%3A7453555004310781952
2026-04-25 05:49:13,LIKE,https://www.linkedin.com/feed/update/urn%3Ali%3AugcPost%3A7422762411696312321
2026-04-25 05:48:55,LIKE,https://www.linkedin.com/feed/update/urn%3Ali%3AugcPost%3A7452947572517756929
2026-04-19 23:50:12,LIKE,https://www.linkedin.com/feed/update/urn%3Ali%3Aactivity%3A7447348620053630977
2026-04-19 08:36:52,LIKE,https://www.linkedin.com/feed/update/urn%3Ali%3AugcPost%3A7446143504256446464
2026-04-19 08:36:24,LIKE,https://www.linkedin.com/feed/update/urn%3Ali%3AugcPost%3A7431861500652384256?commentUrn=urn%3Ali%3Acomment%3A%28ugcPost%3A7431861500652384256%2C7432012475073667072%29
2026-04-19 08:36:13,LIKE,https://www.linkedin.com/feed/update/urn%3Ali%3AugcPost%3A7431861500652384256?commentUrn=urn%3Ali%3Acomment%3A%28ugcPost%3A7431861500652384256%2C7431990927264600065%29
2026-04-19 08:35:57,LIKE,https://www.linkedin.com/feed/update/urn%3Ali%3AugcPost%3A7431861500652384256?commentUrn=urn%3Ali%3Acomment%3A%28ugcPost%3A7431861500652384256%2C7431998298154221568%29
2026-04-19 08:35:36,LIKE,https://www.linkedin.com/feed/update/urn%3Ali%3AugcPost%3A7431861500652384256?commentUrn=urn%3Ali%3Acomment%3A%28ugcPost%3A7431861500652384256%2C7431986884349943808%29
2026-04-19 08:35:12,LIKE,https://www.linkedin.com/feed/update/urn%3Ali%3AugcPost%3A7431861500652384256?commentUrn=urn%3Ali%3Acomment%3A%28ugcPost%3A7431861500652384256%2C7432029291359551488%29
2026-04-19 08:35:01,LIKE,https://www.linkedin.com/feed/update/urn%3Ali%3AugcPost%3A7431861500652384256?commentUrn=urn%3Ali%3Acomment%3A%28ugcPost%3A7431861500652384256%2C7432140464495005696%29
2026-04-19 08:34:47,LIKE,https://www.linkedin.com/feed/update/urn%3Ali%3AugcPost%3A7431861500652384256?commentUrn=urn%3Ali%3Acomment%3A%28ugcPost%3A7431861500652384256%2C7432121144364838913%29
2026-04-19 08:34:37,LIKE,https://www.linkedin.com/feed/update/urn%3Ali%3AugcPost%3A7431861500652384256?commentUrn=urn%3Ali%3Acomment%3A%28ugcPost%3A7431861500652384256%2C7431986889831677952%29
2026-04-19 08:31:24,LIKE,https://www.linkedin.com/feed/update/urn%3Ali%3AugcPost%3A7412218171710955520
2026-04-19 08:31:05,LIKE,https://www.linkedin.com/feed/update/urn%3Ali%3AugcPost%3A7447817477155155968
2026-04-19 08:28:48,LIKE,https://www.linkedin.com/feed/update/urn%3Ali%3AugcPost%3A7447504667095396352
2026-04-19 08:28:33,LIKE,https://www.linkedin.com/feed/update/urn%3Ali%3AugcPost%3A7386657540735909889?commentUrn=urn%3Ali%3Acomment%3A%28ugcPost%3A7386657540735909889%2C7386691313770987520%29
2026-04-19 08:27:10,LIKE,https://www.linkedin.com/feed/update/urn%3Ali%3AugcPost%3A7386657540735909889?commentUrn=urn%3Ali%3Acomment%3A%28ugcPost%3A7386657540735909889%2C7386673525069365248%29
2026-04-19 08:27:05,LIKE,https://www.linkedin.com/feed/update/urn%3Ali%3AugcPost%3A7386657540735909889?commentUrn=urn%3Ali%3Acomment%3A%28ugcPost%3A7386657540735909889%2C7386758948458115072%29
2026-04-19 08:26:51,LIKE,https://www.linkedin.com/feed/update/urn%3Ali%3AugcPost%3A7386657540735909889?commentUrn=urn%3Ali%3Acomment%3A%28ugcPost%3A7386657540735909889%2C7386690598491226113%29
2026-04-19 08:26:44,LIKE,https://www.linkedin.com/feed/update/urn%3Ali%3AugcPost%3A7386657540735909889?commentUrn=urn%3Ali%3Acomment%3A%28ugcPost%3A7386657540735909889%2C7386669459685486592%29
2026-04-19 08:26:36,LIKE,https://www.linkedin.com/feed/update/urn%3Ali%3AugcPost%3A7386657540735909889?commentUrn=urn%3Ali%3Acomment%3A%28ugcPost%3A7386657540735909889%2C7387031314627100672%29
2026-04-19 08:26:26,LIKE,https://www.linkedin.com/feed/update/urn%3Ali%3AugcPost%3A7386657540735909889?commentUrn=urn%3Ali%3Acomment%3A%28ugcPost%3A7386657540735909889%2C7386684247975112704%29
2026-04-19 08:26:20,LIKE,https://www.linkedin.com/feed/update/urn%3Ali%3AugcPost%3A7386657540735909889?commentUrn=urn%3Ali%3Acomment%3A%28ugcPost%3A7386657540735909889%2C7386688764145807360%29
2026-04-19 08:25:55,LIKE,https://www.linkedin.com/feed/update/urn%3Ali%3AugcPost%3A7386657540735909889?commentUrn=urn%3Ali%3Acomment%3A%28ugcPost%3A7386657540735909889%2C7386787112001482752%29
2026-04-19 08:24:48,LIKE,https://www.linkedin.com/feed/update/urn%3Ali%3AugcPost%3A7386657540735909889?commentUrn=urn%3Ali%3Acomment%3A%28ugcPost%3A7386657540735909889%2C7386722220728922112%29
2026-04-19 08:24:35,LIKE,https://www.linkedin.com/feed/update/urn%3Ali%3AugcPost%3A7386657540735909889?commentUrn=urn%3Ali%3Acomment%3A%28ugcPost%3A7386657540735909889%2C7386676248225370112%29
2026-04-19 08:24:29,LIKE,https://www.linkedin.com/feed/update/urn%3Ali%3AugcPost%3A7386657540735909889?commentUrn=urn%3Ali%3Acomment%3A%28ugcPost%3A7386657540735909889%2C7386710166336933888%29
2026-04-19 08:24:13,LIKE,https://www.linkedin.com/feed/update/urn%3Ali%3AugcPost%3A7386657540735909889?commentUrn=urn%3Ali%3Acomment%3A%28ugcPost%3A7386657540735909889%2C7386670754161053697%29
2026-04-19 08:24:07,LIKE,https://www.linkedin.com/feed/update/urn%3Ali%3AugcPost%3A7386657540735909889?commentUrn=urn%3Ali%3Acomment%3A%28ugcPost%3A7386657540735909889%2C7386672191511101440%29
2026-04-19 08:23:56,LIKE,https://www.linkedin.com/feed/update/urn%3Ali%3AugcPost%3A7386657540735909889?commentUrn=urn%3Ali%3Acomment%3A%28ugcPost%3A7386657540735909889%2C7386671817475727360%29
2026-04-19 08:23:51,LIKE,https://www.linkedin.com/feed/update/urn%3Ali%3AugcPost%3A7386657540735909889?commentUrn=urn%3Ali%3Acomment%3A%28ugcPost%3A7386657540735909889%2C7386687814119133184%29
2026-04-19 08:23:31,LIKE,https://www.linkedin.com/feed/update/urn%3Ali%3AugcPost%3A7386657540735909889?commentUrn=urn%3Ali%3Acomment%3A%28ugcPost%3A7386657540735909889%2C7386671443209785344%29
2026-04-19 08:23:15,LIKE,https://www.linkedin.com/feed/update/urn%3Ali%3AugcPost%3A7386657540735909889?commentUrn=urn%3Ali%3Acomment%3A%28ugcPost%3A7386657540735909889%2C7386689580579688448%29
2026-04-19 08:23:11,LIKE,https://www.linkedin.com/feed/update/urn%3Ali%3AugcPost%3A7386657540735909889?commentUrn=urn%3Ali%3Acomment%3A%28ugcPost%3A7386657540735909889%2C7386679480397754368%29
2026-04-19 08:20:41,LIKE,https://www.linkedin.com/feed/update/urn%3Ali%3AugcPost%3A7386657540735909889
2026-04-19 08:20:15,LIKE,https://www.linkedin.com/feed/update/urn%3Ali%3AugcPost%3A7448128580783550465?commentUrn=urn%3Ali%3Acomment%3A%28ugcPost%3A7448128580783550465%2C7448141566096998401%29
2026-04-19 08:20:00,LIKE,https://www.linkedin.com/feed/update/urn%3Ali%3AugcPost%3A7448128580783550465?commentUrn=urn%3Ali%3Acomment%3A%28ugcPost%3A7448128580783550465%2C7449483653799235584%29
2026-04-19 08:19:46,LIKE,https://www.linkedin.com/feed/update/urn%3Ali%3AugcPost%3A7448128580783550465?commentUrn=urn%3Ali%3Acomment%3A%28ugcPost%3A7448128580783550465%2C7449510249407082497%29
2026-04-19 08:19:37,LIKE,https://www.linkedin.com/feed/update/urn%3Ali%3AugcPost%3A7448128580783550465?commentUrn=urn%3Ali%3Acomment%3A%28ugcPost%3A7448128580783550465%2C7449501552807034880%29
2026-04-19 08:19:34,LIKE,https://www.linkedin.com/feed/update/urn%3Ali%3AugcPost%3A7448128580783550465?commentUrn=urn%3Ali%3Acomment%3A%28ugcPost%3A7448128580783550465%2C7449146899132997632%29
2026-04-19 08:19:13,LIKE,https://www.linkedin.com/feed/update/urn%3Ali%3AugcPost%3A7448128580783550465?commentUrn=urn%3Ali%3Acomment%3A%28ugcPost%3A7448128580783550465%2C7449139382202146816%29
2026-04-19 08:18:09,LIKE,https://www.linkedin.com/feed/update/urn%3Ali%3AugcPost%3A7448128580783550465?commentUrn=urn%3Ali%3Acomment%3A%28ugcPost%3A7448128580783550465%2C7449012310938968064%29
2026-04-19 08:17:46,LIKE,https://www.linkedin.com/feed/update/urn%3Ali%3AugcPost%3A7448128580783550465?commentUrn=urn%3Ali%3Acomment%3A%28ugcPost%3A7448128580783550465%2C7449010816130969600%29
2026-04-19 08:17:41,LIKE,https://www.linkedin.com/feed/update/urn%3Ali%3AugcPost%3A7448128580783550465?commentUrn=urn%3Ali%3Acomment%3A%28ugcPost%3A7448128580783550465%2C7448994013413601280%29
2026-04-19 08:16:39,LIKE,https://www.linkedin.com/feed/update/urn%3Ali%3AugcPost%3A7448128580783550465
2026-04-19 08:16:23,LIKE,https://www.linkedin.com/feed/update/urn%3Ali%3AugcPost%3A7447999826782375936?commentUrn=urn%3Ali%3Acomment%3A%28ugcPost%3A7447999826782375936%2C7450920631719718912%29
2026-04-19 08:16:20,LIKE,https://www.linkedin.com/feed/update/urn%3Ali%3AugcPost%3A7447999826782375936?commentUrn=urn%3Ali%3Acomment%3A%28ugcPost%3A7447999826782375936%2C7451027831045906432%29
2026-04-19 08:16:07,LIKE,https://www.linkedin.com/feed/update/urn%3Ali%3AugcPost%3A7447999826782375936?commentUrn=urn%3Ali%3Acomment%3A%28ugcPost%3A7447999826782375936%2C7451308453073133568%29
2026-04-19 08:16:03,LIKE,https://www.linkedin.com/feed/update/urn%3Ali%3AugcPost%3A7447999826782375936?commentUrn=urn%3Ali%3Acomment%3A%28ugcPost%3A7447999826782375936%2C7450995461529812993%29
2026-04-19 08:15:59,LIKE,https://www.linkedin.com/feed/update/urn%3Ali%3AugcPost%3A7447999826782375936?commentUrn=urn%3Ali%3Acomment%3A%28ugcPost%3A7447999826782375936%2C7450364373518188544%29
2026-04-19 08:15:50,LIKE,https://www.linkedin.com/feed/update/urn%3Ali%3AugcPost%3A7447999826782375936?commentUrn=urn%3Ali%3Acomment%3A%28ugcPost%3A7447999826782375936%2C7450220730660593664%29
2026-04-19 08:15:46,LIKE,https://www.linkedin.com/feed/update/urn%3Ali%3AugcPost%3A7447999826782375936?commentUrn=urn%3Ali%3Acomment%3A%28ugcPost%3A7447999826782375936%2C7449802647601238016%29
2026-04-19 08:15:42,LIKE,https://www.linkedin.com/feed/update/urn%3Ali%3AugcPost%3A7447999826782375936?commentUrn=urn%3Ali%3Acomment%3A%28ugcPost%3A7447999826782375936%2C7450917756788609024%29
2026-04-19 08:15:38,LIKE,https://www.linkedin.com/feed/update/urn%3Ali%3AugcPost%3A7447999826782375936?commentUrn=urn%3Ali%3Acomment%3A%28ugcPost%3A7447999826782375936%2C7450542910405513219%29
2026-04-19 08:15:33,LIKE,https://www.linkedin.com/feed/update/urn%3Ali%3AugcPost%3A7447999826782375936?commentUrn=urn%3Ali%3Acomment%3A%28ugcPost%3A7447999826782375936%2C7450615908915507200%29
2026-04-19 08:15:29,LIKE,https://www.linkedin.com/feed/update/urn%3Ali%3AugcPost%3A7447999826782375936?commentUrn=urn%3Ali%3Acomment%3A%28ugcPost%3A7447999826782375936%2C7449811272008814594%29
2026-04-19 08:15:27,LIKE,https://www.linkedin.com/feed/update/urn%3Ali%3AugcPost%3A7447999826782375936?commentUrn=urn%3Ali%3Acomment%3A%28ugcPost%3A7447999826782375936%2C7449774034587815936%29
2026-04-19 08:15:17,LIKE,https://www.linkedin.com/feed/update/urn%3Ali%3AugcPost%3A7447999826782375936?commentUrn=urn%3Ali%3Acomment%3A%28ugcPost%3A7447999826782375936%2C7448368814808829953%29
2026-04-19 08:13:58,LIKE,https://www.linkedin.com/feed/update/urn%3Ali%3AugcPost%3A7447999826782375936
2026-04-19 08:11:45,LIKE,https://www.linkedin.com/feed/update/urn%3Ali%3AugcPost%3A7447324437764419584
2026-04-19 08:10:24,LIKE,https://www.linkedin.com/feed/update/urn%3Ali%3AugcPost%3A7371321405214183424?commentUrn=urn%3Ali%3Acomment%3A%28ugcPost%3A7371321405214183424%2C7413282629497561088%29
2026-04-19 08:10:23,LIKE,https://www.linkedin.com/feed/update/urn%3Ali%3AugcPost%3A7371321405214183424?commentUrn=urn%3Ali%3Acomment%3A%28ugcPost%3A7371321405214183424%2C7433369048442118145%29
2026-04-19 08:10:22,LIKE,https://www.linkedin.com/feed/update/urn%3Ali%3AugcPost%3A7371321405214183424?commentUrn=urn%3Ali%3Acomment%3A%28ugcPost%3A7371321405214183424%2C7430744285836324864%29
2026-04-19 08:10:21,LIKE,https://www.linkedin.com/feed/update/urn%3Ali%3AugcPost%3A7371321405214183424?commentUrn=urn%3Ali%3Acomment%3A%28ugcPost%3A7371321405214183424%2C7424813517683376128%29
2026-04-19 08:10:16,LIKE,https://www.linkedin.com/feed/update/urn%3Ali%3AugcPost%3A7371321405214183424?commentUrn=urn%3Ali%3Acomment%3A%28ugcPost%3A7371321405214183424%2C7430752348509196289%29
2026-04-19 08:10:14,LIKE,https://www.linkedin.com/feed/update/urn%3Ali%3AugcPost%3A7371321405214183424?commentUrn=urn%3Ali%3Acomment%3A%28ugcPost%3A7371321405214183424%2C7428374501115023360%29
2026-04-19 08:10:12,LIKE,https://www.linkedin.com/feed/update/urn%3Ali%3AugcPost%3A7371321405214183424?commentUrn=urn%3Ali%3Acomment%3A%28ugcPost%3A7371321405214183424%2C7434308283504435200%29
2026-04-19 08:10:09,LIKE,https://www.linkedin.com/feed/update/urn%3Ali%3AugcPost%3A7371321405214183424?commentUrn=urn%3Ali%3Acomment%3A%28ugcPost%3A7371321405214183424%2C7430090942994591744%29
2026-04-19 08:10:05,LIKE,https://www.linkedin.com/feed/update/urn%3Ali%3AugcPost%3A7371321405214183424?commentUrn=urn%3Ali%3Acomment%3A%28ugcPost%3A7371321405214183424%2C7427744744966938625%29
2026-04-19 08:09:57,LIKE,https://www.linkedin.com/feed/update/urn%3Ali%3AugcPost%3A7371321405214183424?commentUrn=urn%3Ali%3Acomment%3A%28ugcPost%3A7371321405214183424%2C7416909360020430848%29
2026-04-19 08:09:51,LIKE,https://www.linkedin.com/feed/update/urn%3Ali%3AugcPost%3A7371321405214183424?commentUrn=urn%3Ali%3Acomment%3A%28ugcPost%3A7371321405214183424%2C7435133655993303040%29
2026-04-19 08:09:50,LIKE,https://www.linkedin.com/feed/update/urn%3Ali%3AugcPost%3A7371321405214183424?commentUrn=urn%3Ali%3Acomment%3A%28ugcPost%3A7371321405214183424%2C7407797843882713088%29
2026-04-19 08:08:16,LIKE,https://www.linkedin.com/feed/update/urn%3Ali%3AugcPost%3A7362726896616304640?commentUrn=urn%3Ali%3Acomment%3A%28ugcPost%3A7362726896616304640%2C7362786063448268801%29
2026-04-19 08:08:14,LIKE,https://www.linkedin.com/feed/update/urn%3Ali%3AugcPost%3A7362726896616304640?commentUrn=urn%3Ali%3Acomment%3A%28ugcPost%3A7362726896616304640%2C7363426520524075011%29
2026-04-19 08:08:10,LIKE,https://www.linkedin.com/feed/update/urn%3Ali%3AugcPost%3A7362726896616304640
2026-04-19 08:07:08,LIKE,https://www.linkedin.com/feed/update/urn%3Ali%3AugcPost%3A7448843959503749120?commentUrn=urn%3Ali%3Acomment%3A%28ugcPost%3A7448843959503749120%2C7449578154622390272%29
2026-04-19 08:07:06,LIKE,https://www.linkedin.com/feed/update/urn%3Ali%3AugcPost%3A7448843959503749120?commentUrn=urn%3Ali%3Acomment%3A%28ugcPost%3A7448843959503749120%2C7450964971582017536%29
2026-04-19 08:07:04,LIKE,https://www.linkedin.com/feed/update/urn%3Ali%3AugcPost%3A7448843959503749120?commentUrn=urn%3Ali%3Acomment%3A%28ugcPost%3A7448843959503749120%2C7451346070137217024%29
2026-04-19 08:07:02,LIKE,https://www.linkedin.com/feed/update/urn%3Ali%3AugcPost%3A7448843959503749120?commentUrn=urn%3Ali%3Acomment%3A%28ugcPost%3A7448843959503749120%2C7451405176596447232%29
2026-04-19 08:07:00,LIKE,https://www.linkedin.com/feed/update/urn%3Ali%3AugcPost%3A7448843959503749120?commentUrn=urn%3Ali%3Acomment%3A%28ugcPost%3A7448843959503749120%2C7450608827193851905%29
2026-04-19 08:06:58,LIKE,https://www.linkedin.com/feed/update/urn%3Ali%3AugcPost%3A7448843959503749120?commentUrn=urn%3Ali%3Acomment%3A%28ugcPost%3A7448843959503749120%2C7448876729055473664%29
2026-04-19 08:06:48,LIKE,https://www.linkedin.com/feed/update/urn%3Ali%3AugcPost%3A7448843959503749120?commentUrn=urn%3Ali%3Acomment%3A%28ugcPost%3A7448843959503749120%2C7449426344892858368%29
2026-04-19 08:06:48,LIKE,https://www.linkedin.com/feed/update/urn%3Ali%3AugcPost%3A7448843959503749120?commentUrn=urn%3Ali%3Acomment%3A%28ugcPost%3A7448843959503749120%2C7449080329820254208%29
2026-04-19 08:06:32,LIKE,https://www.linkedin.com/feed/update/urn%3Ali%3AugcPost%3A7448843959503749120?commentUrn=urn%3Ali%3Acomment%3A%28ugcPost%3A7448843959503749120%2C7449074052113084416%29
2026-04-19 08:06:25,LIKE,https://www.linkedin.com/feed/update/urn%3Ali%3AugcPost%3A7448843959503749120?commentUrn=urn%3Ali%3Acomment%3A%28ugcPost%3A7448843959503749120%2C7448880093503844352%29
2026-04-19 08:06:23,LIKE,https://www.linkedin.com/feed/update/urn%3Ali%3AugcPost%3A7448843959503749120?commentUrn=urn%3Ali%3Acomment%3A%28ugcPost%3A7448843959503749120%2C7448861453291405312%29
2026-04-19 08:06:21,LIKE,https://www.linkedin.com/feed/update/urn%3Ali%3AugcPost%3A7448843959503749120?commentUrn=urn%3Ali%3Acomment%3A%28ugcPost%3A7448843959503749120%2C7450730233466580992%29
2026-04-19 08:06:13,LIKE,https://www.linkedin.com/feed/update/urn%3Ali%3AugcPost%3A7448843959503749120?commentUrn=urn%3Ali%3Acomment%3A%28ugcPost%3A7448843959503749120%2C7448928190447673344%29
2026-04-19 08:00:29,LIKE,https://www.linkedin.com/feed/update/urn%3Ali%3AugcPost%3A7450330777797591040?commentUrn=urn%3Ali%3Acomment%3A%28ugcPost%3A7450330777797591040%2C7451309195452137472%29
2026-04-19 08:00:26,LIKE,https://www.linkedin.com/feed/update/urn%3Ali%3AugcPost%3A7450330777797591040?commentUrn=urn%3Ali%3Acomment%3A%28ugcPost%3A7450330777797591040%2C7451086084861501440%29
2026-04-19 08:00:23,LIKE,https://www.linkedin.com/feed/update/urn%3Ali%3AugcPost%3A7450330777797591040?commentUrn=urn%3Ali%3Acomment%3A%28ugcPost%3A7450330777797591040%2C7450660045119291393%29
2026-04-19 08:00:19,LIKE,https://www.linkedin.com/feed/update/urn%3Ali%3AugcPost%3A7450330777797591040?commentUrn=urn%3Ali%3Acomment%3A%28ugcPost%3A7450330777797591040%2C7451304817286660096%29
2026-04-19 07:59:26,LIKE,https://www.linkedin.com/feed/update/urn%3Ali%3AugcPost%3A7450330777797591040?commentUrn=urn%3Ali%3Acomment%3A%28ugcPost%3A7450330777797591040%2C7451081757170528256%29
2026-04-19 07:59:14,LIKE,https://www.linkedin.com/feed/update/urn%3Ali%3AugcPost%3A7450330777797591040?commentUrn=urn%3Ali%3Acomment%3A%28ugcPost%3A7450330777797591040%2C7450742016239611904%29
2026-04-19 07:59:10,LIKE,https://www.linkedin.com/feed/update/urn%3Ali%3AugcPost%3A7450330777797591040?commentUrn=urn%3Ali%3Acomment%3A%28ugcPost%3A7450330777797591040%2C7451106618726879232%29
2026-04-19 07:59:01,LIKE,https://www.linkedin.com/feed/update/urn%3Ali%3AugcPost%3A7450330777797591040?commentUrn=urn%3Ali%3Acomment%3A%28ugcPost%3A7450330777797591040%2C7450395049852403713%29
2026-04-19 07:58:04,LIKE,https://www.linkedin.com/feed/update/urn%3Ali%3AugcPost%3A7450330777797591040?commentUrn=urn%3Ali%3Acomment%3A%28ugcPost%3A7450330777797591040%2C7450635394368311296%29
2026-04-19 07:57:45,LIKE,https://www.linkedin.com/feed/update/urn%3Ali%3AugcPost%3A7450330777797591040?commentUrn=urn%3Ali%3Acomment%3A%28ugcPost%3A7450330777797591040%2C7451353274642980864%29
2026-04-19 07:57:26,LIKE,https://www.linkedin.com/feed/update/urn%3Ali%3AugcPost%3A7450330777797591040?commentUrn=urn%3Ali%3Acomment%3A%28ugcPost%3A7450330777797591040%2C7450597222980796416%29
2026-04-19 07:56:21,LIKE,https://www.linkedin.com/feed/update/urn%3Ali%3AugcPost%3A7450330777797591040?commentUrn=urn%3Ali%3Acomment%3A%28ugcPost%3A7450330777797591040%2C7450459180345421826%29
2026-04-19 07:56:18,LIKE,https://www.linkedin.com/feed/update/urn%3Ali%3AugcPost%3A7450330777797591040?commentUrn=urn%3Ali%3Acomment%3A%28ugcPost%3A7450330777797591040%2C7450677652576874496%29
2026-04-19 07:55:56,LIKE,https://www.linkedin.com/feed/update/urn%3Ali%3AugcPost%3A7450330777797591040?commentUrn=urn%3Ali%3Acomment%3A%28ugcPost%3A7450330777797591040%2C7450543721449943040%29
2026-04-19 07:55:53,LIKE,https://www.linkedin.com/feed/update/urn%3Ali%3AugcPost%3A7450330777797591040?commentUrn=urn%3Ali%3Acomment%3A%28ugcPost%3A7450330777797591040%2C7451278717953425408%29
2026-04-19 07:55:22,LIKE,https://www.linkedin.com/feed/update/urn%3Ali%3AugcPost%3A7450330777797591040?commentUrn=urn%3Ali%3Acomment%3A%28ugcPost%3A7450330777797591040%2C7451350376987062273%29
2026-04-19 07:55:07,LIKE,https://www.linkedin.com/feed/update/urn%3Ali%3AugcPost%3A7450330777797591040?commentUrn=urn%3Ali%3Acomment%3A%28ugcPost%3A7450330777797591040%2C7451067140792664065%29
2026-04-19 07:54:33,LIKE,https://www.linkedin.com/feed/update/urn%3Ali%3AugcPost%3A7450330777797591040?commentUrn=urn%3Ali%3Acomment%3A%28ugcPost%3A7450330777797591040%2C7450477713166999552%29
2026-04-19 07:54:11,LIKE,https://www.linkedin.com/feed/update/urn%3Ali%3AugcPost%3A7450330777797591040?commentUrn=urn%3Ali%3Acomment%3A%28ugcPost%3A7450330777797591040%2C7450649265397354496%29
2026-04-19 07:51:39,LIKE,https://www.linkedin.com/feed/update/urn%3Ali%3AugcPost%3A7450330777797591040
2026-04-19 07:51:28,LIKE,https://www.linkedin.com/feed/update/urn%3Ali%3AugcPost%3A7401858454090633216?commentUrn=urn%3Ali%3Acomment%3A%28ugcPost%3A7401858454090633216%2C7412968506587254785%29
2026-04-19 07:51:04,LIKE,https://www.linkedin.com/feed/update/urn%3Ali%3AugcPost%3A7401858454090633216?commentUrn=urn%3Ali%3Acomment%3A%28ugcPost%3A7401858454090633216%2C7423119503447941120%29
2026-04-19 07:50:41,LIKE,https://www.linkedin.com/feed/update/urn%3Ali%3AugcPost%3A7401858454090633216?commentUrn=urn%3Ali%3Acomment%3A%28ugcPost%3A7401858454090633216%2C7413598903574581248%29
2026-04-19 07:50:27,LIKE,https://www.linkedin.com/feed/update/urn%3Ali%3AugcPost%3A7401858454090633216?commentUrn=urn%3Ali%3Acomment%3A%28ugcPost%3A7401858454090633216%2C7450257446029271040%29
2026-04-19 07:50:24,LIKE,https://www.linkedin.com/feed/update/urn%3Ali%3AugcPost%3A7401858454090633216?commentUrn=urn%3Ali%3Acomment%3A%28ugcPost%3A7401858454090633216%2C7450678093087883264%29
2026-04-19 07:50:15,LIKE,https://www.linkedin.com/feed/update/urn%3Ali%3AugcPost%3A7401858454090633216?commentUrn=urn%3Ali%3Acomment%3A%28ugcPost%3A7401858454090633216%2C7451332796293222400%29
2026-04-19 07:49:58,LIKE,https://www.linkedin.com/feed/update/urn%3Ali%3AugcPost%3A7401858454090633216?commentUrn=urn%3Ali%3Acomment%3A%28ugcPost%3A7401858454090633216%2C7445802496348028928%29
2026-04-19 07:49:54,LIKE,https://www.linkedin.com/feed/update/urn%3Ali%3AugcPost%3A7401858454090633216?commentUrn=urn%3Ali%3Acomment%3A%28ugcPost%3A7401858454090633216%2C7446212420911665153%29
2026-04-19 07:49:44,LIKE,https://www.linkedin.com/feed/update/urn%3Ali%3AugcPost%3A7401858454090633216?commentUrn=urn%3Ali%3Acomment%3A%28ugcPost%3A7401858454090633216%2C7414571437740703744%29
2026-04-19 07:49:40,LIKE,https://www.linkedin.com/feed/update/urn%3Ali%3AugcPost%3A7401858454090633216?commentUrn=urn%3Ali%3Acomment%3A%28ugcPost%3A7401858454090633216%2C7414099264584482816%29
2026-04-19 07:49:37,LIKE,https://www.linkedin.com/feed/update/urn%3Ali%3AugcPost%3A7401858454090633216?commentUrn=urn%3Ali%3Acomment%3A%28ugcPost%3A7401858454090633216%2C7448061159229976576%29
2026-04-19 07:49:35,LIKE,https://www.linkedin.com/feed/update/urn%3Ali%3AugcPost%3A7401858454090633216?commentUrn=urn%3Ali%3Acomment%3A%28ugcPost%3A7401858454090633216%2C7414899895578349568%29
2026-04-19 07:49:32,LIKE,https://www.linkedin.com/feed/update/urn%3Ali%3AugcPost%3A7401858454090633216?commentUrn=urn%3Ali%3Acomment%3A%28ugcPost%3A7401858454090633216%2C7412645207931842560%29
2026-04-19 07:49:24,LIKE,https://www.linkedin.com/feed/update/urn%3Ali%3AugcPost%3A7401858454090633216?commentUrn=urn%3Ali%3Acomment%3A%28ugcPost%3A7401858454090633216%2C7427812103693996032%29
2026-04-19 07:49:06,LIKE,https://www.linkedin.com/feed/update/urn%3Ali%3AugcPost%3A7401858454090633216?commentUrn=urn%3Ali%3Acomment%3A%28ugcPost%3A7401858454090633216%2C7450255923262066688%29
2026-04-19 07:49:04,LIKE,https://www.linkedin.com/feed/update/urn%3Ali%3AugcPost%3A7401858454090633216?commentUrn=urn%3Ali%3Acomment%3A%28ugcPost%3A7401858454090633216%2C7412724167604826112%29
2026-04-19 07:48:58,LIKE,https://www.linkedin.com/feed/update/urn%3Ali%3AugcPost%3A7401858454090633216?commentUrn=urn%3Ali%3Acomment%3A%28ugcPost%3A7401858454090633216%2C7414127116059107329%29
2026-04-19 07:48:53,LIKE,https://www.linkedin.com/feed/update/urn%3Ali%3AugcPost%3A7401858454090633216?commentUrn=urn%3Ali%3Acomment%3A%28ugcPost%3A7401858454090633216%2C7419316054570541058%29
2026-04-19 07:48:46,LIKE,https://www.linkedin.com/feed/update/urn%3Ali%3AugcPost%3A7401858454090633216?commentUrn=urn%3Ali%3Acomment%3A%28ugcPost%3A7401858454090633216%2C7448592506734284800%29
2026-04-19 07:48:28,LIKE,https://www.linkedin.com/feed/update/urn%3Ali%3AugcPost%3A7401858454090633216?commentUrn=urn%3Ali%3Acomment%3A%28ugcPost%3A7401858454090633216%2C7413261400690819072%29
2026-04-19 07:48:20,LIKE,https://www.linkedin.com/feed/update/urn%3Ali%3AugcPost%3A7401858454090633216?commentUrn=urn%3Ali%3Acomment%3A%28ugcPost%3A7401858454090633216%2C7447842685324853248%29
2026-04-19 07:48:01,LIKE,https://www.linkedin.com/feed/update/urn%3Ali%3AugcPost%3A7401858454090633216?commentUrn=urn%3Ali%3Acomment%3A%28ugcPost%3A7401858454090633216%2C7411888067189436416%29
2026-04-19 07:47:58,LIKE,https://www.linkedin.com/feed/update/urn%3Ali%3AugcPost%3A7401858454090633216?commentUrn=urn%3Ali%3Acomment%3A%28ugcPost%3A7401858454090633216%2C7413300657086115840%29
2026-04-19 07:47:56,LIKE,https://www.linkedin.com/feed/update/urn%3Ali%3AugcPost%3A7401858454090633216?commentUrn=urn%3Ali%3Acomment%3A%28ugcPost%3A7401858454090633216%2C7441794543970123776%29
2026-04-19 07:47:52,LIKE,https://www.linkedin.com/feed/update/urn%3Ali%3AugcPost%3A7401858454090633216?commentUrn=urn%3Ali%3Acomment%3A%28ugcPost%3A7401858454090633216%2C7413957319203553280%29
2026-04-19 07:47:50,LIKE,https://www.linkedin.com/feed/update/urn%3Ali%3AugcPost%3A7401858454090633216?commentUrn=urn%3Ali%3Acomment%3A%28ugcPost%3A7401858454090633216%2C7442589262174281728%29
2026-04-19 07:47:48,LIKE,https://www.linkedin.com/feed/update/urn%3Ali%3AugcPost%3A7401858454090633216?commentUrn=urn%3Ali%3Acomment%3A%28ugcPost%3A7401858454090633216%2C7446200086365167616%29
2026-04-19 07:47:43,LIKE,https://www.linkedin.com/feed/update/urn%3Ali%3AugcPost%3A7401858454090633216?commentUrn=urn%3Ali%3Acomment%3A%28ugcPost%3A7401858454090633216%2C7440903432791576576%29
2026-04-19 07:47:41,LIKE,https://www.linkedin.com/feed/update/urn%3Ali%3AugcPost%3A7401858454090633216?commentUrn=urn%3Ali%3Acomment%3A%28ugcPost%3A7401858454090633216%2C7415490106595479552%29
2026-04-19 07:47:38,LIKE,https://www.linkedin.com/feed/update/urn%3Ali%3AugcPost%3A7401858454090633216?commentUrn=urn%3Ali%3Acomment%3A%28ugcPost%3A7401858454090633216%2C7441899440665427968%29
2026-04-19 07:47:35,LIKE,https://www.linkedin.com/feed/update/urn%3Ali%3AugcPost%3A7401858454090633216?commentUrn=urn%3Ali%3Acomment%3A%28ugcPost%3A7401858454090633216%2C7411242839520493568%29
2026-04-19 07:47:31,LIKE,https://www.linkedin.com/feed/update/urn%3Ali%3AugcPost%3A7401858454090633216?commentUrn=urn%3Ali%3Acomment%3A%28ugcPost%3A7401858454090633216%2C7441561254642503681%29
2026-04-19 07:47:12,LIKE,https://www.linkedin.com/feed/update/urn%3Ali%3AugcPost%3A7401858454090633216?commentUrn=urn%3Ali%3Acomment%3A%28ugcPost%3A7401858454090633216%2C7402325712621416449%29
2026-04-19 07:47:06,LIKE,https://www.linkedin.com/feed/update/urn%3Ali%3AugcPost%3A7401858454090633216?commentUrn=urn%3Ali%3Acomment%3A%28ugcPost%3A7401858454090633216%2C7420702436396507136%29
2026-04-19 07:46:58,LIKE,https://www.linkedin.com/feed/update/urn%3Ali%3AugcPost%3A7401858454090633216?commentUrn=urn%3Ali%3Acomment%3A%28ugcPost%3A7401858454090633216%2C7402726841561550848%29
2026-04-19 07:46:37,LIKE,https://www.linkedin.com/feed/update/urn%3Ali%3AugcPost%3A7401858454090633216?commentUrn=urn%3Ali%3Acomment%3A%28ugcPost%3A7401858454090633216%2C7413744950716248064%29
2026-04-19 07:46:14,LIKE,https://www.linkedin.com/feed/update/urn%3Ali%3AugcPost%3A7401858454090633216?commentUrn=urn%3Ali%3Acomment%3A%28ugcPost%3A7401858454090633216%2C7402183218524782592%29
2026-04-19 07:46:02,LIKE,https://www.linkedin.com/feed/update/urn%3Ali%3AugcPost%3A7401858454090633216?commentUrn=urn%3Ali%3Acomment%3A%28ugcPost%3A7401858454090633216%2C7439504273668800513%29
2026-04-19 07:45:56,LIKE,https://www.linkedin.com/feed/update/urn%3Ali%3AugcPost%3A7401858454090633216?commentUrn=urn%3Ali%3Acomment%3A%28ugcPost%3A7401858454090633216%2C7403491883987005440%29
2026-04-19 07:45:35,LIKE,https://www.linkedin.com/feed/update/urn%3Ali%3AugcPost%3A7401858454090633216?commentUrn=urn%3Ali%3Acomment%3A%28ugcPost%3A7401858454090633216%2C7403457279749971968%29
2026-04-19 07:45:28,LIKE,https://www.linkedin.com/feed/update/urn%3Ali%3AugcPost%3A7401858454090633216?commentUrn=urn%3Ali%3Acomment%3A%28ugcPost%3A7401858454090633216%2C7403494965282275328%29
2026-04-19 07:45:20,LIKE,https://www.linkedin.com/feed/update/urn%3Ali%3AugcPost%3A7401858454090633216?commentUrn=urn%3Ali%3Acomment%3A%28ugcPost%3A7401858454090633216%2C7403451155046883329%29
2026-04-19 07:43:03,LIKE,https://www.linkedin.com/feed/update/urn%3Ali%3AugcPost%3A7332929010085093378?commentUrn=urn%3Ali%3Acomment%3A%28ugcPost%3A7332929010085093378%2C7449617185385123840%29
2026-04-19 07:42:49,LIKE,https://www.linkedin.com/feed/update/urn%3Ali%3AugcPost%3A7332929010085093378?commentUrn=urn%3Ali%3Acomment%3A%28ugcPost%3A7332929010085093378%2C7449578795763752960%29
2026-04-19 07:42:42,LIKE,https://www.linkedin.com/feed/update/urn%3Ali%3AugcPost%3A7332929010085093378?commentUrn=urn%3Ali%3Acomment%3A%28ugcPost%3A7332929010085093378%2C7449462340900515842%29
2026-04-19 07:42:15,LIKE,https://www.linkedin.com/feed/update/urn%3Ali%3AugcPost%3A7332929010085093378?commentUrn=urn%3Ali%3Acomment%3A%28ugcPost%3A7332929010085093378%2C7448430391834722304%29
2026-04-19 07:41:52,LIKE,https://www.linkedin.com/feed/update/urn%3Ali%3AugcPost%3A7332929010085093378?commentUrn=urn%3Ali%3Acomment%3A%28ugcPost%3A7332929010085093378%2C7448119024586162176%29
2026-04-19 07:41:45,LIKE,https://www.linkedin.com/feed/update/urn%3Ali%3AugcPost%3A7332929010085093378?commentUrn=urn%3Ali%3Acomment%3A%28ugcPost%3A7332929010085093378%2C7447968003075391488%29
2026-04-19 07:41:43,LIKE,https://www.linkedin.com/feed/update/urn%3Ali%3AugcPost%3A7332929010085093378?commentUrn=urn%3Ali%3Acomment%3A%28ugcPost%3A7332929010085093378%2C7447872947735797760%29
2026-04-19 07:41:23,LIKE,https://www.linkedin.com/feed/update/urn%3Ali%3AugcPost%3A7332929010085093378?commentUrn=urn%3Ali%3Acomment%3A%28ugcPost%3A7332929010085093378%2C7447817521434574848%29
2026-04-19 07:41:21,LIKE,https://www.linkedin.com/feed/update/urn%3Ali%3AugcPost%3A7332929010085093378?commentUrn=urn%3Ali%3Acomment%3A%28ugcPost%3A7332929010085093378%2C7447454958892900352%29
2026-04-19 07:41:10,LIKE,https://www.linkedin.com/feed/update/urn%3Ali%3AugcPost%3A7332929010085093378?commentUrn=urn%3Ali%3Acomment%3A%28ugcPost%3A7332929010085093378%2C7447340316531216384%29
2026-04-19 07:40:52,LIKE,https://www.linkedin.com/feed/update/urn%3Ali%3AugcPost%3A7332929010085093378?commentUrn=urn%3Ali%3Acomment%3A%28ugcPost%3A7332929010085093378%2C7447335785290182656%29
2026-04-19 07:40:32,LIKE,https://www.linkedin.com/feed/update/urn%3Ali%3AugcPost%3A7332929010085093378?commentUrn=urn%3Ali%3Acomment%3A%28ugcPost%3A7332929010085093378%2C7446902227845136385%29
2026-04-19 07:40:27,LIKE,https://www.linkedin.com/feed/update/urn%3Ali%3AugcPost%3A7332929010085093378?commentUrn=urn%3Ali%3Acomment%3A%28ugcPost%3A7332929010085093378%2C7446536916981694464%29
2026-04-19 07:39:50,LIKE,https://www.linkedin.com/feed/update/urn%3Ali%3AugcPost%3A7332929010085093378?commentUrn=urn%3Ali%3Acomment%3A%28ugcPost%3A7332929010085093378%2C7444937049322754048%29
2026-04-19 07:39:42,LIKE,https://www.linkedin.com/feed/update/urn%3Ali%3AugcPost%3A7332929010085093378?commentUrn=urn%3Ali%3Acomment%3A%28ugcPost%3A7332929010085093378%2C7444836016818929664%29
2026-04-19 07:39:08,LIKE,https://www.linkedin.com/feed/update/urn%3Ali%3AugcPost%3A7332929010085093378?commentUrn=urn%3Ali%3Acomment%3A%28ugcPost%3A7332929010085093378%2C7443836519011840000%29
2026-04-19 07:38:00,LIKE,https://www.linkedin.com/feed/update/urn%3Ali%3Aactivity%3A7448354854458134528
2026-04-19 03:14:08,LIKE,https://www.linkedin.com/feed/update/urn%3Ali%3Aactivity%3A7451243017304211456
2026-04-19 01:55:32,LIKE,https://www.linkedin.com/feed/update/urn%3Ali%3Aactivity%3A7451263914056667136
2026-04-19 00:18:25,LIKE,https://www.linkedin.com/feed/update/urn%3Ali%3Aactivity%3A7450967713604259840
2026-04-18 22:23:49,LIKE,https://www.linkedin.com/feed/update/urn%3Ali%3AugcPost%3A7451317864130609152
2026-04-18 17:16:12,LIKE,https://www.linkedin.com/feed/update/urn%3Ali%3AugcPost%3A7450824633110560768
2026-04-18 03:41:14,LIKE,https://www.linkedin.com/feed/update/urn%3Ali%3Aactivity%3A7447717152440176641
2026-04-18 01:51:25,LIKE,https://www.linkedin.com/feed/update/urn%3Ali%3AugcPost%3A7450938966121476096
2026-04-18 01:38:53,LIKE,https://www.linkedin.com/feed/update/urn%3Ali%3Aactivity%3A7450551125990359040
2026-04-17 19:31:56,LIKE,https://www.linkedin.com/feed/update/urn%3Ali%3AugcPost%3A7450438866152411136
2026-04-17 19:13:54,LIKE,https://www.linkedin.com/feed/update/urn%3Ali%3Aactivity%3A7450640520760049665
2026-04-17 18:13:10,LIKE,https://www.linkedin.com/feed/update/urn%3Ali%3Aactivity%3A7450545646480252929
2026-04-16 18:49:35,LIKE,https://www.linkedin.com/feed/update/urn%3Ali%3AugcPost%3A7450179342200090624
2026-04-15 09:45:05,LIKE,https://www.linkedin.com/feed/update/urn%3Ali%3AugcPost%3A7448034388061270017
2026-04-15 08:21:24,LIKE,https://www.linkedin.com/feed/update/urn%3Ali%3AugcPost%3A7449853698324795394
2026-04-15 08:00:16,LIKE,https://www.linkedin.com/feed/update/urn%3Ali%3Aactivity%3A7448263455964299264
2026-04-14 21:40:13,LIKE,https://www.linkedin.com/feed/update/urn%3Ali%3AugcPost%3A7449915502677688320
2026-04-14 15:56:28,LIKE,https://www.linkedin.com/feed/update/urn%3Ali%3Aactivity%3A7445804307339374593
2026-04-14 15:41:38,LIKE,https://www.linkedin.com/feed/update/urn%3Ali%3AugcPost%3A7449704822238433280
2026-04-14 03:28:06,LIKE,https://www.linkedin.com/feed/update/urn%3Ali%3AugcPost%3A7449421549272494080
2026-04-14 03:04:28,LIKE,https://www.linkedin.com/feed/update/urn%3Ali%3Aactivity%3A7449456411086077953
2026-04-11 14:23:35,LIKE,https://www.linkedin.com/feed/update/urn%3Ali%3AugcPost%3A7448448057072979968
2026-04-09 04:38:37,LIKE,https://www.linkedin.com/feed/update/urn%3Ali%3Aactivity%3A7446955641228685312
2026-04-08 02:49:53,LIKE,https://www.linkedin.com/feed/update/urn%3Ali%3AugcPost%3A7366622117087367168
2026-04-07 15:48:50,LIKE,https://www.linkedin.com/feed/update/urn%3Ali%3Aactivity%3A7447191470773768192
2026-04-06 20:07:21,LIKE,https://www.linkedin.com/feed/update/urn%3Ali%3AugcPost%3A7446604370282156032
2026-04-03 00:57:17,LIKE,https://www.linkedin.com/feed/update/urn%3Ali%3AugcPost%3A7323774428981465088
2026-04-03 00:56:13,LIKE,https://www.linkedin.com/feed/update/urn%3Ali%3AugcPost%3A7323774428981465088?commentUrn=urn%3Ali%3Acomment%3A%28ugcPost%3A7323774428981465088%2C7433499469759029248%29
2026-04-03 00:54:48,LIKE,https://www.linkedin.com/feed/update/urn%3Ali%3AugcPost%3A7323774428981465088?commentUrn=urn%3Ali%3Acomment%3A%28ugcPost%3A7323774428981465088%2C7409202074162262016%29
2026-04-03 00:54:36,LIKE,https://www.linkedin.com/feed/update/urn%3Ali%3AugcPost%3A7323774428981465088?commentUrn=urn%3Ali%3Acomment%3A%28ugcPost%3A7323774428981465088%2C7401471056823398401%29
2026-04-03 00:54:22,LIKE,https://www.linkedin.com/feed/update/urn%3Ali%3AugcPost%3A7323774428981465088?commentUrn=urn%3Ali%3Acomment%3A%28ugcPost%3A7323774428981465088%2C7400623564808183808%29
2026-04-03 00:53:57,LIKE,https://www.linkedin.com/feed/update/urn%3Ali%3AugcPost%3A7323774428981465088?commentUrn=urn%3Ali%3Acomment%3A%28ugcPost%3A7323774428981465088%2C7398157389692030976%29
2026-04-03 00:53:00,LIKE,https://www.linkedin.com/feed/update/urn%3Ali%3AugcPost%3A7323774428981465088?commentUrn=urn%3Ali%3Acomment%3A%28ugcPost%3A7323774428981465088%2C7393861273077116928%29
2026-04-03 00:52:40,LIKE,https://www.linkedin.com/feed/update/urn%3Ali%3AugcPost%3A7323774428981465088?commentUrn=urn%3Ali%3Acomment%3A%28ugcPost%3A7323774428981465088%2C7384913751914954753%29
2026-04-03 00:51:51,LIKE,https://www.linkedin.com/feed/update/urn%3Ali%3AugcPost%3A7323774428981465088?commentUrn=urn%3Ali%3Acomment%3A%28ugcPost%3A7323774428981465088%2C7369885761246035968%29
2026-04-03 00:48:25,LIKE,https://www.linkedin.com/feed/update/urn%3Ali%3Aactivity%3A7445441258279469056
2026-03-30 14:45:08,LIKE,https://www.linkedin.com/feed/update/urn%3Ali%3Aactivity%3A7443755704781283328
2026-03-29 04:32:28,LIKE,https://www.linkedin.com/feed/update/urn%3Ali%3Aactivity%3A7442610269610090496
2026-03-29 01:51:44,LIKE,https://www.linkedin.com/feed/update/urn%3Ali%3Aactivity%3A7443325531418365952
2026-03-29 01:35:26,LIKE,https://www.linkedin.com/feed/update/urn%3Ali%3Aactivity%3A7442573006750617600
2026-03-28 03:04:58,LIKE,https://www.linkedin.com/feed/update/urn%3Ali%3AugcPost%3A7442981140598206464
2026-03-28 02:42:26,LIKE,https://www.linkedin.com/feed/update/urn%3Ali%3Aactivity%3A7442484175359803392
2026-03-27 15:05:16,LIKE,https://www.linkedin.com/feed/update/urn%3Ali%3Aactivity%3A7441831162144272385
2026-03-26 22:07:59,LIKE,https://www.linkedin.com/feed/update/urn%3Ali%3AugcPost%3A7440735852827242497
2026-03-26 17:47:56,LIKE,https://www.linkedin.com/feed/update/urn%3Ali%3Aactivity%3A7442955625292075008
2026-03-26 15:10:59,LIKE,https://www.linkedin.com/feed/update/urn%3Ali%3AugcPost%3A7441893707995430912
2026-03-26 11:16:47,LIKE,https://www.linkedin.com/feed/update/urn%3Ali%3AugcPost%3A7442341310302425089
2026-03-26 11:14:35,LIKE,https://www.linkedin.com/feed/update/urn%3Ali%3Aactivity%3A7442722021672878080
2026-03-22 03:11:29,LIKE,https://www.linkedin.com/feed/update/urn%3Ali%3Aactivity%3A7440156575425716224
2026-03-22 01:51:31,LIKE,https://www.linkedin.com/feed/update/urn%3Ali%3Aactivity%3A7438916939642548224
2026-03-17 07:10:29,LIKE,https://www.linkedin.com/feed/update/urn%3Ali%3Aactivity%3A7439513404006109185
2026-03-14 20:24:52,LIKE,https://www.linkedin.com/feed/update/urn%3Ali%3Aactivity%3A7438177221413859328?commentUrn=urn%3Ali%3Acomment%3A%28activity%3A7438177221413859328%2C7438244619198427137%29
2026-03-14 20:24:25,LIKE,https://www.linkedin.com/feed/update/urn%3Ali%3Aactivity%3A7438177221413859328
2026-03-13 19:19:59,LIKE,https://www.linkedin.com/feed/update/urn%3Ali%3Aactivity%3A7437623994595508225
2026-03-13 17:35:08,LIKE,https://www.linkedin.com/feed/update/urn%3Ali%3Aactivity%3A7436705298171502592
2026-03-13 11:09:06,LIKE,https://www.linkedin.com/feed/update/urn%3Ali%3Aactivity%3A7437871520024199168
2026-03-12 13:01:09,LIKE,https://www.linkedin.com/feed/update/urn%3Ali%3Aactivity%3A7436773518337269760
2026-03-12 12:35:01,LIKE,https://www.linkedin.com/feed/update/urn%3Ali%3Aactivity%3A7436773251260829697
2026-03-12 12:07:06,LIKE,https://www.linkedin.com/feed/update/urn%3Ali%3Aactivity%3A7436773251260829697?commentUrn=urn%3Ali%3Acomment%3A%28activity%3A7436773251260829697%2C7436956150375370752%29
2026-03-12 12:06:18,LIKE,https://www.linkedin.com/feed/update/urn%3Ali%3Aactivity%3A7436773251260829697?commentUrn=urn%3Ali%3Acomment%3A%28activity%3A7436773251260829697%2C7436937196760363008%29
2026-03-12 11:32:04,LIKE,https://www.linkedin.com/feed/update/urn%3Ali%3Aactivity%3A7437499489315201024
2026-03-12 11:25:15,LIKE,https://www.linkedin.com/feed/update/urn%3Ali%3Aactivity%3A7437474479766843392
2026-03-12 10:51:07,LIKE,https://www.linkedin.com/feed/update/urn%3Ali%3Aactivity%3A7435014091322167296
2026-03-12 03:25:08,LIKE,https://www.linkedin.com/feed/update/urn%3Ali%3Aactivity%3A7437448168461459456
2026-03-12 02:06:17,LIKE,https://www.linkedin.com/feed/update/urn%3Ali%3Aactivity%3A7437140879351619584
2026-03-12 00:06:41,LIKE,https://www.linkedin.com/feed/update/urn%3Ali%3AugcPost%3A7437541060429434883
2026-03-11 20:59:06,LIKE,https://www.linkedin.com/feed/update/urn%3Ali%3Aactivity%3A7437572013835182081
2026-03-11 05:25:13,LIKE,https://www.linkedin.com/feed/update/urn%3Ali%3AugcPost%3A7436963476528566272
2026-03-11 02:29:41,LIKE,https://www.linkedin.com/feed/update/urn%3Ali%3Aactivity%3A7437289454089822208?commentUrn=urn%3Ali%3Acomment%3A%28activity%3A7437289454089822208%2C7437294476030705664%29
2026-03-11 02:28:45,LIKE,https://www.linkedin.com/feed/update/urn%3Ali%3Aactivity%3A7437289454089822208
2026-03-08 23:58:03,LIKE,https://www.linkedin.com/feed/update/urn%3Ali%3Aactivity%3A7436534085130432512
2026-03-08 22:45:48,LIKE,https://www.linkedin.com/feed/update/urn%3Ali%3AugcPost%3A7435678517964582912
2026-03-08 19:57:43,LIKE,https://www.linkedin.com/feed/update/urn%3Ali%3AugcPost%3A7434808134268923904
2026-03-05 23:32:28,LIKE,https://www.linkedin.com/feed/update/urn%3Ali%3Aactivity%3A7434983517593198592?commentUrn=urn%3Ali%3Acomment%3A%28activity%3A7434983517593198592%2C7435258490023190528%29
2026-03-05 23:32:23,LIKE,https://www.linkedin.com/feed/update/urn%3Ali%3Aactivity%3A7434983517593198592
2026-03-02 04:33:36,LIKE,https://www.linkedin.com/feed/update/urn%3Ali%3Aactivity%3A7433953272887009280
2026-02-28 21:00:13,LIKE,https://www.linkedin.com/feed/update/urn%3Ali%3AugcPost%3A7433306581716516864
2026-02-26 10:36:51,LIKE,https://www.linkedin.com/feed/update/urn%3Ali%3AugcPost%3A7432539966376800256
2026-02-25 03:57:34,LIKE,https://www.linkedin.com/feed/update/urn%3Ali%3Aactivity%3A7430740960118210560
2026-02-24 19:47:31,LIKE,https://www.linkedin.com/feed/update/urn%3Ali%3AugcPost%3A7432081037188288513
2026-02-23 22:04:31,LIKE,https://www.linkedin.com/feed/update/urn%3Ali%3Aactivity%3A7431764478137909248
2026-02-23 17:58:03,LIKE,https://www.linkedin.com/feed/update/urn%3Ali%3Aactivity%3A7431708904109023232
2026-02-23 17:57:25,LIKE,https://www.linkedin.com/feed/update/urn%3Ali%3Aactivity%3A7427724373605728256
2026-02-23 09:53:48,LIKE,https://www.linkedin.com/feed/update/urn%3Ali%3Aactivity%3A7431404902389624833
2026-02-23 09:35:32,LIKE,https://www.linkedin.com/feed/update/urn%3Ali%3Aactivity%3A7431379236793454592
2026-02-23 08:57:38,LIKE,https://www.linkedin.com/feed/update/urn%3Ali%3Aactivity%3A7431324664171343872
2026-02-23 08:05:44,LIKE,https://www.linkedin.com/feed/update/urn%3Ali%3AugcPost%3A7430245436353003521
2026-02-23 07:04:12,LIKE,https://www.linkedin.com/feed/update/urn%3Ali%3Aactivity%3A7431248823735279617
2026-02-22 07:57:54,LIKE,https://www.linkedin.com/feed/update/urn%3Ali%3Aactivity%3A7430612195450761216
2026-02-21 21:18:17,LIKE,https://www.linkedin.com/feed/update/urn%3Ali%3Aactivity%3A7430299242906411008
2026-02-20 00:44:54,LIKE,https://www.linkedin.com/feed/update/urn%3Ali%3Aactivity%3A7430373428601208832
2026-02-19 18:58:35,LIKE,https://www.linkedin.com/feed/update/urn%3Ali%3Aactivity%3A7427842402624909313
2026-02-19 18:30:45,LIKE,https://www.linkedin.com/feed/update/urn%3Ali%3Aactivity%3A7430106990904786944
2026-02-19 05:26:48,LIKE,https://www.linkedin.com/feed/update/urn%3Ali%3AugcPost%3A7425833423010742272
2026-02-18 03:27:03,LIKE,https://www.linkedin.com/feed/update/urn%3Ali%3Aactivity%3A7429124953049931777
2026-02-18 03:25:32,LIKE,https://www.linkedin.com/feed/update/urn%3Ali%3Aactivity%3A7429564037132173312
2026-02-18 03:24:40,LIKE,https://www.linkedin.com/feed/update/urn%3Ali%3AugcPost%3A7428446303182843904
2026-02-18 02:45:28,LIKE,https://www.linkedin.com/feed/update/urn%3Ali%3Aactivity%3A7429167418020691969
2026-02-18 02:29:49,LIKE,https://www.linkedin.com/feed/update/urn%3Ali%3Aactivity%3A7429639575465000960
2026-02-18 01:40:20,LIKE,https://www.linkedin.com/feed/update/urn%3Ali%3Aactivity%3A7429052490958086144
2026-02-16 18:53:32,LIKE,https://www.linkedin.com/feed/update/urn%3Ali%3Aactivity%3A7429150425469042688
2026-02-16 17:52:48,LIKE,https://www.linkedin.com/feed/update/urn%3Ali%3Aactivity%3A7429155887820353536
2026-02-15 20:51:44,LIKE,https://www.linkedin.com/feed/update/urn%3Ali%3Aactivity%3A7428499375833903104
2026-02-14 06:32:51,LIKE,https://www.linkedin.com/feed/update/urn%3Ali%3AugcPost%3A7427757827148144640
2026-02-14 06:01:12,LIKE,https://www.linkedin.com/feed/update/urn%3Ali%3Aactivity%3A7426692426494390272
2026-02-14 06:00:07,LIKE,https://www.linkedin.com/feed/update/urn%3Ali%3Aactivity%3A7427968461844389889
2026-02-14 04:05:27,LIKE,https://www.linkedin.com/feed/update/urn%3Ali%3Aactivity%3A7428135879980003329
2026-02-14 02:39:41,LIKE,https://www.linkedin.com/feed/update/urn%3Ali%3Aactivity%3A7428060387360718848
2026-02-13 21:41:34,LIKE,https://www.linkedin.com/feed/update/urn%3Ali%3Aactivity%3A7428103065427402752
2026-02-13 09:09:12,LIKE,https://www.linkedin.com/feed/update/urn%3Ali%3Aactivity%3A7427755782437285888
2026-02-12 23:46:31,LIKE,https://www.linkedin.com/feed/update/urn%3Ali%3Aactivity%3A7427609407414255616
2026-02-12 23:08:09,LIKE,https://www.linkedin.com/feed/update/urn%3Ali%3Aactivity%3A7427709237214019585?commentUrn=urn%3Ali%3Acomment%3A%28activity%3A7427709237214019585%2C7427721903752032256%29
2026-02-12 23:07:55,LIKE,https://www.linkedin.com/feed/update/urn%3Ali%3Aactivity%3A7427709237214019585
2026-02-12 20:23:22,LIKE,https://www.linkedin.com/feed/update/urn%3Ali%3Aactivity%3A7427781813231697923
2026-02-12 04:29:18,LIKE,https://www.linkedin.com/feed/update/urn%3Ali%3Aactivity%3A7427302225523331072
2026-02-12 04:15:38,LIKE,https://www.linkedin.com/feed/update/urn%3Ali%3Aactivity%3A7427531898383568896
2026-02-12 04:03:24,LIKE,https://www.linkedin.com/feed/update/urn%3Ali%3Aactivity%3A7423285241924055040
2026-02-12 01:38:35,LIKE,https://www.linkedin.com/feed/update/urn%3Ali%3Aactivity%3A7426319287356755968
2026-02-11 14:13:58,LIKE,https://www.linkedin.com/feed/update/urn%3Ali%3Aactivity%3A7424114872566808576?commentUrn=urn%3Ali%3Acomment%3A%28activity%3A7424114872566808576%2C7424262911906267136%29
2026-02-11 14:13:12,LIKE,https://www.linkedin.com/feed/update/urn%3Ali%3Aactivity%3A7424114872566808576?commentUrn=urn%3Ali%3Acomment%3A%28activity%3A7424114872566808576%2C7424136104771096578%29
2026-02-11 08:11:27,LIKE,https://www.linkedin.com/feed/update/urn%3Ali%3Aactivity%3A7427056077298532352
2026-02-11 08:10:54,LIKE,https://www.linkedin.com/feed/update/urn%3Ali%3Aactivity%3A7427026744521547776
2026-02-11 06:17:28,LIKE,https://www.linkedin.com/feed/update/urn%3Ali%3Aactivity%3A7427180992743784449?commentUrn=urn%3Ali%3Acomment%3A%28activity%3A7427180992743784449%2C7427187332459581441%29
2026-02-11 06:17:02,LIKE,https://www.linkedin.com/feed/update/urn%3Ali%3Aactivity%3A7427180992743784449
2026-02-11 05:42:22,LIKE,https://www.linkedin.com/feed/update/urn%3Ali%3Aactivity%3A7427149187634614272?commentUrn=urn%3Ali%3Acomment%3A%28activity%3A7427149187634614272%2C7427171976714301441%29
2026-02-11 05:42:15,LIKE,https://www.linkedin.com/feed/update/urn%3Ali%3Aactivity%3A7427149187634614272?commentUrn=urn%3Ali%3Acomment%3A%28activity%3A7427149187634614272%2C7427187556330536961%29
2026-02-11 05:42:02,LIKE,https://www.linkedin.com/feed/update/urn%3Ali%3Aactivity%3A7427149187634614272?commentUrn=urn%3Ali%3Acomment%3A%28activity%3A7427149187634614272%2C7427183397174812672%29
2026-02-11 05:41:55,LIKE,https://www.linkedin.com/feed/update/urn%3Ali%3Aactivity%3A7427149187634614272?commentUrn=urn%3Ali%3Acomment%3A%28activity%3A7427149187634614272%2C7427189239450148864%29
2026-02-11 05:41:17,LIKE,https://www.linkedin.com/feed/update/urn%3Ali%3Aactivity%3A7427149187634614272?commentUrn=urn%3Ali%3Acomment%3A%28activity%3A7427149187634614272%2C7427161776212828161%29
2026-02-11 05:41:10,LIKE,https://www.linkedin.com/feed/update/urn%3Ali%3Aactivity%3A7427149187634614272?commentUrn=urn%3Ali%3Acomment%3A%28activity%3A7427149187634614272%2C7427154608197701632%29
2026-02-11 05:39:55,LIKE,https://www.linkedin.com/feed/update/urn%3Ali%3Aactivity%3A7427149187634614272?commentUrn=urn%3Ali%3Acomment%3A%28activity%3A7427149187634614272%2C7427151637334368256%29
2026-02-11 04:39:15,LIKE,https://www.linkedin.com/feed/update/urn%3Ali%3Aactivity%3A7426030821079187456
2026-02-10 04:23:00,LIKE,https://www.linkedin.com/feed/update/urn%3Ali%3Aactivity%3A7426590091093082112
2026-02-10 02:41:00,LIKE,https://www.linkedin.com/feed/update/urn%3Ali%3Aactivity%3A7425980172039888897
2026-02-10 01:15:18,LIKE,https://www.linkedin.com/feed/update/urn%3Ali%3Aactivity%3A7426721357398228992
2026-02-09 17:12:09,LIKE,https://www.linkedin.com/feed/update/urn%3Ali%3Aactivity%3A7426276933241307137
2026-02-07 09:20:27,LIKE,https://www.linkedin.com/feed/update/urn%3Ali%3Aactivity%3A7425511338363396096
2026-02-07 09:11:25,LIKE,https://www.linkedin.com/feed/update/urn%3Ali%3Aactivity%3A7425532109647179776
2026-02-07 08:56:52,LIKE,https://www.linkedin.com/feed/update/urn%3Ali%3Aactivity%3A7424557881577857025
2026-02-07 07:51:48,LIKE,https://www.linkedin.com/feed/update/urn%3Ali%3Aactivity%3A7425559654497226752
2026-02-07 00:08:21,LIKE,https://www.linkedin.com/feed/update/urn%3Ali%3Aactivity%3A7425203108064034816
2026-02-06 23:16:50,LIKE,https://www.linkedin.com/feed/update/urn%3Ali%3Aactivity%3A7425485659731279872
2026-02-06 09:48:52,LIKE,https://www.linkedin.com/feed/update/urn%3Ali%3AugcPost%3A7424489541882769409
2026-02-06 09:18:43,LIKE,https://www.linkedin.com/feed/update/urn%3Ali%3Aactivity%3A7425296643807207424
2026-02-04 01:54:52,LIKE,https://www.linkedin.com/feed/update/urn%3Ali%3Aactivity%3A7424363195013947392
2026-02-03 00:17:59,LIKE,https://www.linkedin.com/feed/update/urn%3Ali%3Aactivity%3A7423054888089075713
2026-02-02 20:10:01,LIKE,https://www.linkedin.com/feed/update/urn%3Ali%3Aactivity%3A7423860966116962304
2026-02-02 18:45:55,LIKE,https://www.linkedin.com/feed/update/urn%3Ali%3Aactivity%3A7419374428041453568?commentUrn=urn%3Ali%3Acomment%3A%28activity%3A7419374428041453568%2C7419423462722695168%29
2026-02-02 18:45:48,LIKE,https://www.linkedin.com/feed/update/urn%3Ali%3Aactivity%3A7419374428041453568
2026-02-02 18:45:08,LIKE,https://www.linkedin.com/feed/update/urn%3Ali%3Aactivity%3A7423664427801055232
2026-02-02 18:44:27,LIKE,https://www.linkedin.com/feed/update/urn%3Ali%3Aactivity%3A7424129729332625408
2026-02-02 07:19:54,LIKE,https://www.linkedin.com/feed/update/urn%3Ali%3AugcPost%3A7423000619310821376
2026-02-02 07:19:02,LIKE,https://www.linkedin.com/feed/update/urn%3Ali%3Aactivity%3A7423634072947798016
2026-02-02 03:43:38,LIKE,https://www.linkedin.com/feed/update/urn%3Ali%3Aactivity%3A7423085562255028224
2026-02-01 23:31:35,LIKE,https://www.linkedin.com/feed/update/urn%3Ali%3Aactivity%3A7423082517647319040
2026-01-31 18:03:50,LIKE,https://www.linkedin.com/feed/update/urn%3Ali%3Aactivity%3A7422572530495823872
2026-01-29 15:05:06,LIKE,https://www.linkedin.com/feed/update/urn%3Ali%3AugcPost%3A7421577013108494336
2026-01-29 15:04:53,LIKE,https://www.linkedin.com/feed/update/urn%3Ali%3AugcPost%3A7422554441972678656
2026-01-29 09:11:23,LIKE,https://www.linkedin.com/feed/update/urn%3Ali%3AugcPost%3A7422061412300275712
2026-01-29 06:00:14,LIKE,https://www.linkedin.com/feed/update/urn%3Ali%3AugcPost%3A7421959813254971392
2026-01-29 06:00:05,LIKE,https://www.linkedin.com/feed/update/urn%3Ali%3Aactivity%3A7422279389469450240
2026-01-29 02:42:19,LIKE,https://www.linkedin.com/feed/update/urn%3Ali%3AugcPost%3A7421928370403336194
2026-01-29 02:26:51,LIKE,https://www.linkedin.com/feed/update/urn%3Ali%3Aactivity%3A7422086725755129856
2026-01-29 01:17:46,LIKE,https://www.linkedin.com/feed/update/urn%3Ali%3Aactivity%3A7417952525754159104
2026-01-28 15:16:46,LIKE,https://www.linkedin.com/feed/update/urn%3Ali%3AugcPost%3A7421921028399968256
2026-01-27 08:22:21,LIKE,https://www.linkedin.com/feed/update/urn%3Ali%3Aactivity%3A7421329641929543680
2026-01-25 21:06:49,LIKE,https://www.linkedin.com/feed/update/urn%3Ali%3Aactivity%3A7421140210480181248
2026-01-25 18:39:40,LIKE,https://www.linkedin.com/feed/update/urn%3Ali%3Aactivity%3A7420495608035192832
2026-01-25 18:38:42,LIKE,https://www.linkedin.com/feed/update/urn%3Ali%3Aactivity%3A7420522600247910400
2026-01-25 18:38:18,LIKE,https://www.linkedin.com/feed/update/urn%3Ali%3Aactivity%3A7421219147021279232
2026-01-25 18:37:50,LIKE,https://www.linkedin.com/feed/update/urn%3Ali%3Aactivity%3A7417234054737121280
2026-01-25 18:37:08,LIKE,https://www.linkedin.com/feed/update/urn%3Ali%3Aactivity%3A7421239792916582401
2026-01-25 03:27:50,LIKE,https://www.linkedin.com/feed/update/urn%3Ali%3Aactivity%3A7420904534174244865?commentUrn=urn%3Ali%3Acomment%3A%28activity%3A7420904534174244865%2C7420943064728399872%29
2026-01-24 08:34:12,LIKE,https://www.linkedin.com/feed/update/urn%3Ali%3AugcPost%3A7419378237425750017
2026-01-23 22:13:52,LIKE,https://www.linkedin.com/feed/update/urn%3Ali%3Aactivity%3A7419755463996575744
2026-01-23 12:22:17,LIKE,https://www.linkedin.com/feed/update/urn%3Ali%3Aactivity%3A7420065642826883072
2026-01-22 19:18:53,LIKE,https://www.linkedin.com/feed/update/urn%3Ali%3AugcPost%3A7420096321308663808
2026-01-22 10:33:00,LIKE,https://www.linkedin.com/feed/update/urn%3Ali%3AugcPost%3A7419108655293329408?commentUrn=urn%3Ali%3Acomment%3A%28ugcPost%3A7419108655293329408%2C7419124794358501376%29
2026-01-22 10:32:55,LIKE,https://www.linkedin.com/feed/update/urn%3Ali%3AugcPost%3A7419108655293329408
2026-01-22 08:13:15,LIKE,https://www.linkedin.com/feed/update/urn%3Ali%3Aactivity%3A7419364348986458112
2026-01-22 07:24:46,LIKE,https://www.linkedin.com/feed/update/urn%3Ali%3Aactivity%3A7419812289748320256
2026-01-22 07:24:37,LIKE,https://www.linkedin.com/feed/update/urn%3Ali%3Aactivity%3A7419436505800187905
2026-01-20 22:39:26,LIKE,https://www.linkedin.com/feed/update/urn%3Ali%3Aactivity%3A7419450898147438593
2026-01-19 17:55:34,LIKE,https://www.linkedin.com/feed/update/urn%3Ali%3Aactivity%3A7418643844822413312
2026-01-16 22:47:47,LIKE,https://www.linkedin.com/feed/update/urn%3Ali%3Aactivity%3A7417970288212242432
2026-01-16 21:40:27,LIKE,https://www.linkedin.com/feed/update/urn%3Ali%3Aactivity%3A7418034051761987584
2026-01-16 15:48:52,LIKE,https://www.linkedin.com/feed/update/urn%3Ali%3AugcPost%3A7417921885293785088?commentUrn=urn%3Ali%3Acomment%3A%28ugcPost%3A7417921885293785088%2C7417927746712125441%29
2026-01-16 15:48:39,LIKE,https://www.linkedin.com/feed/update/urn%3Ali%3AugcPost%3A7417921885293785088?commentUrn=urn%3Ali%3Acomment%3A%28ugcPost%3A7417921885293785088%2C7417932875045662720%29
2026-01-16 15:48:23,LIKE,https://www.linkedin.com/feed/update/urn%3Ali%3AugcPost%3A7417921885293785088?commentUrn=urn%3Ali%3Acomment%3A%28ugcPost%3A7417921885293785088%2C7417931310373089280%29
2026-01-16 15:48:10,LIKE,https://www.linkedin.com/feed/update/urn%3Ali%3AugcPost%3A7417921885293785088?commentUrn=urn%3Ali%3Acomment%3A%28ugcPost%3A7417921885293785088%2C7417948351494742016%29
2026-01-16 15:46:05,LIKE,https://www.linkedin.com/feed/update/urn%3Ali%3AugcPost%3A7417921885293785088
2026-01-15 06:19:54,LIKE,https://www.linkedin.com/feed/update/urn%3Ali%3Aactivity%3A7417308895754223616
2026-01-15 00:35:04,LIKE,https://www.linkedin.com/feed/update/urn%3Ali%3AugcPost%3A7414482528939651072
2026-01-14 01:11:51,LIKE,https://www.linkedin.com/feed/update/urn%3Ali%3Aactivity%3A7416886638145953792
2026-01-13 09:32:52,LIKE,https://www.linkedin.com/feed/update/urn%3Ali%3Aactivity%3A7416477837701869568
2026-01-13 06:12:23,LIKE,https://www.linkedin.com/feed/update/urn%3Ali%3Aactivity%3A7416112328724914176
2026-01-13 03:04:08,LIKE,https://www.linkedin.com/feed/update/urn%3Ali%3Aactivity%3A7415414589791645696?commentUrn=urn%3Ali%3Acomment%3A%28activity%3A7415414589791645696%2C7415453135353065472%29
2026-01-13 03:02:04,LIKE,https://www.linkedin.com/feed/update/urn%3Ali%3Aactivity%3A7415025756864704513
2026-01-13 03:01:55,LIKE,https://www.linkedin.com/feed/update/urn%3Ali%3AugcPost%3A7416439710459539456
2026-01-13 01:48:01,LIKE,https://www.linkedin.com/feed/update/urn%3Ali%3AugcPost%3A7414062159334146048
2026-01-12 17:42:05,LIKE,https://www.linkedin.com/feed/update/urn%3Ali%3Aactivity%3A7416495700340940800?commentUrn=urn%3Ali%3Acomment%3A%28activity%3A7416495700340940800%2C7416514126434381824%29
2026-01-12 17:42:03,LIKE,https://www.linkedin.com/feed/update/urn%3Ali%3Aactivity%3A7416495700340940800
2026-01-12 17:41:53,LIKE,https://www.linkedin.com/feed/update/urn%3Ali%3Aactivity%3A7415457300670578688
2026-01-11 22:29:45,LIKE,https://www.linkedin.com/feed/update/urn%3Ali%3Aactivity%3A7414433337815187458
2026-01-10 08:42:39,LIKE,https://www.linkedin.com/feed/update/urn%3Ali%3Aactivity%3A7415105403534934016
2026-01-08 14:58:54,LIKE,https://www.linkedin.com/feed/update/urn%3Ali%3Aactivity%3A7414972505259540480
2026-01-08 08:45:35,LIKE,https://www.linkedin.com/feed/update/urn%3Ali%3Aactivity%3A7414304773275041792?commentUrn=urn%3Ali%3Acomment%3A%28activity%3A7414304773275041792%2C7414444234709045248%29
2026-01-06 00:21:40,LIKE,https://www.linkedin.com/feed/update/urn%3Ali%3Aactivity%3A7413935021461291008
2026-01-05 04:57:06,LIKE,https://www.linkedin.com/feed/update/urn%3Ali%3Aactivity%3A7413315818366648320
2026-01-05 04:20:36,LIKE,https://www.linkedin.com/feed/update/urn%3Ali%3Aactivity%3A7413648294872043520
2025-12-31 07:19:00,LIKE,https://www.linkedin.com/feed/update/urn%3Ali%3Aactivity%3A7411432061615579137
2025-12-31 07:18:45,LIKE,https://www.linkedin.com/feed/update/urn%3Ali%3Aactivity%3A7411756873445601280
2025-12-31 02:16:52,LIKE,https://www.linkedin.com/feed/update/urn%3Ali%3Aactivity%3A7411768058823987201
2025-12-30 13:05:42,LIKE,https://www.linkedin.com/feed/update/urn%3Ali%3Aactivity%3A7410750160303226880
2025-12-28 00:56:00,LIKE,https://www.linkedin.com/feed/update/urn%3Ali%3Aactivity%3A7408869147901882368
2025-12-25 21:16:23,LIKE,https://www.linkedin.com/feed/update/urn%3Ali%3AugcPost%3A7389301824350121984
2025-12-25 21:15:36,LIKE,https://www.linkedin.com/feed/update/urn%3Ali%3AlyndaCourse%3A3894076
2025-12-25 21:12:56,LIKE,https://www.linkedin.com/feed/update/urn%3Ali%3Aactivity%3A7409318930831491072
2025-12-24 21:04:24,LIKE,https://www.linkedin.com/feed/update/urn%3Ali%3Aactivity%3A7407781835168124928
2025-12-20 00:00:24,LIKE,https://www.linkedin.com/feed/update/urn%3Ali%3AugcPost%3A7407474476923392001
2025-12-19 23:59:49,LIKE,https://www.linkedin.com/feed/update/urn%3Ali%3Aactivity%3A7406796154534825984
2025-12-18 16:58:40,LIKE,https://www.linkedin.com/feed/update/urn%3Ali%3Aactivity%3A7407415605261377537
2025-12-18 16:10:13,LIKE,https://www.linkedin.com/feed/update/urn%3Ali%3Aactivity%3A7404934274359050240
2025-12-18 00:30:29,LIKE,https://www.linkedin.com/feed/update/urn%3Ali%3AugcPost%3A7407183855796817920?commentUrn=urn%3Ali%3Acomment%3A%28ugcPost%3A7407183855796817920%2C7407186958692626434%29
2025-12-18 00:30:27,LIKE,https://www.linkedin.com/feed/update/urn%3Ali%3AugcPost%3A7407183855796817920?commentUrn=urn%3Ali%3Acomment%3A%28ugcPost%3A7407183855796817920%2C7407199521362862082%29
2025-12-18 00:30:22,LIKE,https://www.linkedin.com/feed/update/urn%3Ali%3AugcPost%3A7407183855796817920?commentUrn=urn%3Ali%3Acomment%3A%28ugcPost%3A7407183855796817920%2C7407183946247000065%29
2025-12-17 20:41:40,LIKE,https://www.linkedin.com/feed/update/urn%3Ali%3Aactivity%3A7407083410315403264
2025-12-17 15:29:07,LIKE,https://www.linkedin.com/feed/update/urn%3Ali%3AugcPost%3A7406389705078001665
2025-12-16 19:11:06,LIKE,https://www.linkedin.com/feed/update/urn%3Ali%3Aactivity%3A7406361496076771332
2025-12-16 08:18:29,LIKE,https://www.linkedin.com/feed/update/urn%3Ali%3Aactivity%3A7406358189253844992
2025-12-14 02:25:32,LIKE,https://www.linkedin.com/feed/update/urn%3Ali%3Aactivity%3A7404946583655645184
2025-12-14 02:24:18,LIKE,https://www.linkedin.com/feed/update/urn%3Ali%3Aactivity%3A7405267711045509121
2025-12-14 01:19:11,LIKE,https://www.linkedin.com/feed/update/urn%3Ali%3AugcPost%3A7404917874970103809
2025-12-14 01:18:49,LIKE,https://www.linkedin.com/feed/update/urn%3Ali%3AugcPost%3A7400983966830297089
2025-12-14 01:17:49,LIKE,https://www.linkedin.com/feed/update/urn%3Ali%3Aactivity%3A7405312629784616960
2025-12-13 22:52:19,LIKE,https://www.linkedin.com/feed/update/urn%3Ali%3AugcPost%3A7404951038362910720
2025-12-13 22:41:52,LIKE,https://www.linkedin.com/feed/update/urn%3Ali%3Aactivity%3A7405335292213178368
2025-12-12 15:26:16,LIKE,https://www.linkedin.com/feed/update/urn%3Ali%3Aactivity%3A7405260450407346179
2025-12-12 06:49:58,LIKE,https://www.linkedin.com/feed/update/urn%3Ali%3AugcPost%3A7404191496322641920
2025-12-12 06:48:49,LIKE,https://www.linkedin.com/feed/update/urn%3Ali%3AugcPost%3A7403822577586126848
2025-12-12 02:28:46,LIKE,https://www.linkedin.com/feed/update/urn%3Ali%3AugcPost%3A7405002733134569473
2025-12-11 21:45:25,LIKE,https://www.linkedin.com/feed/update/urn%3Ali%3AugcPost%3A7403847495422054400
2025-12-10 16:44:20,LIKE,https://www.linkedin.com/feed/update/urn%3Ali%3Aactivity%3A7404254637715021824
2025-12-10 15:42:51,LIKE,https://www.linkedin.com/feed/update/urn%3Ali%3AugcPost%3A7404526363489185792
2025-12-09 22:41:42,LIKE,https://www.linkedin.com/feed/update/urn%3Ali%3Aactivity%3A7403795528708313088?commentUrn=urn%3Ali%3Acomment%3A%28activity%3A7403795528708313088%2C7403927846198419456%29
2025-12-08 08:29:23,LIKE,https://www.linkedin.com/feed/update/urn%3Ali%3Aactivity%3A7402406417464451072?commentUrn=urn%3Ali%3Acomment%3A%28activity%3A7402406417464451072%2C7403525859791310849%29
2025-12-08 08:28:31,LIKE,https://www.linkedin.com/feed/update/urn%3Ali%3Aactivity%3A7402406417464451072?commentUrn=urn%3Ali%3Acomment%3A%28activity%3A7402406417464451072%2C7402690525130334208%29
2025-12-08 08:27:35,LIKE,https://www.linkedin.com/feed/update/urn%3Ali%3Aactivity%3A7402406417464451072
2025-12-07 01:31:02,LIKE,https://www.linkedin.com/feed/update/urn%3Ali%3Aactivity%3A7402345995554267136?commentUrn=urn%3Ali%3Acomment%3A%28activity%3A7402345995554267136%2C7403049832791187456%29
2025-12-07 01:31:00,LIKE,https://www.linkedin.com/feed/update/urn%3Ali%3Aactivity%3A7402345995554267136?commentUrn=urn%3Ali%3Acomment%3A%28activity%3A7402345995554267136%2C7402898267400945665%29
2025-12-07 01:30:51,LIKE,https://www.linkedin.com/feed/update/urn%3Ali%3Aactivity%3A7402345995554267136?commentUrn=urn%3Ali%3Acomment%3A%28activity%3A7402345995554267136%2C7402920411119816704%29
2025-12-07 01:27:30,LIKE,https://www.linkedin.com/feed/update/urn%3Ali%3Aactivity%3A7402345995554267136?commentUrn=urn%3Ali%3Acomment%3A%28activity%3A7402345995554267136%2C7402387715134029824%29
2025-12-07 01:27:10,LIKE,https://www.linkedin.com/feed/update/urn%3Ali%3Aactivity%3A7402345995554267136
2025-12-01 18:51:01,LIKE,https://www.linkedin.com/feed/update/urn%3Ali%3Aactivity%3A7401296525571780608?commentUrn=urn%3Ali%3Acomment%3A%28activity%3A7401296525571780608%2C7401303608505311232%29
2025-12-01 18:50:56,LIKE,https://www.linkedin.com/feed/update/urn%3Ali%3Aactivity%3A7401296525571780608?commentUrn=urn%3Ali%3Acomment%3A%28activity%3A7401296525571780608%2C7401322093910552577%29
2025-12-01 18:50:40,LIKE,https://www.linkedin.com/feed/update/urn%3Ali%3Aactivity%3A7401296525571780608?commentUrn=urn%3Ali%3Acomment%3A%28activity%3A7401296525571780608%2C7401319125928632321%29
2025-12-01 18:50:18,LIKE,https://www.linkedin.com/feed/update/urn%3Ali%3Aactivity%3A7401296525571780608?commentUrn=urn%3Ali%3Acomment%3A%28activity%3A7401296525571780608%2C7401322178211770369%29
2025-12-01 18:50:11,LIKE,https://www.linkedin.com/feed/update/urn%3Ali%3Aactivity%3A7401296525571780608?commentUrn=urn%3Ali%3Acomment%3A%28activity%3A7401296525571780608%2C7401305693342982144%29
2025-12-01 18:48:03,LIKE,https://www.linkedin.com/feed/update/urn%3Ali%3Aactivity%3A7401296525571780608
2025-12-01 15:35:39,LIKE,https://www.linkedin.com/feed/update/urn%3Ali%3Aactivity%3A7397238777938673664
2025-11-30 07:21:32,LIKE,https://www.linkedin.com/feed/update/urn%3Ali%3AugcPost%3A7400182756456062976
2025-11-29 21:09:28,LIKE,https://www.linkedin.com/feed/update/urn%3Ali%3Aactivity%3A7397378234834694145
2025-11-29 00:45:10,LIKE,https://www.linkedin.com/feed/update/urn%3Ali%3Aactivity%3A7400171759590813696
2025-11-28 06:09:15,LIKE,https://www.linkedin.com/feed/update/urn%3Ali%3Aactivity%3A7397680212014096384
2025-11-27 21:46:01,LIKE,https://www.linkedin.com/feed/update/urn%3Ali%3Aactivity%3A7399002573149642752
2025-11-27 20:53:25,LIKE,https://www.linkedin.com/feed/update/urn%3Ali%3Aactivity%3A7399187740338176000
2025-11-27 18:46:25,LIKE,https://www.linkedin.com/feed/update/urn%3Ali%3Aactivity%3A7399707339085246464
2025-11-23 03:04:41,LIKE,https://www.linkedin.com/feed/update/urn%3Ali%3Aactivity%3A7396564699141533696
2025-11-23 02:47:47,LIKE,https://www.linkedin.com/feed/update/urn%3Ali%3Aactivity%3A7394021028169121792
2025-11-23 02:46:46,LIKE,https://www.linkedin.com/feed/update/urn%3Ali%3AugcPost%3A7397317687657480192
2025-11-21 00:15:42,LIKE,https://www.linkedin.com/feed/update/urn%3Ali%3Aactivity%3A7392703653847072769
2025-11-21 00:14:35,LIKE,https://www.linkedin.com/feed/update/urn%3Ali%3Aactivity%3A7396624552505659392
2025-11-18 16:03:55,LIKE,https://www.linkedin.com/feed/update/urn%3Ali%3Aactivity%3A7396559661216407552
2025-11-18 16:02:52,LIKE,https://www.linkedin.com/feed/update/urn%3Ali%3Aactivity%3A7395298265400926209
2025-11-17 05:04:00,LIKE,https://www.linkedin.com/feed/update/urn%3Ali%3AugcPost%3A7395478404617134080
2025-11-15 03:18:27,LIKE,https://www.linkedin.com/feed/update/urn%3Ali%3Aactivity%3A7394373559814623232
2025-11-15 02:47:57,LIKE,https://www.linkedin.com/feed/update/urn%3Ali%3Aactivity%3A7394452707329175552?commentUrn=urn%3Ali%3Acomment%3A%28activity%3A7394452707329175552%2C7395000239587213313%29
2025-11-15 02:46:38,LIKE,https://www.linkedin.com/feed/update/urn%3Ali%3Aactivity%3A7394452707329175552
2025-11-13 11:23:21,LIKE,https://www.linkedin.com/feed/update/urn%3Ali%3Aactivity%3A7393655984365207552
2025-11-13 00:26:21,LIKE,https://www.linkedin.com/feed/update/urn%3Ali%3Aactivity%3A7392214610684108800
2025-11-12 23:39:52,LIKE,https://www.linkedin.com/feed/update/urn%3Ali%3Aactivity%3A7392933001854353408
2025-11-12 23:33:24,LIKE,https://www.linkedin.com/feed/update/urn%3Ali%3Aactivity%3A7394354534736674816
2025-11-11 08:11:52,LIKE,https://www.linkedin.com/feed/update/urn%3Ali%3Aactivity%3A7393659627034333184
2025-11-11 04:41:38,LIKE,https://www.linkedin.com/feed/update/urn%3Ali%3AugcPost%3A7391897378959806465
2025-11-07 14:05:36,LIKE,https://www.linkedin.com/feed/update/urn%3Ali%3Aactivity%3A7392306675539431424
2025-11-07 01:54:05,LIKE,https://www.linkedin.com/feed/update/urn%3Ali%3AugcPost%3A7392207965585297409
2025-11-05 02:43:19,LIKE,https://www.linkedin.com/feed/update/urn%3Ali%3AugcPost%3A7391217960641781760
2025-10-31 05:09:57,LIKE,https://www.linkedin.com/feed/update/urn%3Ali%3AugcPost%3A7389551166461747200
2025-10-31 04:55:19,LIKE,https://www.linkedin.com/feed/update/urn%3Ali%3AugcPost%3A7389610020751085569
2025-10-31 04:19:50,LIKE,https://www.linkedin.com/feed/update/urn%3Ali%3AugcPost%3A7389702036570791936
2025-10-30 09:04:35,LIKE,https://www.linkedin.com/feed/update/urn%3Ali%3AugcPost%3A7388875602256347136
2025-10-30 07:42:39,LIKE,https://www.linkedin.com/feed/update/urn%3Ali%3AugcPost%3A7389336993681444864
2025-10-29 04:29:06,LIKE,https://www.linkedin.com/feed/update/urn%3Ali%3Aactivity%3A7388867014834036736
2025-10-28 22:19:39,LIKE,https://www.linkedin.com/feed/update/urn%3Ali%3Aactivity%3A7387846629719998464
2025-10-28 21:49:32,LIKE,https://www.linkedin.com/feed/update/urn%3Ali%3Aactivity%3A7388655655886372864
2025-10-27 04:26:08,LIKE,https://www.linkedin.com/feed/update/urn%3Ali%3Aactivity%3A7384609237991194625
2025-10-27 04:24:51,LIKE,https://www.linkedin.com/feed/update/urn%3Ali%3AugcPost%3A7388144322686128129
2025-10-26 02:07:40,LIKE,https://www.linkedin.com/feed/update/urn%3Ali%3Aactivity%3A7387849117361664001
2025-10-25 23:33:45,LIKE,https://www.linkedin.com/feed/update/urn%3Ali%3Aactivity%3A7386385850907095041?commentUrn=urn%3Ali%3Acomment%3A%28activity%3A7386385850907095041%2C7386761201130729472%29
2025-10-25 23:33:14,LIKE,https://www.linkedin.com/feed/update/urn%3Ali%3Aactivity%3A7386385850907095041?commentUrn=urn%3Ali%3Acomment%3A%28activity%3A7386385850907095041%2C7386717730567143424%29
2025-10-25 03:30:45,LIKE,https://www.linkedin.com/feed/update/urn%3Ali%3Aactivity%3A7387469178183671808
2025-10-24 07:29:23,LIKE,https://www.linkedin.com/feed/update/urn%3Ali%3Aactivity%3A7387091676214935553
2025-10-24 07:28:40,LIKE,https://www.linkedin.com/feed/update/urn%3Ali%3AugcPost%3A7387192083243134976
2025-10-24 05:27:56,LIKE,https://www.linkedin.com/feed/update/urn%3Ali%3AugcPost%3A7382904750498906112?commentUrn=urn%3Ali%3Acomment%3A%28ugcPost%3A7382904750498906112%2C7387195434177372160%29
2025-10-23 00:10:59,LIKE,https://www.linkedin.com/feed/update/urn%3Ali%3AugcPost%3A7382904750498906112?commentUrn=urn%3Ali%3Acomment%3A%28ugcPost%3A7382904750498906112%2C7386916126741405697%29
2025-10-22 13:55:38,LIKE,https://www.linkedin.com/feed/update/urn%3Ali%3Aactivity%3A7386494258410610688
2025-10-22 06:00:30,LIKE,https://www.linkedin.com/feed/update/urn%3Ali%3AugcPost%3A7382904750498906112?commentUrn=urn%3Ali%3Acomment%3A%28ugcPost%3A7382904750498906112%2C7386332027119353856%29
2025-10-21 23:24:20,LIKE,https://www.linkedin.com/feed/update/urn%3Ali%3AugcPost%3A7386361752810127362
2025-10-21 03:04:06,LIKE,https://www.linkedin.com/feed/update/urn%3Ali%3Aactivity%3A7386153976460873729
2025-10-18 15:29:26,LIKE,https://www.linkedin.com/feed/update/urn%3Ali%3AugcPost%3A7384523141802344448?commentUrn=urn%3Ali%3Acomment%3A%28ugcPost%3A7384523141802344448%2C7384913799402663936%29
2025-10-18 15:29:10,LIKE,https://www.linkedin.com/feed/update/urn%3Ali%3AugcPost%3A7384523141802344448?commentUrn=urn%3Ali%3Acomment%3A%28ugcPost%3A7384523141802344448%2C7384951199885701121%29
2025-10-18 02:23:54,LIKE,https://www.linkedin.com/feed/update/urn%3Ali%3Aactivity%3A7385118889522708481
2025-10-18 02:23:41,LIKE,https://www.linkedin.com/feed/update/urn%3Ali%3AugcPost%3A7384977876409872384
2025-10-17 21:57:29,LIKE,https://www.linkedin.com/feed/update/urn%3Ali%3AugcPost%3A7384975399677739008
2025-10-16 20:12:11,LIKE,https://www.linkedin.com/feed/update/urn%3Ali%3Aactivity%3A7384632936416960512
2025-10-16 17:15:42,LIKE,https://www.linkedin.com/feed/update/urn%3Ali%3AugcPost%3A7381828753179492352
2025-10-16 12:46:27,LIKE,https://www.linkedin.com/feed/update/urn%3Ali%3Aactivity%3A7384223047022518295
2025-10-16 01:18:25,LIKE,https://www.linkedin.com/feed/update/urn%3Ali%3Aactivity%3A7384215109885263872
2025-10-16 00:12:15,LIKE,https://www.linkedin.com/feed/update/urn%3Ali%3Aactivity%3A7384211471469240320
2025-10-15 21:27:28,LIKE,https://www.linkedin.com/feed/update/urn%3Ali%3AugcPost%3A7384018829083070464
2025-10-15 16:45:03,LIKE,https://www.linkedin.com/feed/update/urn%3Ali%3Aactivity%3A7384260657216593920
2025-10-14 20:18:10,LIKE,https://www.linkedin.com/feed/update/urn%3Ali%3Aactivity%3A7383563777516093440
2025-10-14 18:47:58,LIKE,https://www.linkedin.com/feed/update/urn%3Ali%3AugcPost%3A7383932974943309824
2025-10-13 22:33:10,LIKE,https://www.linkedin.com/feed/update/urn%3Ali%3Aactivity%3A7383537361994878976
2025-10-13 19:02:41,LIKE,https://www.linkedin.com/feed/update/urn%3Ali%3Aactivity%3A7383564836997271552
2025-10-13 18:28:50,LIKE,https://www.linkedin.com/feed/update/urn%3Ali%3Aactivity%3A7383506071216082944
2025-10-13 11:14:20,LIKE,https://www.linkedin.com/feed/update/urn%3Ali%3Aactivity%3A7383396225603088385
2025-10-13 04:48:23,LIKE,https://www.linkedin.com/feed/update/urn%3Ali%3AugcPost%3A7382904750498906112?commentUrn=urn%3Ali%3Acomment%3A%28ugcPost%3A7382904750498906112%2C7383188013939576832%29
2025-10-13 04:47:46,LIKE,https://www.linkedin.com/feed/update/urn%3Ali%3AugcPost%3A7382904750498906112?commentUrn=urn%3Ali%3Acomment%3A%28ugcPost%3A7382904750498906112%2C7383329922108366848%29
2025-10-13 01:58:56,LIKE,https://www.linkedin.com/feed/update/urn%3Ali%3Aactivity%3A7382410741200560128
2025-10-13 01:19:05,LIKE,https://www.linkedin.com/feed/update/urn%3Ali%3Aactivity%3A7382839031522439168?commentUrn=urn%3Ali%3Acomment%3A%28activity%3A7382839031522439168%2C7383286138414936064%29
2025-10-12 23:55:58,LIKE,https://www.linkedin.com/feed/update/urn%3Ali%3AugcPost%3A7383170822015766528
2025-10-12 20:17:42,LIKE,https://www.linkedin.com/feed/update/urn%3Ali%3Aactivity%3A7383129020982382593
2025-10-12 16:29:15,LIKE,https://www.linkedin.com/feed/update/urn%3Ali%3AugcPost%3A7382904750498906112?commentUrn=urn%3Ali%3Acomment%3A%28ugcPost%3A7382904750498906112%2C7383088972001984512%29
2025-10-12 16:29:14,LIKE,https://www.linkedin.com/feed/update/urn%3Ali%3AugcPost%3A7382904750498906112?commentUrn=urn%3Ali%3Acomment%3A%28ugcPost%3A7382904750498906112%2C7383069333910007808%29
2025-10-12 16:29:12,LIKE,https://www.linkedin.com/feed/update/urn%3Ali%3AugcPost%3A7382904750498906112?commentUrn=urn%3Ali%3Acomment%3A%28ugcPost%3A7382904750498906112%2C7383174692347686912%29
2025-10-12 05:57:29,LIKE,https://www.linkedin.com/feed/update/urn%3Ali%3Aactivity%3A7371244859980009472
2025-10-12 05:55:41,LIKE,https://www.linkedin.com/feed/update/urn%3Ali%3AugcPost%3A7382904750498906112?commentUrn=urn%3Ali%3Acomment%3A%28ugcPost%3A7382904750498906112%2C7382974570024079360%29
2025-10-12 02:42:39,LIKE,https://www.linkedin.com/feed/update/urn%3Ali%3AugcPost%3A7381745235615227904
2025-10-12 02:31:55,LIKE,https://www.linkedin.com/feed/update/urn%3Ali%3AugcPost%3A7382904750498906112?commentUrn=urn%3Ali%3Acomment%3A%28ugcPost%3A7382904750498906112%2C7382943643134951424%29
2025-10-12 02:31:53,LIKE,https://www.linkedin.com/feed/update/urn%3Ali%3AugcPost%3A7382904750498906112?commentUrn=urn%3Ali%3Acomment%3A%28ugcPost%3A7382904750498906112%2C7382963967939284992%29
2025-10-12 00:39:58,LIKE,https://www.linkedin.com/feed/update/urn%3Ali%3AugcPost%3A7341824035867041793
2025-10-12 00:26:31,LIKE,https://www.linkedin.com/feed/update/urn%3Ali%3AugcPost%3A7382904750498906112?commentUrn=urn%3Ali%3Acomment%3A%28ugcPost%3A7382904750498906112%2C7382932739605372928%29
2025-10-12 00:26:29,LIKE,https://www.linkedin.com/feed/update/urn%3Ali%3AugcPost%3A7382904750498906112?commentUrn=urn%3Ali%3Acomment%3A%28ugcPost%3A7382904750498906112%2C7382931441967480833%29
2025-10-12 00:26:16,LIKE,https://www.linkedin.com/feed/update/urn%3Ali%3AugcPost%3A7382904750498906112?commentUrn=urn%3Ali%3Acomment%3A%28ugcPost%3A7382904750498906112%2C7382915086979534848%29
2025-10-11 22:10:02,LIKE,https://www.linkedin.com/feed/update/urn%3Ali%3Aactivity%3A7381665682821640192?commentUrn=urn%3Ali%3Acomment%3A%28activity%3A7381665682821640192%2C7381848662928416770%29
2025-10-11 19:35:26,LIKE,https://www.linkedin.com/feed/update/urn%3Ali%3Aactivity%3A7382358797127692288
2025-10-11 19:34:47,LIKE,https://www.linkedin.com/feed/update/urn%3Ali%3Aactivity%3A7382293839413387264
2025-10-11 18:33:55,LIKE,https://www.linkedin.com/feed/update/urn%3Ali%3AugcPost%3A7381959595226722304
2025-10-11 05:02:25,LIKE,https://www.linkedin.com/feed/update/urn%3Ali%3Aactivity%3A7381748813356748800
2025-10-11 04:38:34,LIKE,https://www.linkedin.com/feed/update/urn%3Ali%3Aactivity%3A7381674764073025536
2025-10-11 02:28:18,LIKE,https://www.linkedin.com/feed/update/urn%3Ali%3Aactivity%3A7381712622221553664
2025-10-10 20:27:44,LIKE,https://www.linkedin.com/feed/update/urn%3Ali%3Aactivity%3A7382490859344338944?commentUrn=urn%3Ali%3Acomment%3A%28activity%3A7382490859344338944%2C7382509067107241984%29
2025-10-09 04:18:57,LIKE,https://www.linkedin.com/feed/update/urn%3Ali%3Aactivity%3A7377062782225219585
2025-10-06 23:45:50,LIKE,https://www.linkedin.com/feed/update/urn%3Ali%3Aactivity%3A7380988304860614656
2025-10-06 23:11:22,LIKE,https://www.linkedin.com/feed/update/urn%3Ali%3AugcPost%3A7381046279247691778
2025-10-06 16:40:33,LIKE,https://www.linkedin.com/feed/update/urn%3Ali%3Aactivity%3A7380734378504654848
2025-10-05 15:42:35,LIKE,https://www.linkedin.com/feed/update/urn%3Ali%3Aactivity%3A7378814517054492672
2025-10-05 12:45:08,LIKE,https://www.linkedin.com/feed/update/urn%3Ali%3AugcPost%3A7379845816083070976?commentUrn=urn%3Ali%3Acomment%3A%28ugcPost%3A7379845816083070976%2C7380318660818579456%29
2025-10-05 12:43:49,LIKE,https://www.linkedin.com/feed/update/urn%3Ali%3AugcPost%3A7379845816083070976?commentUrn=urn%3Ali%3Acomment%3A%28ugcPost%3A7379845816083070976%2C7379913246478168064%29
2025-10-05 12:43:31,LIKE,https://www.linkedin.com/feed/update/urn%3Ali%3AugcPost%3A7379845816083070976
2025-10-05 12:42:56,LIKE,https://www.linkedin.com/feed/update/urn%3Ali%3AugcPost%3A7380318544737034240
2025-10-05 06:14:34,LIKE,https://www.linkedin.com/feed/update/urn%3Ali%3AugcPost%3A7379900592229380097
2025-10-04 20:35:48,LIKE,https://www.linkedin.com/feed/update/urn%3Ali%3Aactivity%3A7379936375413817344
2025-10-04 20:35:13,LIKE,https://www.linkedin.com/feed/update/urn%3Ali%3Aactivity%3A7380032674998124544
2025-10-04 19:52:44,LIKE,https://www.linkedin.com/feed/update/urn%3Ali%3Aactivity%3A7379549479051431938
2025-10-04 19:51:53,LIKE,https://www.linkedin.com/feed/update/urn%3Ali%3Aactivity%3A7379935073288192000
2025-10-04 19:51:39,LIKE,https://www.linkedin.com/feed/update/urn%3Ali%3Aactivity%3A7379870614985281536
2025-10-04 17:54:49,LIKE,https://www.linkedin.com/feed/update/urn%3Ali%3Aactivity%3A7379582857700319232
2025-10-04 16:53:26,LIKE,https://www.linkedin.com/feed/update/urn%3Ali%3Aactivity%3A7380244196294565889
2025-10-03 21:58:36,LIKE,https://www.linkedin.com/feed/update/urn%3Ali%3Aactivity%3A7379900566078074880
2025-10-03 17:30:25,LIKE,https://www.linkedin.com/feed/update/urn%3Ali%3AugcPost%3A7379130391745634304
2025-10-03 03:48:32,LIKE,https://www.linkedin.com/feed/update/urn%3Ali%3Aactivity%3A7379134251725815809
2025-10-03 03:46:11,LIKE,https://www.linkedin.com/feed/update/urn%3Ali%3Aactivity%3A7379539434196664321
2025-10-03 00:39:19,LIKE,https://www.linkedin.com/feed/update/urn%3Ali%3Aactivity%3A7375909297781780482
2025-10-02 16:07:04,LIKE,https://www.linkedin.com/feed/update/urn%3Ali%3AugcPost%3A7379502680378986496
2025-10-02 08:41:40,LIKE,https://www.linkedin.com/feed/update/urn%3Ali%3Aactivity%3A7379183418565316608
2025-10-02 06:13:08,LIKE,https://www.linkedin.com/feed/update/urn%3Ali%3Aactivity%3A7379182881514065920
2025-10-02 05:21:38,LIKE,https://www.linkedin.com/feed/update/urn%3Ali%3Aactivity%3A7377711218322493440
2025-10-02 04:09:14,LIKE,https://www.linkedin.com/feed/update/urn%3Ali%3Aactivity%3A7377341288116953088
2025-10-02 02:58:04,LIKE,https://www.linkedin.com/feed/update/urn%3Ali%3Aactivity%3A7376963760344788993
2025-10-01 18:36:36,LIKE,https://www.linkedin.com/feed/update/urn%3Ali%3AugcPost%3A7379113356638638080
2025-10-01 17:34:54,LIKE,https://www.linkedin.com/feed/update/urn%3Ali%3Aactivity%3A7378882679351578624
2025-10-01 05:23:17,LIKE,https://www.linkedin.com/feed/update/urn%3Ali%3Aactivity%3A7378745681349394432?commentUrn=urn%3Ali%3Acomment%3A%28activity%3A7378745681349394432%2C7378806878933454848%29
2025-10-01 05:22:33,LIKE,https://www.linkedin.com/feed/update/urn%3Ali%3Aactivity%3A7378745681349394432?commentUrn=urn%3Ali%3Acomment%3A%28activity%3A7378745681349394432%2C7378856501173612544%29
2025-10-01 05:22:19,LIKE,https://www.linkedin.com/feed/update/urn%3Ali%3Aactivity%3A7378745681349394432
2025-09-30 14:03:19,LIKE,https://www.linkedin.com/feed/update/urn%3Ali%3Aactivity%3A7378761549018075136
2025-09-30 14:00:53,LIKE,https://www.linkedin.com/feed/update/urn%3Ali%3Aactivity%3A7377846161551966208
2025-09-30 09:05:10,LIKE,https://www.linkedin.com/feed/update/urn%3Ali%3Aactivity%3A7377104524139945984
2025-09-30 01:17:00,LIKE,https://www.linkedin.com/feed/update/urn%3Ali%3Aactivity%3A7378438479535443968
2025-09-29 21:19:17,LIKE,https://www.linkedin.com/feed/update/urn%3Ali%3AugcPost%3A7378492384793227264
2025-09-28 21:19:06,LIKE,https://www.linkedin.com/feed/update/urn%3Ali%3Aactivity%3A7377945047952158720
2025-09-28 21:18:01,LIKE,https://www.linkedin.com/feed/update/urn%3Ali%3Aactivity%3A7376250270684561409
2025-09-28 16:19:32,LIKE,https://www.linkedin.com/feed/update/urn%3Ali%3Aactivity%3A7376640928930910208
2025-09-28 05:57:58,LIKE,https://www.linkedin.com/feed/update/urn%3Ali%3Aactivity%3A7375909364597166080
2025-09-28 05:38:36,LIKE,https://www.linkedin.com/feed/update/urn%3Ali%3Aactivity%3A7377007827703357440
2025-09-28 04:48:03,LIKE,https://www.linkedin.com/feed/update/urn%3Ali%3Aactivity%3A7356089304256827394
2025-09-28 02:14:38,LIKE,https://www.linkedin.com/feed/update/urn%3Ali%3Aactivity%3A7377310514609016832
2025-09-28 02:13:02,LIKE,https://www.linkedin.com/feed/update/urn%3Ali%3Aactivity%3A7374804205099745280
2025-09-28 02:11:40,LIKE,https://www.linkedin.com/feed/update/urn%3Ali%3AugcPost%3A7376664639214026753
2025-09-26 19:05:58,LIKE,https://www.linkedin.com/feed/update/urn%3Ali%3AugcPost%3A7377190285748891648
2025-09-25 16:19:01,LIKE,https://www.linkedin.com/feed/update/urn%3Ali%3Aactivity%3A7376664411186565120
2025-09-24 15:25:07,LIKE,https://www.linkedin.com/feed/update/urn%3Ali%3AugcPost%3A7376573454130692096?commentUrn=urn%3Ali%3Acomment%3A%28ugcPost%3A7376573454130692096%2C7376600875475091456%29
2025-09-24 15:24:30,LIKE,https://www.linkedin.com/feed/update/urn%3Ali%3AugcPost%3A7376573454130692096?commentUrn=urn%3Ali%3Acomment%3A%28ugcPost%3A7376573454130692096%2C7376582586317299712%29
2025-09-24 15:24:08,LIKE,https://www.linkedin.com/feed/update/urn%3Ali%3AugcPost%3A7376573454130692096?commentUrn=urn%3Ali%3Acomment%3A%28ugcPost%3A7376573454130692096%2C7376618378171482112%29
2025-09-24 15:23:32,LIKE,https://www.linkedin.com/feed/update/urn%3Ali%3AugcPost%3A7376573454130692096?commentUrn=urn%3Ali%3Acomment%3A%28ugcPost%3A7376573454130692096%2C7376597880704327680%29
2025-09-24 15:22:58,LIKE,https://www.linkedin.com/feed/update/urn%3Ali%3AugcPost%3A7376573454130692096?commentUrn=urn%3Ali%3Acomment%3A%28ugcPost%3A7376573454130692096%2C7376603607212707840%29
2025-09-24 15:22:52,LIKE,https://www.linkedin.com/feed/update/urn%3Ali%3AugcPost%3A7376573454130692096?commentUrn=urn%3Ali%3Acomment%3A%28ugcPost%3A7376573454130692096%2C7376627193847865344%29
2025-09-24 15:20:53,LIKE,https://www.linkedin.com/feed/update/urn%3Ali%3Aactivity%3A7376354100973834240
2025-09-24 08:33:49,LIKE,https://www.linkedin.com/feed/update/urn%3Ali%3Aactivity%3A7375978110938337280
2025-09-24 07:26:07,LIKE,https://www.linkedin.com/feed/update/urn%3Ali%3Aactivity%3A7374479232883687424
2025-09-24 01:36:18,LIKE,https://www.linkedin.com/feed/update/urn%3Ali%3Aactivity%3A7376247052634058752
2025-09-22 21:38:30,LIKE,https://www.linkedin.com/feed/update/urn%3Ali%3Aactivity%3A7375967730153459712
2025-09-22 17:27:14,LIKE,https://www.linkedin.com/feed/update/urn%3Ali%3Aactivity%3A7374496821924200448?commentUrn=urn%3Ali%3Acomment%3A%28activity%3A7374496821924200448%2C7375928790851579905%29
2025-09-21 18:27:05,LIKE,https://www.linkedin.com/feed/update/urn%3Ali%3Aactivity%3A7374138891865333760
2025-09-21 16:28:06,LIKE,https://www.linkedin.com/feed/update/urn%3Ali%3Aactivity%3A7374872913612615680
2025-09-21 13:39:19,LIKE,https://www.linkedin.com/feed/update/urn%3Ali%3Aactivity%3A7375427318233714688
2025-09-20 21:02:53,LIKE,https://www.linkedin.com/feed/update/urn%3Ali%3Aactivity%3A7374450392379703296?commentUrn=urn%3Ali%3Acomment%3A%28activity%3A7374450392379703296%2C7374450814582669312%29
2025-09-20 21:01:19,LIKE,https://www.linkedin.com/feed/update/urn%3Ali%3Aactivity%3A7374783816567037952
2025-09-20 17:06:45,LIKE,https://www.linkedin.com/feed/update/urn%3Ali%3Aactivity%3A7375078748087566336?commentUrn=urn%3Ali%3Acomment%3A%28activity%3A7375078748087566336%2C7375146338482585600%29
2025-09-20 17:04:59,LIKE,https://www.linkedin.com/feed/update/urn%3Ali%3Aactivity%3A7375078748087566336
2025-09-20 16:27:51,LIKE,https://www.linkedin.com/feed/update/urn%3Ali%3Aactivity%3A7374905300249907200?commentUrn=urn%3Ali%3Acomment%3A%28activity%3A7374905300249907200%2C7374934268080246784%29
2025-09-20 03:48:16,LIKE,https://www.linkedin.com/feed/update/urn%3Ali%3Aactivity%3A7374581249178292224
2025-09-20 02:20:34,LIKE,https://www.linkedin.com/feed/update/urn%3Ali%3Aactivity%3A7374147814496350209
2025-09-20 01:59:22,LIKE,https://www.linkedin.com/feed/update/urn%3Ali%3AugcPost%3A7374887373920415744
2025-09-20 00:54:53,LIKE,https://www.linkedin.com/feed/update/urn%3Ali%3Aactivity%3A7374694993896300544
2025-09-20 00:54:10,LIKE,https://www.linkedin.com/feed/update/urn%3Ali%3Aactivity%3A7374556849238573056
2025-09-19 17:48:52,LIKE,https://www.linkedin.com/feed/update/urn%3Ali%3Aactivity%3A7374420709537628161?commentUrn=urn%3Ali%3Acomment%3A%28activity%3A7374420709537628161%2C7374491698745294848%29
2025-09-19 17:47:38,LIKE,https://www.linkedin.com/feed/update/urn%3Ali%3Aactivity%3A7374420709537628161
2025-09-18 21:28:11,LIKE,https://www.linkedin.com/feed/update/urn%3Ali%3Aactivity%3A7374125024921706496
2025-09-18 19:19:01,LIKE,https://www.linkedin.com/feed/update/urn%3Ali%3Aactivity%3A7374358445539618816
2025-09-18 15:57:22,LIKE,https://www.linkedin.com/feed/update/urn%3Ali%3Aactivity%3A7374429043569614848
2025-09-18 05:17:48,LIKE,https://www.linkedin.com/feed/update/urn%3Ali%3Aactivity%3A7374064696217276416
2025-09-18 05:15:07,LIKE,https://www.linkedin.com/feed/update/urn%3Ali%3AugcPost%3A7374282333002268672
2025-09-18 04:40:09,LIKE,https://www.linkedin.com/feed/update/urn%3Ali%3Aactivity%3A7371805249298350081
2025-09-18 04:39:09,LIKE,https://www.linkedin.com/feed/update/urn%3Ali%3Aactivity%3A7373019797598674944
2025-09-18 04:10:44,LIKE,https://www.linkedin.com/feed/update/urn%3Ali%3Aactivity%3A7373354924799287297
2025-09-18 01:14:30,LIKE,https://www.linkedin.com/feed/update/urn%3Ali%3Aactivity%3A7372977026355372032
2025-09-17 23:04:52,LIKE,https://www.linkedin.com/feed/update/urn%3Ali%3Aactivity%3A7373672270658994176
2025-09-17 21:36:35,LIKE,https://www.linkedin.com/feed/update/urn%3Ali%3Aactivity%3A7373914990522568705
2025-09-17 18:35:10,LIKE,https://www.linkedin.com/feed/update/urn%3Ali%3Aactivity%3A7373721352039657473
2025-09-17 06:32:39,LIKE,https://www.linkedin.com/feed/update/urn%3Ali%3Aactivity%3A7373544717206167552?commentUrn=urn%3Ali%3Acomment%3A%28activity%3A7373544717206167552%2C7373753907505803266%29
2025-09-17 06:30:29,LIKE,https://www.linkedin.com/feed/update/urn%3Ali%3Aactivity%3A7372612230103736320
2025-09-17 05:52:36,LIKE,https://www.linkedin.com/feed/update/urn%3Ali%3Aactivity%3A7373768095041040385
2025-09-16 18:56:41,LIKE,https://www.linkedin.com/feed/update/urn%3Ali%3AugcPost%3A7373709346456788992
2025-09-16 15:25:32,LIKE,https://www.linkedin.com/feed/update/urn%3Ali%3Aactivity%3A7373671380325670912
2025-09-16 03:58:11,LIKE,https://www.linkedin.com/feed/update/urn%3Ali%3Aactivity%3A7371193685696483328
2025-09-16 03:57:13,LIKE,https://www.linkedin.com/feed/update/urn%3Ali%3AugcPost%3A7372367340442853376
2025-09-16 03:14:59,LIKE,https://www.linkedin.com/feed/update/urn%3Ali%3Aactivity%3A7371951175967031296
2025-09-16 03:14:27,LIKE,https://www.linkedin.com/feed/update/urn%3Ali%3Aactivity%3A7373489361952296961
2025-09-16 03:10:53,LIKE,https://www.linkedin.com/feed/update/urn%3Ali%3Aactivity%3A7372585061520617472
2025-09-16 03:09:29,LIKE,https://www.linkedin.com/feed/update/urn%3Ali%3Aactivity%3A7373544717206167552?commentUrn=urn%3Ali%3Acomment%3A%28activity%3A7373544717206167552%2C7373545799433101312%29
2025-09-16 02:59:14,LIKE,https://www.linkedin.com/feed/update/urn%3Ali%3AugcPost%3A7373374739970543616
2025-09-16 02:35:56,LIKE,https://www.linkedin.com/feed/update/urn%3Ali%3Aactivity%3A7373544717206167552
2025-09-16 02:21:28,LIKE,https://www.linkedin.com/feed/update/urn%3Ali%3Aactivity%3A7373503849208225792
2025-09-15 17:55:03,LIKE,https://www.linkedin.com/feed/update/urn%3Ali%3AugcPost%3A7373120884955549696?commentUrn=urn%3Ali%3Acomment%3A%28ugcPost%3A7373120884955549696%2C7373264859360288768%29
2025-09-15 06:50:14,LIKE,https://www.linkedin.com/feed/update/urn%3Ali%3Aactivity%3A6939931226581463040?commentUrn=urn%3Ali%3Acomment%3A%28activity%3A6939931226581463040%2C6946097875072241664%29
2025-09-15 06:50:04,LIKE,https://www.linkedin.com/feed/update/urn%3Ali%3Aactivity%3A6939931226581463040
2025-09-15 06:48:00,LIKE,https://www.linkedin.com/feed/update/urn%3Ali%3Aactivity%3A7369478498781986817
2025-09-15 05:50:06,LIKE,https://www.linkedin.com/feed/update/urn%3Ali%3AugcPost%3A7371535593027112961
2025-09-15 04:17:27,LIKE,https://www.linkedin.com/feed/update/urn%3Ali%3Aactivity%3A7372960847826153473
2025-09-14 18:50:43,LIKE,https://www.linkedin.com/feed/update/urn%3Ali%3Aactivity%3A7373048203405074432
2025-09-14 07:35:28,LIKE,https://www.linkedin.com/feed/update/urn%3Ali%3Aactivity%3A7372871668265795584
2025-09-13 02:11:46,LIKE,https://www.linkedin.com/feed/update/urn%3Ali%3AugcPost%3A7372283025398702082
2025-09-12 22:30:58,LIKE,https://www.linkedin.com/feed/update/urn%3Ali%3Aactivity%3A7372266433856204800
2025-09-12 16:15:05,LIKE,https://www.linkedin.com/feed/update/urn%3Ali%3Aactivity%3A7372276747767259136
2025-09-11 22:47:03,LIKE,https://www.linkedin.com/feed/update/urn%3Ali%3Aactivity%3A7371224848569831424?commentUrn=urn%3Ali%3Acomment%3A%28activity%3A7371224848569831424%2C7372025644647559168%29
2025-09-11 18:18:41,LIKE,https://www.linkedin.com/feed/update/urn%3Ali%3Aactivity%3A7264285319737294848
2025-09-11 02:02:28,LIKE,https://www.linkedin.com/feed/update/urn%3Ali%3AugcPost%3A7371601186698928128
2025-09-10 05:14:56,LIKE,https://www.linkedin.com/feed/update/urn%3Ali%3Aactivity%3A7370727771423133696
2025-09-10 04:30:34,LIKE,https://www.linkedin.com/feed/update/urn%3Ali%3Aactivity%3A7371224848569831424
2025-09-09 20:24:41,LIKE,https://www.linkedin.com/feed/update/urn%3Ali%3Aactivity%3A7371210789858267136
2025-09-08 20:32:11,LIKE,https://www.linkedin.com/feed/update/urn%3Ali%3Aactivity%3A7370818150398902273?commentUrn=urn%3Ali%3Acomment%3A%28activity%3A7370818150398902273%2C7370818895839985664%29
2025-09-08 18:49:22,LIKE,https://www.linkedin.com/feed/update/urn%3Ali%3AugcPost%3A7370862007438204929?commentUrn=urn%3Ali%3Acomment%3A%28ugcPost%3A7370862007438204929%2C7370877931365085184%29
2025-09-08 04:57:56,LIKE,https://www.linkedin.com/feed/update/urn%3Ali%3AugcPost%3A7314616485069365248?commentUrn=urn%3Ali%3Acomment%3A%28ugcPost%3A7314616485069365248%2C7321259785100615683%29
2025-09-07 22:25:51,LIKE,https://www.linkedin.com/feed/update/urn%3Ali%3Aactivity%3A7369370104385474562
2025-09-07 02:13:27,LIKE,https://www.linkedin.com/feed/update/urn%3Ali%3Aactivity%3A7369602363717799937
2025-09-04 10:46:37,LIKE,https://www.linkedin.com/feed/update/urn%3Ali%3AugcPost%3A7368620335606308864
2025-09-04 10:35:14,LIKE,https://www.linkedin.com/feed/update/urn%3Ali%3Aactivity%3A7369016833636483072
2025-09-04 09:54:32,LIKE,https://www.linkedin.com/feed/update/urn%3Ali%3AugcPost%3A7368325582134181888
2025-09-04 02:43:13,LIKE,https://www.linkedin.com/feed/update/urn%3Ali%3Aactivity%3A7368742016937037825
2025-09-04 00:49:21,LIKE,https://www.linkedin.com/feed/update/urn%3Ali%3Aactivity%3A7368868930330771456
2025-09-03 10:39:34,LIKE,https://www.linkedin.com/feed/update/urn%3Ali%3Aactivity%3A7368266604997996545
2025-09-03 05:35:39,LIKE,https://www.linkedin.com/feed/update/urn%3Ali%3Aactivity%3A7368768248827301888
2025-09-02 17:49:47,LIKE,https://www.linkedin.com/feed/update/urn%3Ali%3Aactivity%3A7368664425609736193
2025-09-02 05:01:37,LIKE,https://www.linkedin.com/feed/update/urn%3Ali%3AugcPost%3A7368237914834563072
2025-09-02 03:36:53,LIKE,https://www.linkedin.com/feed/update/urn%3Ali%3AugcPost%3A7323004989964988419
2025-09-02 03:34:53,LIKE,https://www.linkedin.com/feed/update/urn%3Ali%3Aactivity%3A7368196046625107969
2025-09-02 00:43:12,LIKE,https://www.linkedin.com/feed/update/urn%3Ali%3Aactivity%3A7368327437274816515?commentUrn=urn%3Ali%3Acomment%3A%28activity%3A7368327437274816515%2C7368344522218463233%29
2025-09-01 21:34:00,LIKE,https://www.linkedin.com/feed/update/urn%3Ali%3Aactivity%3A7367312420043694080?commentUrn=urn%3Ali%3Acomment%3A%28activity%3A7367312420043694080%2C7368035718004166657%29
2025-09-01 21:33:30,LIKE,https://www.linkedin.com/feed/update/urn%3Ali%3Aactivity%3A7367312420043694080?commentUrn=urn%3Ali%3Acomment%3A%28activity%3A7367312420043694080%2C7368304100054110208%29
2025-09-01 21:33:06,LIKE,https://www.linkedin.com/feed/update/urn%3Ali%3Aactivity%3A7367312420043694080?commentUrn=urn%3Ali%3Acomment%3A%28activity%3A7367312420043694080%2C7368332766859436032%29
2025-09-01 21:16:58,LIKE,https://www.linkedin.com/feed/update/urn%3Ali%3Aactivity%3A7368266412689166337
2025-09-01 05:01:59,LIKE,https://www.linkedin.com/feed/update/urn%3Ali%3Aactivity%3A7367923015717679106
2025-09-01 02:47:32,LIKE,https://www.linkedin.com/feed/update/urn%3Ali%3Aactivity%3A7367999824391995392?commentUrn=urn%3Ali%3Acomment%3A%28activity%3A7367999824391995392%2C7368001549299638273%29
2025-09-01 02:47:05,LIKE,https://www.linkedin.com/feed/update/urn%3Ali%3Aactivity%3A7367999824391995392?commentUrn=urn%3Ali%3Acomment%3A%28activity%3A7367999824391995392%2C7368001937046253568%29
2025-09-01 02:45:34,LIKE,https://www.linkedin.com/feed/update/urn%3Ali%3Aactivity%3A7367999824391995392?commentUrn=urn%3Ali%3Acomment%3A%28activity%3A7367999824391995392%2C7368011600487686145%29
2025-09-01 02:45:22,LIKE,https://www.linkedin.com/feed/update/urn%3Ali%3Aactivity%3A7367999824391995392?commentUrn=urn%3Ali%3Acomment%3A%28activity%3A7367999824391995392%2C7368039449827368960%29
2025-09-01 02:44:09,LIKE,https://www.linkedin.com/feed/update/urn%3Ali%3Aactivity%3A7367999824391995392?commentUrn=urn%3Ali%3Acomment%3A%28activity%3A7367999824391995392%2C7368066200884473856%29
2025-09-01 02:42:48,LIKE,https://www.linkedin.com/feed/update/urn%3Ali%3Aactivity%3A7367661593284763649
2025-09-01 02:42:04,LIKE,https://www.linkedin.com/feed/update/urn%3Ali%3AugcPost%3A7368068486780129280
2025-09-01 02:41:24,LIKE,https://www.linkedin.com/feed/update/urn%3Ali%3Aactivity%3A7367240527097810947
2025-08-31 06:48:29,LIKE,https://www.linkedin.com/feed/update/urn%3Ali%3Aactivity%3A7367179278020505600?commentUrn=urn%3Ali%3Acomment%3A%28activity%3A7367179278020505600%2C7367784852214980608%29
2025-08-31 06:46:50,LIKE,https://www.linkedin.com/feed/update/urn%3Ali%3Aactivity%3A7367179278020505600?commentUrn=urn%3Ali%3Acomment%3A%28activity%3A7367179278020505600%2C7367200496597544960%29
2025-08-31 06:46:28,LIKE,https://www.linkedin.com/feed/update/urn%3Ali%3Aactivity%3A7367179278020505600?commentUrn=urn%3Ali%3Acomment%3A%28activity%3A7367179278020505600%2C7367708814843801600%29
2025-08-30 08:07:37,LIKE,https://www.linkedin.com/feed/update/urn%3Ali%3Aactivity%3A7365060830792450049?commentUrn=urn%3Ali%3Acomment%3A%28activity%3A7365060830792450049%2C7365630842259386368%29
2025-08-30 08:07:19,LIKE,https://www.linkedin.com/feed/update/urn%3Ali%3Aactivity%3A7365060830792450049?commentUrn=urn%3Ali%3Acomment%3A%28activity%3A7365060830792450049%2C7365438352382156800%29
2025-08-30 08:07:10,LIKE,https://www.linkedin.com/feed/update/urn%3Ali%3Aactivity%3A7365060830792450049?commentUrn=urn%3Ali%3Acomment%3A%28activity%3A7365060830792450049%2C7365972602214903808%29
2025-08-30 08:07:07,LIKE,https://www.linkedin.com/feed/update/urn%3Ali%3Aactivity%3A7365060830792450049?commentUrn=urn%3Ali%3Acomment%3A%28activity%3A7365060830792450049%2C7365062949519962112%29
2025-08-30 08:05:46,LIKE,https://www.linkedin.com/feed/update/urn%3Ali%3Aactivity%3A7365060830792450049?commentUrn=urn%3Ali%3Acomment%3A%28activity%3A7365060830792450049%2C7365065001432166400%29
2025-08-30 08:04:51,LIKE,https://www.linkedin.com/feed/update/urn%3Ali%3Aactivity%3A7365060830792450049?commentUrn=urn%3Ali%3Acomment%3A%28activity%3A7365060830792450049%2C7365283881232576513%29
2025-08-30 08:04:21,LIKE,https://www.linkedin.com/feed/update/urn%3Ali%3Aactivity%3A7365060830792450049?commentUrn=urn%3Ali%3Acomment%3A%28activity%3A7365060830792450049%2C7365151480955277312%29
2025-08-30 08:03:58,LIKE,https://www.linkedin.com/feed/update/urn%3Ali%3Aactivity%3A7365060830792450049?commentUrn=urn%3Ali%3Acomment%3A%28activity%3A7365060830792450049%2C7365157726198403073%29
2025-08-30 08:03:30,LIKE,https://www.linkedin.com/feed/update/urn%3Ali%3Aactivity%3A7365060830792450049?commentUrn=urn%3Ali%3Acomment%3A%28activity%3A7365060830792450049%2C7365396796069576706%29
2025-08-30 08:03:17,LIKE,https://www.linkedin.com/feed/update/urn%3Ali%3Aactivity%3A7365060830792450049?commentUrn=urn%3Ali%3Acomment%3A%28activity%3A7365060830792450049%2C7365085588347092992%29
2025-08-30 08:03:08,LIKE,https://www.linkedin.com/feed/update/urn%3Ali%3Aactivity%3A7365060830792450049?commentUrn=urn%3Ali%3Acomment%3A%28activity%3A7365060830792450049%2C7365116373527638016%29
2025-08-30 08:02:56,LIKE,https://www.linkedin.com/feed/update/urn%3Ali%3Aactivity%3A7365060830792450049?commentUrn=urn%3Ali%3Acomment%3A%28activity%3A7365060830792450049%2C7365116027761856512%29
2025-08-30 08:02:38,LIKE,https://www.linkedin.com/feed/update/urn%3Ali%3Aactivity%3A7365060830792450049?commentUrn=urn%3Ali%3Acomment%3A%28activity%3A7365060830792450049%2C7365082195356495872%29
2025-08-30 08:01:35,LIKE,https://www.linkedin.com/feed/update/urn%3Ali%3Aactivity%3A7365060830792450049
2025-08-30 07:27:41,LIKE,https://www.linkedin.com/feed/update/urn%3Ali%3Aactivity%3A7367202118522269696
2025-08-30 07:17:26,LIKE,https://www.linkedin.com/feed/update/urn%3Ali%3Aactivity%3A7366828206512902144
2025-08-30 00:07:07,LIKE,https://www.linkedin.com/feed/update/urn%3Ali%3Aactivity%3A7367216970947010561?commentUrn=urn%3Ali%3Acomment%3A%28activity%3A7367216970947010561%2C7367345642848845824%29
2025-08-30 00:06:57,LIKE,https://www.linkedin.com/feed/update/urn%3Ali%3Aactivity%3A7366131950375378944
2025-08-29 23:18:28,LIKE,https://www.linkedin.com/feed/update/urn%3Ali%3Aactivity%3A7367179294558658564
2025-08-29 22:30:27,LIKE,https://www.linkedin.com/feed/update/urn%3Ali%3Aactivity%3A7366105765234819072
2025-08-29 22:12:54,LIKE,https://www.linkedin.com/feed/update/urn%3Ali%3Aactivity%3A7367216970947010561
2025-08-29 22:11:01,LIKE,https://www.linkedin.com/feed/update/urn%3Ali%3Aactivity%3A7367203407343857665
2025-08-29 15:55:25,LIKE,https://www.linkedin.com/feed/update/urn%3Ali%3Aactivity%3A7367186737384624128
2025-08-29 07:25:10,LIKE,https://www.linkedin.com/feed/update/urn%3Ali%3Aactivity%3A7367043521540681728?commentUrn=urn%3Ali%3Acomment%3A%28activity%3A7367043521540681728%2C7367087305846702082%29
2025-08-29 07:24:49,LIKE,https://www.linkedin.com/feed/update/urn%3Ali%3Aactivity%3A7366581181527547906
2025-08-29 06:49:18,LIKE,https://www.linkedin.com/feed/update/urn%3Ali%3Aactivity%3A7366910201591005186?commentUrn=urn%3Ali%3Acomment%3A%28activity%3A7366910201591005186%2C7367085491613061120%29
2025-08-29 06:48:52,LIKE,https://www.linkedin.com/feed/update/urn%3Ali%3Aactivity%3A7366910201591005186?commentUrn=urn%3Ali%3Acomment%3A%28activity%3A7366910201591005186%2C7367026284524183554%29
2025-08-29 06:48:01,LIKE,https://www.linkedin.com/feed/update/urn%3Ali%3Aactivity%3A7366910201591005186?commentUrn=urn%3Ali%3Acomment%3A%28activity%3A7366910201591005186%2C7366944960673165314%29
2025-08-29 06:47:52,LIKE,https://www.linkedin.com/feed/update/urn%3Ali%3Aactivity%3A7366910201591005186?commentUrn=urn%3Ali%3Acomment%3A%28activity%3A7366910201591005186%2C7366915794653429760%29
2025-08-29 06:46:48,LIKE,https://www.linkedin.com/feed/update/urn%3Ali%3Aactivity%3A7366910201591005186?commentUrn=urn%3Ali%3Acomment%3A%28activity%3A7366910201591005186%2C7366912073856954369%29
2025-08-29 06:41:21,LIKE,https://www.linkedin.com/feed/update/urn%3Ali%3Aactivity%3A7366910201591005186?commentUrn=urn%3Ali%3Acomment%3A%28activity%3A7366910201591005186%2C7366913271133597699%29
2025-08-29 06:40:26,LIKE,https://www.linkedin.com/feed/update/urn%3Ali%3Aactivity%3A7366910201591005186?commentUrn=urn%3Ali%3Acomment%3A%28activity%3A7366910201591005186%2C7366983777358651394%29
2025-08-29 06:40:04,LIKE,https://www.linkedin.com/feed/update/urn%3Ali%3Aactivity%3A7366910201591005186
2025-08-29 06:39:10,LIKE,https://www.linkedin.com/feed/update/urn%3Ali%3Aactivity%3A7365729014600085507
2025-08-29 06:20:56,LIKE,https://www.linkedin.com/feed/update/urn%3Ali%3Aactivity%3A7366503520310599681
2025-08-29 05:48:48,LIKE,https://www.linkedin.com/feed/update/urn%3Ali%3Aactivity%3A7366170142386364417
2025-08-29 05:22:52,LIKE,https://www.linkedin.com/feed/update/urn%3Ali%3Aactivity%3A7367043521540681728
2025-08-29 04:29:57,LIKE,https://www.linkedin.com/feed/update/urn%3Ali%3Aactivity%3A7269349711117991937
2025-08-29 01:03:47,LIKE,https://www.linkedin.com/feed/update/urn%3Ali%3Aactivity%3A7366835714795237376
2025-08-29 00:44:30,LIKE,https://www.linkedin.com/feed/update/urn%3Ali%3Aactivity%3A7366474535249833984
2025-08-28 23:06:09,LIKE,https://www.linkedin.com/feed/update/urn%3Ali%3Aactivity%3A7366861853781590018
2025-08-28 19:15:15,LIKE,https://www.linkedin.com/feed/update/urn%3Ali%3AugcPost%3A7366825727226277889
2025-08-28 05:28:29,LIKE,https://www.linkedin.com/feed/update/urn%3Ali%3AugcPost%3A7366399668177502210
2025-08-28 05:25:44,LIKE,https://www.linkedin.com/feed/update/urn%3Ali%3Aactivity%3A7365432865766969344
2025-08-28 05:25:43,LIKE,https://www.linkedin.com/feed/update/urn%3Ali%3Aactivity%3A7365432865766969344?commentUrn=urn%3Ali%3Acomment%3A%28activity%3A7365432865766969344%2C7365809243918168065%29
2025-08-28 05:24:30,LIKE,https://www.linkedin.com/feed/update/urn%3Ali%3Aactivity%3A7366493221276778496?commentUrn=urn%3Ali%3Acomment%3A%28activity%3A7366493221276778496%2C7366597962824626176%29
2025-08-28 05:24:26,LIKE,https://www.linkedin.com/feed/update/urn%3Ali%3Aactivity%3A7366493221276778496
2025-08-28 05:22:26,LIKE,https://www.linkedin.com/feed/update/urn%3Ali%3Aactivity%3A7366532482759929857?commentUrn=urn%3Ali%3Acomment%3A%28activity%3A7366532482759929857%2C7366557297566814209%29
2025-08-28 05:20:45,LIKE,https://www.linkedin.com/feed/update/urn%3Ali%3Aactivity%3A7366653266698407936
2025-08-28 05:19:15,LIKE,https://www.linkedin.com/feed/update/urn%3Ali%3AugcPost%3A7366138489492439041?commentUrn=urn%3Ali%3Acomment%3A%28ugcPost%3A7366138489492439041%2C7366462975605473280%29
2025-08-28 04:32:45,LIKE,https://www.linkedin.com/feed/update/urn%3Ali%3Aactivity%3A7364329201937649664
2025-08-28 04:30:22,LIKE,https://www.linkedin.com/feed/update/urn%3Ali%3Aactivity%3A7358578692324794369
2025-08-28 03:47:52,LIKE,https://www.linkedin.com/feed/update/urn%3Ali%3Aactivity%3A7365651093017563136
2025-08-28 02:54:19,LIKE,https://www.linkedin.com/feed/update/urn%3Ali%3AugcPost%3A7366424428714340352
2025-08-28 02:08:22,LIKE,https://www.linkedin.com/feed/update/urn%3Ali%3Aactivity%3A7366454443183071235
2025-08-28 01:43:33,LIKE,https://www.linkedin.com/feed/update/urn%3Ali%3Aactivity%3A7366490149364391937
2025-08-28 01:42:38,LIKE,https://www.linkedin.com/feed/update/urn%3Ali%3AugcPost%3A7366530420798140416
2025-08-28 01:34:17,LIKE,https://www.linkedin.com/feed/update/urn%3Ali%3Aactivity%3A7363592629277585408
2025-08-28 00:59:16,LIKE,https://www.linkedin.com/feed/update/urn%3Ali%3AugcPost%3A7366600109431668736
2025-08-28 00:57:33,LIKE,https://www.linkedin.com/feed/update/urn%3Ali%3Aactivity%3A7365506949947289600?commentUrn=urn%3Ali%3Acomment%3A%28activity%3A7365506949947289600%2C7366593672714399745%29
2025-08-28 00:57:31,LIKE,https://www.linkedin.com/feed/update/urn%3Ali%3Aactivity%3A7365506949947289600?commentUrn=urn%3Ali%3Acomment%3A%28activity%3A7365506949947289600%2C7366485570497286144%29
2025-08-28 00:57:22,LIKE,https://www.linkedin.com/feed/update/urn%3Ali%3Aactivity%3A7365506949947289600?commentUrn=urn%3Ali%3Acomment%3A%28activity%3A7365506949947289600%2C7366591001370574848%29
2025-08-28 00:49:14,LIKE,https://www.linkedin.com/feed/update/urn%3Ali%3AugcPost%3A7366484031259000834?commentUrn=urn%3Ali%3Acomment%3A%28ugcPost%3A7366484031259000834%2C7366535002467016704%29
2025-08-28 00:46:34,LIKE,https://www.linkedin.com/feed/update/urn%3Ali%3AugcPost%3A7366484031259000834
2025-08-27 23:42:18,LIKE,https://www.linkedin.com/feed/update/urn%3Ali%3Aactivity%3A7366084551552548866
2025-08-27 08:54:54,LIKE,https://www.linkedin.com/feed/update/urn%3Ali%3Aactivity%3A7366092056252915712
2025-08-27 02:47:34,LIKE,https://www.linkedin.com/feed/update/urn%3Ali%3Aactivity%3A7366129219749253120
2025-08-26 20:19:49,LIKE,https://www.linkedin.com/feed/update/urn%3Ali%3AugcPost%3A7365924452997476353
2025-08-26 19:40:08,LIKE,https://www.linkedin.com/feed/update/urn%3Ali%3Aactivity%3A7366121495816835072
2025-08-26 05:34:45,LIKE,https://www.linkedin.com/feed/update/urn%3Ali%3AugcPost%3A7365715541958742016
2025-08-26 05:32:04,LIKE,https://www.linkedin.com/feed/update/urn%3Ali%3Aactivity%3A7365767428477259776
2025-08-26 03:05:23,LIKE,https://www.linkedin.com/feed/update/urn%3Ali%3Aactivity%3A7365442776269860864
2025-08-26 03:04:33,LIKE,https://www.linkedin.com/feed/update/urn%3Ali%3Aactivity%3A7365928559619497985
2025-08-26 02:42:32,LIKE,https://www.linkedin.com/feed/update/urn%3Ali%3AugcPost%3A7365925046567038977
2025-08-26 00:51:40,LIKE,https://www.linkedin.com/feed/update/urn%3Ali%3Aactivity%3A7365777942066393091
2025-08-25 22:56:23,LIKE,https://www.linkedin.com/feed/update/urn%3Ali%3Aactivity%3A7364037211270365186?commentUrn=urn%3Ali%3Acomment%3A%28activity%3A7364037211270365186%2C7365787878582312960%29
2025-08-25 22:17:08,LIKE,https://www.linkedin.com/feed/update/urn%3Ali%3Aactivity%3A7364658557042008064
2025-08-25 03:13:09,LIKE,https://www.linkedin.com/feed/update/urn%3Ali%3Aactivity%3A7365382398173138945
2025-08-23 22:19:14,LIKE,https://www.linkedin.com/feed/update/urn%3Ali%3Aactivity%3A7365004945592389632
2025-08-23 04:36:15,LIKE,https://www.linkedin.com/feed/update/urn%3Ali%3Aactivity%3A7364687476793171968?commentUrn=urn%3Ali%3Acomment%3A%28activity%3A7364687476793171968%2C7364839963919585280%29
2025-08-23 04:35:23,LIKE,https://www.linkedin.com/feed/update/urn%3Ali%3Aactivity%3A7364687476793171968?commentUrn=urn%3Ali%3Acomment%3A%28activity%3A7364687476793171968%2C7364713437752434689%29
2025-08-23 04:34:51,LIKE,https://www.linkedin.com/feed/update/urn%3Ali%3Aactivity%3A7364687476793171968?commentUrn=urn%3Ali%3Acomment%3A%28activity%3A7364687476793171968%2C7364713796377972736%29
2025-08-23 04:34:39,LIKE,https://www.linkedin.com/feed/update/urn%3Ali%3Aactivity%3A7364687476793171968?commentUrn=urn%3Ali%3Acomment%3A%28activity%3A7364687476793171968%2C7364696363579736064%29
2025-08-23 04:34:25,LIKE,https://www.linkedin.com/feed/update/urn%3Ali%3Aactivity%3A7364687476793171968?commentUrn=urn%3Ali%3Acomment%3A%28activity%3A7364687476793171968%2C7364716188544737280%29
2025-08-23 04:34:19,LIKE,https://www.linkedin.com/feed/update/urn%3Ali%3Aactivity%3A7364687476793171968?commentUrn=urn%3Ali%3Acomment%3A%28activity%3A7364687476793171968%2C7364718057195278337%29
2025-08-23 04:33:48,LIKE,https://www.linkedin.com/feed/update/urn%3Ali%3Aactivity%3A7364687476793171968?commentUrn=urn%3Ali%3Acomment%3A%28activity%3A7364687476793171968%2C7364708418839875585%29
2025-08-23 04:32:32,LIKE,https://www.linkedin.com/feed/update/urn%3Ali%3Aactivity%3A7364687476793171968?commentUrn=urn%3Ali%3Acomment%3A%28activity%3A7364687476793171968%2C7364713513728020481%29
2025-08-23 04:32:28,LIKE,https://www.linkedin.com/feed/update/urn%3Ali%3Aactivity%3A7364687476793171968?commentUrn=urn%3Ali%3Acomment%3A%28activity%3A7364687476793171968%2C7364697500428984320%29
2025-08-23 04:32:12,LIKE,https://www.linkedin.com/feed/update/urn%3Ali%3Aactivity%3A7364687476793171968?commentUrn=urn%3Ali%3Acomment%3A%28activity%3A7364687476793171968%2C7364696391266254849%29
2025-08-22 23:17:51,LIKE,https://www.linkedin.com/feed/update/urn%3Ali%3Aactivity%3A7364659341297082370
2025-08-22 20:24:25,LIKE,https://www.linkedin.com/feed/update/urn%3Ali%3Aactivity%3A7364544395506819073?commentUrn=urn%3Ali%3Acomment%3A%28activity%3A7364544395506819073%2C7364633756122447872%29
2025-08-22 20:23:48,LIKE,https://www.linkedin.com/feed/update/urn%3Ali%3Aactivity%3A7364544395506819073?commentUrn=urn%3Ali%3Acomment%3A%28activity%3A7364544395506819073%2C7364692057522638851%29
2025-08-22 20:22:19,LIKE,https://www.linkedin.com/feed/update/urn%3Ali%3Aactivity%3A7364659066649935875
2025-08-22 18:59:01,LIKE,https://www.linkedin.com/feed/update/urn%3Ali%3Aactivity%3A7364666664363233280
2025-08-22 18:24:10,LIKE,https://www.linkedin.com/feed/update/urn%3Ali%3Aactivity%3A7364631263976005632
2025-08-22 15:56:27,LIKE,https://www.linkedin.com/feed/update/urn%3Ali%3Aactivity%3A7364683506792169472?commentUrn=urn%3Ali%3Acomment%3A%28activity%3A7364683506792169472%2C7364685835683684352%29
2025-08-22 15:56:12,LIKE,https://www.linkedin.com/feed/update/urn%3Ali%3Aactivity%3A7364683506792169472?commentUrn=urn%3Ali%3Acomment%3A%28activity%3A7364683506792169472%2C7364686593011417089%29
2025-08-22 06:10:01,LIKE,https://www.linkedin.com/feed/update/urn%3Ali%3Aactivity%3A7358823425387241472
2025-08-22 06:09:58,LIKE,https://www.linkedin.com/feed/update/urn%3Ali%3Aactivity%3A7358823425387241472?commentUrn=urn%3Ali%3Acomment%3A%28activity%3A7358823425387241472%2C7358823674445004800%29
2025-08-22 06:00:10,LIKE,https://www.linkedin.com/feed/update/urn%3Ali%3Aactivity%3A7364278557545570306
2025-08-22 05:28:57,LIKE,https://www.linkedin.com/feed/update/urn%3Ali%3Aactivity%3A7364249945404592128?commentUrn=urn%3Ali%3Acomment%3A%28activity%3A7364249945404592128%2C7364251020152967171%29
2025-08-22 04:58:10,LIKE,https://www.linkedin.com/feed/update/urn%3Ali%3AugcPost%3A7364280223116251136?commentUrn=urn%3Ali%3Acomment%3A%28ugcPost%3A7364280223116251136%2C7364304890510118913%29
2025-08-22 03:45:15,LIKE,https://www.linkedin.com/feed/update/urn%3Ali%3Aactivity%3A7364391578028679169?commentUrn=urn%3Ali%3Acomment%3A%28activity%3A7364391578028679169%2C7364471166901633025%29
2025-08-22 03:43:15,LIKE,https://www.linkedin.com/feed/update/urn%3Ali%3Aactivity%3A7363187136910512129?commentUrn=urn%3Ali%3Acomment%3A%28activity%3A7363187136910512129%2C7363551131270053890%29
2025-08-22 02:27:40,LIKE,https://www.linkedin.com/feed/update/urn%3Ali%3Aactivity%3A7364330578436857857?commentUrn=urn%3Ali%3Acomment%3A%28activity%3A7364330578436857857%2C7364373569482440704%29
2025-08-22 02:26:34,LIKE,https://www.linkedin.com/feed/update/urn%3Ali%3AugcPost%3A7360772024132071425
2025-08-22 00:49:49,LIKE,https://www.linkedin.com/feed/update/urn%3Ali%3AugcPost%3A7364307912321597443?commentUrn=urn%3Ali%3Acomment%3A%28ugcPost%3A7364307912321597443%2C7364316065637519385%29
2025-08-22 00:48:07,LIKE,https://www.linkedin.com/feed/update/urn%3Ali%3Aactivity%3A7364334148787847168
2025-08-22 00:46:54,LIKE,https://www.linkedin.com/feed/update/urn%3Ali%3Aactivity%3A7364304264942276609
2025-08-22 00:07:05,LIKE,https://www.linkedin.com/feed/update/urn%3Ali%3AugcPost%3A7364191798912561152
2025-08-21 23:39:08,LIKE,https://www.linkedin.com/feed/update/urn%3Ali%3Aactivity%3A7364321661346594819
2025-08-21 22:09:21,LIKE,https://www.linkedin.com/feed/update/urn%3Ali%3Aactivity%3A7364321799775399936
2025-08-21 18:08:19,LIKE,https://www.linkedin.com/feed/update/urn%3Ali%3Aactivity%3A7359602597856493569
2025-08-21 08:34:00,LIKE,https://www.linkedin.com/feed/update/urn%3Ali%3Aactivity%3A7363566501661925376
2025-08-21 08:19:24,LIKE,https://www.linkedin.com/feed/update/urn%3Ali%3Aactivity%3A7361003534315606016
2025-08-21 05:05:28,LIKE,https://www.linkedin.com/feed/update/urn%3Ali%3Aactivity%3A7364066948105596928
2025-08-21 04:50:56,LIKE,https://www.linkedin.com/feed/update/urn%3Ali%3Aactivity%3A7363706227391913984
2025-08-21 04:32:51,LIKE,https://www.linkedin.com/feed/update/urn%3Ali%3Aactivity%3A7362090854938779648?commentUrn=urn%3Ali%3Acomment%3A%28activity%3A7362090854938779648%2C7362676233685401600%29
2025-08-21 04:32:12,LIKE,https://www.linkedin.com/feed/update/urn%3Ali%3Aactivity%3A7362090854938779648?commentUrn=urn%3Ali%3Acomment%3A%28activity%3A7362090854938779648%2C7362107733292085249%29
2025-08-21 04:31:54,LIKE,https://www.linkedin.com/feed/update/urn%3Ali%3Aactivity%3A7362090854938779648?commentUrn=urn%3Ali%3Acomment%3A%28activity%3A7362090854938779648%2C7362182287704158209%29
2025-08-21 04:31:27,LIKE,https://www.linkedin.com/feed/update/urn%3Ali%3Aactivity%3A7362090854938779648?commentUrn=urn%3Ali%3Acomment%3A%28activity%3A7362090854938779648%2C7362114736244563970%29
2025-08-21 04:30:53,LIKE,https://www.linkedin.com/feed/update/urn%3Ali%3Aactivity%3A7362090854938779648?commentUrn=urn%3Ali%3Acomment%3A%28activity%3A7362090854938779648%2C7362149254426939393%29
2025-08-21 04:30:52,LIKE,https://www.linkedin.com/feed/update/urn%3Ali%3Aactivity%3A7362090854938779648?commentUrn=urn%3Ali%3Acomment%3A%28activity%3A7362090854938779648%2C7362149558404984832%29
2025-08-21 04:30:22,LIKE,https://www.linkedin.com/feed/update/urn%3Ali%3Aactivity%3A7362090854938779648?commentUrn=urn%3Ali%3Acomment%3A%28activity%3A7362090854938779648%2C7362125305613864965%29
2025-08-21 04:30:03,LIKE,https://www.linkedin.com/feed/update/urn%3Ali%3Aactivity%3A7362090854938779648
2025-08-21 03:56:56,LIKE,https://www.linkedin.com/feed/update/urn%3Ali%3Aactivity%3A7363917865730654208
2025-08-21 02:28:00,LIKE,https://www.linkedin.com/feed/update/urn%3Ali%3Aactivity%3A7363469529177354240?commentUrn=urn%3Ali%3Acomment%3A%28activity%3A7363469529177354240%2C7363521670462038017%29
2025-08-21 02:26:01,LIKE,https://www.linkedin.com/feed/update/urn%3Ali%3Aactivity%3A7363469529177354240
2025-08-21 02:25:04,LIKE,https://www.linkedin.com/feed/update/urn%3Ali%3Aactivity%3A7363907922629734400
2025-08-20 23:59:43,LIKE,https://www.linkedin.com/feed/update/urn%3Ali%3AugcPost%3A7363951052049547264
2025-08-20 23:36:59,LIKE,https://www.linkedin.com/feed/update/urn%3Ali%3Aactivity%3A7363902631817216002
2025-08-20 19:43:57,LIKE,https://www.linkedin.com/feed/update/urn%3Ali%3Aactivity%3A7289645923381428225
2025-08-20 16:37:27,LIKE,https://www.linkedin.com/feed/update/urn%3Ali%3Aactivity%3A7363949173580144663
2025-08-20 15:38:32,LIKE,https://www.linkedin.com/feed/update/urn%3Ali%3Aactivity%3A7363751668280152064
2025-08-20 15:36:27,LIKE,https://www.linkedin.com/feed/update/urn%3Ali%3Aactivity%3A7363591082711924736
2025-08-20 15:32:38,LIKE,https://www.linkedin.com/feed/update/urn%3Ali%3Aactivity%3A7363918073738747904
2025-08-20 09:11:37,LIKE,https://www.linkedin.com/feed/update/urn%3Ali%3Aactivity%3A7362477828224790529?commentUrn=urn%3Ali%3Acomment%3A%28activity%3A7362477828224790529%2C7362485009070313472%29
2025-08-20 09:09:42,LIKE,https://www.linkedin.com/feed/update/urn%3Ali%3Aactivity%3A7362477828224790529?commentUrn=urn%3Ali%3Acomment%3A%28activity%3A7362477828224790529%2C7362530216742645760%29
2025-08-20 09:07:56,LIKE,https://www.linkedin.com/feed/update/urn%3Ali%3Aactivity%3A7362477828224790529?commentUrn=urn%3Ali%3Acomment%3A%28activity%3A7362477828224790529%2C7362519842173673472%29
2025-08-20 09:07:20,LIKE,https://www.linkedin.com/feed/update/urn%3Ali%3Aactivity%3A7362477828224790529?commentUrn=urn%3Ali%3Acomment%3A%28activity%3A7362477828224790529%2C7362829626571714560%29
2025-08-20 09:07:00,LIKE,https://www.linkedin.com/feed/update/urn%3Ali%3Aactivity%3A7362477828224790529?commentUrn=urn%3Ali%3Acomment%3A%28activity%3A7362477828224790529%2C7362505163892281345%29
2025-08-20 09:05:24,LIKE,https://www.linkedin.com/feed/update/urn%3Ali%3Aactivity%3A7362477828224790529?commentUrn=urn%3Ali%3Acomment%3A%28activity%3A7362477828224790529%2C7362529537504526336%29
2025-08-20 09:04:52,LIKE,https://www.linkedin.com/feed/update/urn%3Ali%3Aactivity%3A7362477828224790529
2025-08-20 09:03:04,LIKE,https://www.linkedin.com/feed/update/urn%3Ali%3Aactivity%3A7363702892509249536
2025-08-20 09:02:25,LIKE,https://www.linkedin.com/feed/update/urn%3Ali%3Aactivity%3A7363510094505910272
2025-08-20 03:00:54,LIKE,https://www.linkedin.com/feed/update/urn%3Ali%3Aactivity%3A7363579047282450433?commentUrn=urn%3Ali%3Acomment%3A%28activity%3A7363579047282450433%2C7363660150093627392%29
2025-08-20 03:00:52,LIKE,https://www.linkedin.com/feed/update/urn%3Ali%3Aactivity%3A7363579047282450433
2025-08-20 01:15:26,LIKE,https://www.linkedin.com/feed/update/urn%3Ali%3Aactivity%3A7363607434474516485
2025-08-19 21:40:14,LIKE,https://www.linkedin.com/feed/update/urn%3Ali%3AugcPost%3A7363495263698669569
2025-08-19 21:38:36,LIKE,https://www.linkedin.com/feed/update/urn%3Ali%3Aactivity%3A7363627651405635587
2025-08-19 17:17:58,LIKE,https://www.linkedin.com/feed/update/urn%3Ali%3Aactivity%3A7363582231971336192
2025-08-19 16:22:52,LIKE,https://www.linkedin.com/feed/update/urn%3Ali%3Aactivity%3A7363555468784361479
2025-08-19 16:20:29,LIKE,https://www.linkedin.com/feed/update/urn%3Ali%3AugcPost%3A7363207396996907008
2025-08-19 16:17:42,LIKE,https://www.linkedin.com/feed/update/urn%3Ali%3Aactivity%3A7363563000441548802
2025-08-19 11:33:57,LIKE,https://www.linkedin.com/feed/update/urn%3Ali%3Aactivity%3A7361978534262722560
2025-08-19 11:33:44,LIKE,https://www.linkedin.com/feed/update/urn%3Ali%3AugcPost%3A7353378675230142464
2025-08-19 11:32:20,LIKE,https://www.linkedin.com/feed/update/urn%3Ali%3Aactivity%3A7362898528328638464?commentUrn=urn%3Ali%3Acomment%3A%28activity%3A7362898528328638464%2C7363188321105108992%29
2025-08-19 11:30:58,LIKE,https://www.linkedin.com/feed/update/urn%3Ali%3Aactivity%3A7362898528328638464?commentUrn=urn%3Ali%3Acomment%3A%28activity%3A7362898528328638464%2C7363001101782016001%29
2025-08-19 10:16:59,LIKE,https://www.linkedin.com/feed/update/urn%3Ali%3Aactivity%3A7348400980746493952
2025-08-19 09:02:21,LIKE,https://www.linkedin.com/feed/update/urn%3Ali%3Aactivity%3A7363128225692106752
2025-08-19 06:56:41,LIKE,https://www.linkedin.com/feed/update/urn%3Ali%3Aactivity%3A7363374168685359105
2025-08-19 05:45:08,LIKE,https://www.linkedin.com/feed/update/urn%3Ali%3Aactivity%3A7361009182868721666
2025-08-18 23:26:40,LIKE,https://www.linkedin.com/feed/update/urn%3Ali%3AugcPost%3A7362855101843083266
2025-08-18 23:24:28,LIKE,https://www.linkedin.com/feed/update/urn%3Ali%3Aactivity%3A7362800429593739264
2025-08-18 20:55:34,LIKE,https://www.linkedin.com/feed/update/urn%3Ali%3Aactivity%3A7363251831013105664
2025-08-18 20:28:57,LIKE,https://www.linkedin.com/feed/update/urn%3Ali%3AugcPost%3A7359734497405227008?commentUrn=urn%3Ali%3Acomment%3A%28ugcPost%3A7359734497405227008%2C7363284134888103938%29
2025-08-18 20:28:42,LIKE,https://www.linkedin.com/feed/update/urn%3Ali%3Aactivity%3A7362629950488662018
2025-08-18 10:18:37,LIKE,https://www.linkedin.com/feed/update/urn%3Ali%3Aactivity%3A7360989768416903168
2025-08-18 08:16:16,LIKE,https://www.linkedin.com/feed/update/urn%3Ali%3AugcPost%3A7360919620150575104
2025-08-18 08:15:41,LIKE,https://www.linkedin.com/feed/update/urn%3Ali%3Aactivity%3A7362568872538857474
2025-08-18 08:13:02,LIKE,https://www.linkedin.com/feed/update/urn%3Ali%3Aactivity%3A7361856606399094785
2025-08-18 03:04:57,LIKE,https://www.linkedin.com/feed/update/urn%3Ali%3Aactivity%3A7362818064179965952?commentUrn=urn%3Ali%3Acomment%3A%28activity%3A7362818064179965952%2C7362847709164183552%29
2025-08-18 02:38:45,LIKE,https://www.linkedin.com/feed/update/urn%3Ali%3Aactivity%3A7362993092813070336
2025-08-17 18:01:38,LIKE,https://www.linkedin.com/feed/update/urn%3Ali%3Aactivity%3A7361365955542667264
2025-08-17 10:14:30,LIKE,https://www.linkedin.com/feed/update/urn%3Ali%3Aactivity%3A7362469265142099968
2025-08-17 10:12:47,LIKE,https://www.linkedin.com/feed/update/urn%3Ali%3Aactivity%3A7362473662458793984?commentUrn=urn%3Ali%3Acomment%3A%28activity%3A7362473662458793984%2C7362476470209851392%29
2025-08-17 10:12:45,LIKE,https://www.linkedin.com/feed/update/urn%3Ali%3Aactivity%3A7362473662458793984?commentUrn=urn%3Ali%3Acomment%3A%28activity%3A7362473662458793984%2C7362768450739433472%29
2025-08-17 06:35:34,LIKE,https://www.linkedin.com/feed/update/urn%3Ali%3Aactivity%3A7362123542051655681?commentUrn=urn%3Ali%3Acomment%3A%28activity%3A7362123542051655681%2C7362171853714452480%29
2025-08-17 06:35:31,LIKE,https://www.linkedin.com/feed/update/urn%3Ali%3Aactivity%3A7362123542051655681?commentUrn=urn%3Ali%3Acomment%3A%28activity%3A7362123542051655681%2C7362155667563913229%29
2025-08-17 06:35:01,LIKE,https://www.linkedin.com/feed/update/urn%3Ali%3Aactivity%3A7362123542051655681?commentUrn=urn%3Ali%3Acomment%3A%28activity%3A7362123542051655681%2C7362186579584430080%29
2025-08-17 06:34:44,LIKE,https://www.linkedin.com/feed/update/urn%3Ali%3Aactivity%3A7362123542051655681?commentUrn=urn%3Ali%3Acomment%3A%28activity%3A7362123542051655681%2C7362527108339814400%29
2025-08-17 06:34:32,LIKE,https://www.linkedin.com/feed/update/urn%3Ali%3Aactivity%3A7362123542051655681?commentUrn=urn%3Ali%3Acomment%3A%28activity%3A7362123542051655681%2C7362525726635413504%29
2025-08-17 06:34:16,LIKE,https://www.linkedin.com/feed/update/urn%3Ali%3Aactivity%3A7362123542051655681?commentUrn=urn%3Ali%3Acomment%3A%28activity%3A7362123542051655681%2C7362264351904260096%29
2025-08-17 06:34:08,LIKE,https://www.linkedin.com/feed/update/urn%3Ali%3Aactivity%3A7362123542051655681?commentUrn=urn%3Ali%3Acomment%3A%28activity%3A7362123542051655681%2C7362258260298457089%29
2025-08-17 06:34:06,LIKE,https://www.linkedin.com/feed/update/urn%3Ali%3Aactivity%3A7362123542051655681?commentUrn=urn%3Ali%3Acomment%3A%28activity%3A7362123542051655681%2C7362710574591348739%29
2025-08-17 06:33:24,LIKE,https://www.linkedin.com/feed/update/urn%3Ali%3Aactivity%3A7362123542051655681
2025-08-17 06:32:37,LIKE,https://www.linkedin.com/feed/update/urn%3Ali%3Aactivity%3A7360713828357001216
2025-08-17 06:29:28,LIKE,https://www.linkedin.com/feed/update/urn%3Ali%3AugcPost%3A7361081802813313024
2025-08-17 06:05:00,LIKE,https://www.linkedin.com/feed/update/urn%3Ali%3Aactivity%3A7353058484575240192
2025-08-17 06:04:52,LIKE,https://www.linkedin.com/feed/update/urn%3Ali%3Aactivity%3A7361394235822030849
2025-08-17 06:04:17,LIKE,https://www.linkedin.com/feed/update/urn%3Ali%3Aactivity%3A7361794700535611392
2025-08-17 06:03:09,LIKE,https://www.linkedin.com/feed/update/urn%3Ali%3AugcPost%3A7361833059685449729
2025-08-17 05:02:51,LIKE,https://www.linkedin.com/feed/update/urn%3Ali%3Aactivity%3A7362577318176796672?commentUrn=urn%3Ali%3Acomment%3A%28activity%3A7362577318176796672%2C7362578974100664320%29
2025-08-17 04:59:52,LIKE,https://www.linkedin.com/feed/update/urn%3Ali%3Aactivity%3A7362181320585719809
2025-08-17 04:37:58,LIKE,https://www.linkedin.com/feed/update/urn%3Ali%3AugcPost%3A7359582265909096451?commentUrn=urn%3Ali%3Acomment%3A%28ugcPost%3A7359582265909096451%2C7362605954372202499%29
2025-08-17 04:37:02,LIKE,https://www.linkedin.com/feed/update/urn%3Ali%3AugcPost%3A7359582265909096451?commentUrn=urn%3Ali%3Acomment%3A%28ugcPost%3A7359582265909096451%2C7362552914210439168%29
2025-08-17 04:36:42,LIKE,https://www.linkedin.com/feed/update/urn%3Ali%3AugcPost%3A7359582265909096451
2025-08-17 04:35:31,LIKE,https://www.linkedin.com/feed/update/urn%3Ali%3Aactivity%3A7362133962313359363
2025-08-17 04:34:50,LIKE,https://www.linkedin.com/feed/update/urn%3Ali%3AugcPost%3A7361692005292269569
2025-08-17 01:20:12,LIKE,https://www.linkedin.com/feed/update/urn%3Ali%3AugcPost%3A7358525533845921793
2025-08-17 01:19:36,LIKE,https://www.linkedin.com/feed/update/urn%3Ali%3Aactivity%3A7362473662458793984
2025-08-16 23:46:55,LIKE,https://www.linkedin.com/feed/update/urn%3Ali%3Aactivity%3A7361799273136443393
2025-08-16 23:46:22,LIKE,https://www.linkedin.com/feed/update/urn%3Ali%3Aactivity%3A7361672806083796992
2025-08-14 16:12:14,LIKE,https://www.linkedin.com/feed/update/urn%3Ali%3Aactivity%3A7361374690830966784
2025-08-14 03:01:01,LIKE,https://www.linkedin.com/feed/update/urn%3Ali%3AugcPost%3A7360736199226863617
2025-08-14 01:58:28,LIKE,https://www.linkedin.com/feed/update/urn%3Ali%3Aactivity%3A7361411323181637632
2025-08-13 04:18:12,LIKE,https://www.linkedin.com/feed/update/urn%3Ali%3Aactivity%3A7361033788799217664
2025-08-13 02:58:25,LIKE,https://www.linkedin.com/feed/update/urn%3Ali%3Aactivity%3A7361143769179529216
2025-08-13 02:43:13,LIKE,https://www.linkedin.com/feed/update/urn%3Ali%3Aactivity%3A7360796435878981634
2025-08-12 23:50:38,LIKE,https://www.linkedin.com/feed/update/urn%3Ali%3Aactivity%3A7361112345902796803
2025-08-12 21:35:15,LIKE,https://www.linkedin.com/feed/update/urn%3Ali%3AugcPost%3A7360733612524158976
2025-08-12 19:47:00,LIKE,https://www.linkedin.com/feed/update/urn%3Ali%3Aactivity%3A7360313299604791296
2025-08-12 19:26:04,LIKE,https://www.linkedin.com/feed/update/urn%3Ali%3Aactivity%3A7361074217414500357
2025-08-12 19:23:27,LIKE,https://www.linkedin.com/feed/update/urn%3Ali%3Aactivity%3A7361024882823852032?commentUrn=urn%3Ali%3Acomment%3A%28activity%3A7361024882823852032%2C7361062009624272897%29
2025-08-12 19:23:26,LIKE,https://www.linkedin.com/feed/update/urn%3Ali%3Aactivity%3A7361024882823852032?commentUrn=urn%3Ali%3Acomment%3A%28activity%3A7361024882823852032%2C7361077618424586241%29
2025-08-12 15:36:29,LIKE,https://www.linkedin.com/feed/update/urn%3Ali%3Aactivity%3A7361024882823852032
2025-08-12 00:29:51,LIKE,https://www.linkedin.com/feed/update/urn%3Ali%3Aactivity%3A7360691426264870913
2025-08-11 15:01:38,LIKE,https://www.linkedin.com/feed/update/urn%3Ali%3Aactivity%3A7358527092935839744
2025-08-11 10:50:47,LIKE,https://www.linkedin.com/feed/update/urn%3Ali%3Aactivity%3A7329177313563107328
2025-08-11 09:44:51,LIKE,https://www.linkedin.com/feed/update/urn%3Ali%3Aactivity%3A7359631647413075968
2025-08-11 04:21:39,LIKE,https://www.linkedin.com/feed/update/urn%3Ali%3Aactivity%3A7360341599240810497
2025-08-09 22:29:13,LIKE,https://www.linkedin.com/feed/update/urn%3Ali%3Aactivity%3A7359596527960412160?commentUrn=urn%3Ali%3Acomment%3A%28activity%3A7359596527960412160%2C7359597848033677312%29
2025-08-08 12:03:39,LIKE,https://www.linkedin.com/feed/update/urn%3Ali%3Aactivity%3A7359245425872125952
2025-08-08 08:48:32,LIKE,https://www.linkedin.com/feed/update/urn%3Ali%3AugcPost%3A7254887392199782401
2025-08-08 08:47:32,LIKE,https://www.linkedin.com/feed/update/urn%3Ali%3AugcPost%3A7330316636719108096?commentUrn=urn%3Ali%3Acomment%3A%28ugcPost%3A7330316636719108096%2C7333083076849254400%29
2025-08-08 08:47:21,LIKE,https://www.linkedin.com/feed/update/urn%3Ali%3AugcPost%3A7330316636719108096?commentUrn=urn%3Ali%3Acomment%3A%28ugcPost%3A7330316636719108096%2C7348791437624242176%29
2025-08-07 20:08:09,LIKE,https://www.linkedin.com/feed/update/urn%3Ali%3Aactivity%3A7359206757174263808
2025-08-07 19:28:12,LIKE,https://www.linkedin.com/feed/update/urn%3Ali%3AugcPost%3A7359266477683736576
2025-08-07 18:43:36,LIKE,https://www.linkedin.com/feed/update/urn%3Ali%3Aactivity%3A7358203070087921665
2025-08-07 17:57:26,LIKE,https://www.linkedin.com/feed/update/urn%3Ali%3Aactivity%3A7359230837281734656
2025-08-07 14:38:30,LIKE,https://www.linkedin.com/feed/update/urn%3Ali%3AugcPost%3A7359161711267868672
2025-08-07 08:34:17,LIKE,https://www.linkedin.com/feed/update/urn%3Ali%3AugcPost%3A7358863068115689472
2025-08-07 03:51:01,LIKE,https://www.linkedin.com/feed/update/urn%3Ali%3Aactivity%3A7355572563772612608
2025-08-06 19:18:05,LIKE,https://www.linkedin.com/feed/update/urn%3Ali%3AugcPost%3A7358144469906411521?commentUrn=urn%3Ali%3Acomment%3A%28ugcPost%3A7358144469906411521%2C7358164693946953729%29
2025-08-06 19:17:45,LIKE,https://www.linkedin.com/feed/update/urn%3Ali%3AugcPost%3A7358144469906411521
2025-08-04 03:19:52,LIKE,https://www.linkedin.com/feed/update/urn%3Ali%3Aactivity%3A7356729384260554753
2025-08-04 00:50:41,LIKE,https://www.linkedin.com/feed/update/urn%3Ali%3Aactivity%3A7357607643483455488
2025-08-04 00:27:12,LIKE,https://www.linkedin.com/feed/update/urn%3Ali%3AugcPost%3A7357419251470618625?commentUrn=urn%3Ali%3Acomment%3A%28ugcPost%3A7357419251470618625%2C7357525816374673408%29
2025-08-04 00:26:40,LIKE,https://www.linkedin.com/feed/update/urn%3Ali%3Aactivity%3A7357432369500381184
2025-08-02 01:52:28,LIKE,https://www.linkedin.com/feed/update/urn%3Ali%3Aactivity%3A7356369126426120192?commentUrn=urn%3Ali%3Acomment%3A%28activity%3A7356369126426120192%2C7356636034400432128%29
2025-08-02 01:52:18,LIKE,https://www.linkedin.com/feed/update/urn%3Ali%3Aactivity%3A7356369126426120192
2025-08-01 23:33:08,LIKE,https://www.linkedin.com/feed/update/urn%3Ali%3AugcPost%3A7356451502485356544?commentUrn=urn%3Ali%3Acomment%3A%28ugcPost%3A7356451502485356544%2C7356597166896746497%29
2025-08-01 23:16:13,LIKE,https://www.linkedin.com/feed/update/urn%3Ali%3Aactivity%3A7356378100491816963
2025-08-01 22:54:24,LIKE,https://www.linkedin.com/feed/update/urn%3Ali%3AugcPost%3A7357130880596787200
2025-08-01 22:04:24,LIKE,https://www.linkedin.com/feed/update/urn%3Ali%3Aactivity%3A7357076316371763200
2025-08-01 22:04:15,LIKE,https://www.linkedin.com/feed/update/urn%3Ali%3Aactivity%3A7356784217508175872
2025-08-01 22:03:39,LIKE,https://www.linkedin.com/feed/update/urn%3Ali%3Aactivity%3A7357144050648461312
2025-08-01 21:20:04,LIKE,https://www.linkedin.com/feed/update/urn%3Ali%3Aactivity%3A7356739671244075008?commentUrn=urn%3Ali%3Acomment%3A%28activity%3A7356739671244075008%2C7356743002154835968%29
2025-08-01 21:18:45,LIKE,https://www.linkedin.com/feed/update/urn%3Ali%3Aactivity%3A7356398432539856896
2025-08-01 01:20:31,LIKE,https://www.linkedin.com/feed/update/urn%3Ali%3Aactivity%3A7354121931198980097
2025-07-31 22:59:57,LIKE,https://www.linkedin.com/feed/update/urn%3Ali%3Aactivity%3A7356611831169245186
2025-07-31 21:11:56,LIKE,https://www.linkedin.com/feed/update/urn%3Ali%3Aactivity%3A7356337832048680960?commentUrn=urn%3Ali%3Acomment%3A%28activity%3A7356337832048680960%2C7356786142979018753%29
2025-07-31 04:17:22,LIKE,https://www.linkedin.com/feed/update/urn%3Ali%3Aactivity%3A7355978535703846915
2025-07-31 04:16:25,LIKE,https://www.linkedin.com/feed/update/urn%3Ali%3Aactivity%3A7356338357758554112
2025-07-31 03:59:53,LIKE,https://www.linkedin.com/feed/update/urn%3Ali%3Aactivity%3A7353780135105388544
2025-07-30 17:36:55,LIKE,https://www.linkedin.com/feed/update/urn%3Ali%3Aactivity%3A7356331758415482880
2025-07-29 22:55:15,LIKE,https://www.linkedin.com/feed/update/urn%3Ali%3AugcPost%3A7355965126715322369
2025-07-29 22:54:45,LIKE,https://www.linkedin.com/feed/update/urn%3Ali%3Aactivity%3A7356051757422034948
2025-07-29 22:53:54,LIKE,https://www.linkedin.com/feed/update/urn%3Ali%3Aactivity%3A7352095689780232192
2025-07-29 22:53:30,LIKE,https://www.linkedin.com/feed/update/urn%3Ali%3Aactivity%3A7356013003030290433
2025-07-29 22:12:28,LIKE,https://www.linkedin.com/feed/update/urn%3Ali%3AugcPost%3A7355859156882350081
2025-07-29 22:10:49,LIKE,https://www.linkedin.com/feed/update/urn%3Ali%3Aactivity%3A7355983000670466048
2025-07-29 18:02:02,LIKE,https://www.linkedin.com/feed/update/urn%3Ali%3Aactivity%3A7355905669444632578
2025-07-29 17:38:04,LIKE,https://www.linkedin.com/feed/update/urn%3Ali%3Aactivity%3A7355968667114721282
2025-07-28 03:13:07,LIKE,https://www.linkedin.com/feed/update/urn%3Ali%3Aactivity%3A7354578696432742400
2025-07-28 01:05:01,LIKE,https://www.linkedin.com/feed/update/urn%3Ali%3Aactivity%3A7355243083514462209
2025-07-28 00:41:37,LIKE,https://www.linkedin.com/feed/update/urn%3Ali%3AugcPost%3A7354259194646089729?commentUrn=urn%3Ali%3Acomment%3A%28ugcPost%3A7354259194646089729%2C7355301030345003009%29
2025-07-27 23:34:06,LIKE,https://www.linkedin.com/feed/update/urn%3Ali%3Aactivity%3A7354418780770361344
2025-07-27 23:33:35,LIKE,https://www.linkedin.com/feed/update/urn%3Ali%3Aactivity%3A7353416152414339078
2025-07-27 02:24:17,LIKE,https://www.linkedin.com/feed/update/urn%3Ali%3AugcPost%3A7353462159013568512
2025-07-26 18:05:26,LIKE,https://www.linkedin.com/feed/update/urn%3Ali%3Aactivity%3A7354197041100566532?commentUrn=urn%3Ali%3Acomment%3A%28activity%3A7354197041100566532%2C7354200598298218497%29
2025-07-26 17:26:20,LIKE,https://www.linkedin.com/feed/update/urn%3Ali%3Aactivity%3A7354817269471870976
2025-07-26 01:12:51,LIKE,https://www.linkedin.com/feed/update/urn%3Ali%3AugcPost%3A7353366171250839552
2025-07-26 00:45:34,LIKE,https://www.linkedin.com/feed/update/urn%3Ali%3Aactivity%3A7354487716383707137
2025-07-26 00:44:38,LIKE,https://www.linkedin.com/feed/update/urn%3Ali%3AugcPost%3A7353378675230142464?commentUrn=urn%3Ali%3Acomment%3A%28ugcPost%3A7353378675230142464%2C7354254393686278144%29
2025-07-26 00:44:33,LIKE,https://www.linkedin.com/feed/update/urn%3Ali%3AugcPost%3A7353378675230142464?commentUrn=urn%3Ali%3Acomment%3A%28ugcPost%3A7353378675230142464%2C7353842560991195139%29
2025-07-25 22:09:48,LIKE,https://www.linkedin.com/feed/update/urn%3Ali%3AugcPost%3A7354259194646089729?commentUrn=urn%3Ali%3Acomment%3A%28ugcPost%3A7354259194646089729%2C7354292584845914113%29
2025-07-25 21:39:16,LIKE,https://www.linkedin.com/feed/update/urn%3Ali%3Aactivity%3A7354520029339467776
2025-07-25 20:21:07,LIKE,https://www.linkedin.com/feed/update/urn%3Ali%3Aactivity%3A7354508428129533952
2025-07-25 04:35:02,LIKE,https://www.linkedin.com/feed/update/urn%3Ali%3Aactivity%3A7354237420256563202
2025-07-24 22:13:04,LIKE,https://www.linkedin.com/feed/update/urn%3Ali%3AugcPost%3A7354259194646089729?commentUrn=urn%3Ali%3Acomment%3A%28ugcPost%3A7354259194646089729%2C7354263440535822339%29
2025-07-24 07:14:35,LIKE,https://www.linkedin.com/feed/update/urn%3Ali%3Aactivity%3A7353446982587203584?commentUrn=urn%3Ali%3Acomment%3A%28activity%3A7353446982587203584%2C7353820112514162688%29
2025-07-24 07:12:54,LIKE,https://www.linkedin.com/feed/update/urn%3Ali%3Aactivity%3A7353446982587203584?commentUrn=urn%3Ali%3Acomment%3A%28activity%3A7353446982587203584%2C7353817568878473219%29
2025-07-24 07:12:34,LIKE,https://www.linkedin.com/feed/update/urn%3Ali%3Aactivity%3A7353446982587203584?commentUrn=urn%3Ali%3Acomment%3A%28activity%3A7353446982587203584%2C7353683403478630400%29
2025-07-24 07:11:31,LIKE,https://www.linkedin.com/feed/update/urn%3Ali%3Aactivity%3A7353446982587203584?commentUrn=urn%3Ali%3Acomment%3A%28activity%3A7353446982587203584%2C7353968713294888960%29
2025-07-24 07:10:51,LIKE,https://www.linkedin.com/feed/update/urn%3Ali%3Aactivity%3A7353446982587203584?commentUrn=urn%3Ali%3Acomment%3A%28activity%3A7353446982587203584%2C7353676821021843456%29
2025-07-24 07:10:18,LIKE,https://www.linkedin.com/feed/update/urn%3Ali%3Aactivity%3A7353446982587203584?commentUrn=urn%3Ali%3Acomment%3A%28activity%3A7353446982587203584%2C7353476954928386049%29
2025-07-24 07:09:47,LIKE,https://www.linkedin.com/feed/update/urn%3Ali%3Aactivity%3A7353446982587203584?commentUrn=urn%3Ali%3Acomment%3A%28activity%3A7353446982587203584%2C7353464969046171649%29
2025-07-24 07:08:57,LIKE,https://www.linkedin.com/feed/update/urn%3Ali%3Aactivity%3A7353446982587203584?commentUrn=urn%3Ali%3Acomment%3A%28activity%3A7353446982587203584%2C7353487779508490240%29
2025-07-24 07:08:39,LIKE,https://www.linkedin.com/feed/update/urn%3Ali%3Aactivity%3A7353446982587203584?commentUrn=urn%3Ali%3Acomment%3A%28activity%3A7353446982587203584%2C7353724069772427264%29
2025-07-24 07:08:18,LIKE,https://www.linkedin.com/feed/update/urn%3Ali%3Aactivity%3A7353446982587203584?commentUrn=urn%3Ali%3Acomment%3A%28activity%3A7353446982587203584%2C7353688742546550787%29
2025-07-24 07:07:11,LIKE,https://www.linkedin.com/feed/update/urn%3Ali%3Aactivity%3A7353446982587203584?commentUrn=urn%3Ali%3Acomment%3A%28activity%3A7353446982587203584%2C7353644824312401920%29
2025-07-24 07:05:16,LIKE,https://www.linkedin.com/feed/update/urn%3Ali%3Aactivity%3A7353446982587203584?commentUrn=urn%3Ali%3Acomment%3A%28activity%3A7353446982587203584%2C7353869312547328001%29
2025-07-24 07:04:31,LIKE,https://www.linkedin.com/feed/update/urn%3Ali%3Aactivity%3A7353446982587203584?commentUrn=urn%3Ali%3Acomment%3A%28activity%3A7353446982587203584%2C7353580052371943424%29
2025-07-24 07:02:47,LIKE,https://www.linkedin.com/feed/update/urn%3Ali%3Aactivity%3A7353446982587203584?commentUrn=urn%3Ali%3Acomment%3A%28activity%3A7353446982587203584%2C7353804448726409218%29
2025-07-24 07:01:51,LIKE,https://www.linkedin.com/feed/update/urn%3Ali%3Aactivity%3A7353446982587203584?commentUrn=urn%3Ali%3Acomment%3A%28activity%3A7353446982587203584%2C7353506400955711489%29
2025-07-24 07:01:46,LIKE,https://www.linkedin.com/feed/update/urn%3Ali%3Aactivity%3A7353446982587203584?commentUrn=urn%3Ali%3Acomment%3A%28activity%3A7353446982587203584%2C7353523206189699072%29
2025-07-24 07:00:59,LIKE,https://www.linkedin.com/feed/update/urn%3Ali%3Aactivity%3A7353446982587203584?commentUrn=urn%3Ali%3Acomment%3A%28activity%3A7353446982587203584%2C7353580316730515458%29
2025-07-24 06:58:03,LIKE,https://www.linkedin.com/feed/update/urn%3Ali%3Aactivity%3A7353446982587203584?commentUrn=urn%3Ali%3Acomment%3A%28activity%3A7353446982587203584%2C7354034792721522689%29
2025-07-24 06:57:04,LIKE,https://www.linkedin.com/feed/update/urn%3Ali%3Aactivity%3A7353446982587203584?commentUrn=urn%3Ali%3Acomment%3A%28activity%3A7353446982587203584%2C7353583881796706304%29
2025-07-24 06:55:58,LIKE,https://www.linkedin.com/feed/update/urn%3Ali%3Aactivity%3A7353446982587203584?commentUrn=urn%3Ali%3Acomment%3A%28activity%3A7353446982587203584%2C7353514746790178817%29
2025-07-24 06:55:38,LIKE,https://www.linkedin.com/feed/update/urn%3Ali%3Aactivity%3A7353446982587203584?commentUrn=urn%3Ali%3Acomment%3A%28activity%3A7353446982587203584%2C7353612286130876416%29
2025-07-24 06:48:02,LIKE,https://www.linkedin.com/feed/update/urn%3Ali%3Aactivity%3A7353446982587203584?commentUrn=urn%3Ali%3Acomment%3A%28activity%3A7353446982587203584%2C7353806705463300096%29
2025-07-24 06:47:58,LIKE,https://www.linkedin.com/feed/update/urn%3Ali%3Aactivity%3A7353446982587203584?commentUrn=urn%3Ali%3Acomment%3A%28activity%3A7353446982587203584%2C7353540741081546754%29
2025-07-24 06:47:16,LIKE,https://www.linkedin.com/feed/update/urn%3Ali%3Aactivity%3A7353446982587203584?commentUrn=urn%3Ali%3Acomment%3A%28activity%3A7353446982587203584%2C7353917262430408704%29
2025-07-24 06:47:11,LIKE,https://www.linkedin.com/feed/update/urn%3Ali%3Aactivity%3A7353446982587203584?commentUrn=urn%3Ali%3Acomment%3A%28activity%3A7353446982587203584%2C7353625935788527616%29
2025-07-24 06:45:29,LIKE,https://www.linkedin.com/feed/update/urn%3Ali%3Aactivity%3A7353446982587203584?commentUrn=urn%3Ali%3Acomment%3A%28activity%3A7353446982587203584%2C7353591535096979457%29
2025-07-24 06:45:03,LIKE,https://www.linkedin.com/feed/update/urn%3Ali%3Aactivity%3A7353446982587203584?commentUrn=urn%3Ali%3Acomment%3A%28activity%3A7353446982587203584%2C7353540565247954945%29
2025-07-24 06:44:03,LIKE,https://www.linkedin.com/feed/update/urn%3Ali%3Aactivity%3A7353446982587203584?commentUrn=urn%3Ali%3Acomment%3A%28activity%3A7353446982587203584%2C7353808692569337860%29
2025-07-24 06:43:45,LIKE,https://www.linkedin.com/feed/update/urn%3Ali%3Aactivity%3A7353446982587203584?commentUrn=urn%3Ali%3Acomment%3A%28activity%3A7353446982587203584%2C7353670121640329217%29
2025-07-24 06:43:27,LIKE,https://www.linkedin.com/feed/update/urn%3Ali%3Aactivity%3A7353446982587203584?commentUrn=urn%3Ali%3Acomment%3A%28activity%3A7353446982587203584%2C7353476647968206851%29
2025-07-24 06:42:22,LIKE,https://www.linkedin.com/feed/update/urn%3Ali%3Aactivity%3A7353446982587203584?commentUrn=urn%3Ali%3Acomment%3A%28activity%3A7353446982587203584%2C7353796072504242177%29
2025-07-24 06:41:48,LIKE,https://www.linkedin.com/feed/update/urn%3Ali%3Aactivity%3A7353446982587203584?commentUrn=urn%3Ali%3Acomment%3A%28activity%3A7353446982587203584%2C7353557040633430017%29
2025-07-24 06:40:41,LIKE,https://www.linkedin.com/feed/update/urn%3Ali%3Aactivity%3A7353446982587203584?commentUrn=urn%3Ali%3Acomment%3A%28activity%3A7353446982587203584%2C7353453712247308288%29
2025-07-24 06:36:07,LIKE,https://www.linkedin.com/feed/update/urn%3Ali%3Aactivity%3A7353446982587203584?commentUrn=urn%3Ali%3Acomment%3A%28activity%3A7353446982587203584%2C7353649085968437248%29
2025-07-24 06:36:00,LIKE,https://www.linkedin.com/feed/update/urn%3Ali%3Aactivity%3A7353446982587203584?commentUrn=urn%3Ali%3Acomment%3A%28activity%3A7353446982587203584%2C7353691384953864192%29
2025-07-24 06:35:58,LIKE,https://www.linkedin.com/feed/update/urn%3Ali%3Aactivity%3A7353446982587203584?commentUrn=urn%3Ali%3Acomment%3A%28activity%3A7353446982587203584%2C7353789354953117718%29
2025-07-24 02:25:27,LIKE,https://www.linkedin.com/feed/update/urn%3Ali%3AugcPost%3A7353758352268570624?commentUrn=urn%3Ali%3Acomment%3A%28ugcPost%3A7353758352268570624%2C7353794850829340672%29
2025-07-24 02:24:59,LIKE,https://www.linkedin.com/feed/update/urn%3Ali%3Aactivity%3A7353878626833989632
2025-07-24 00:03:36,LIKE,https://www.linkedin.com/feed/update/urn%3Ali%3AugcPost%3A7353864206326067202
2025-07-23 04:53:18,LIKE,https://www.linkedin.com/feed/update/urn%3Ali%3AugcPost%3A7353344763053461505
2025-07-23 03:27:58,LIKE,https://www.linkedin.com/feed/update/urn%3Ali%3AugcPost%3A7353030520726843394
2025-07-22 18:14:49,LIKE,https://www.linkedin.com/feed/update/urn%3Ali%3Aactivity%3A7353446236290473984
2025-07-22 14:24:16,LIKE,https://www.linkedin.com/feed/update/urn%3Ali%3Aactivity%3A7353427996533235713
2025-07-22 07:26:36,LIKE,https://www.linkedin.com/feed/update/urn%3Ali%3Aactivity%3A7353049590180261888
2025-07-22 06:24:02,LIKE,https://www.linkedin.com/feed/update/urn%3Ali%3Aactivity%3A7353113266979495936
2025-07-22 06:22:45,LIKE,https://www.linkedin.com/feed/update/urn%3Ali%3Aactivity%3A7353044551395069952
2025-07-22 01:36:19,LIKE,https://www.linkedin.com/feed/update/urn%3Ali%3Aactivity%3A7353083847762243587
2025-07-21 06:09:07,LIKE,https://www.linkedin.com/feed/update/urn%3Ali%3Aactivity%3A7352784645488300032
2025-07-21 00:47:45,LIKE,https://www.linkedin.com/feed/update/urn%3Ali%3Aactivity%3A7352713931070582785?commentUrn=urn%3Ali%3Acomment%3A%28activity%3A7352713931070582785%2C7352735047805739008%29
2025-07-21 00:47:29,LIKE,https://www.linkedin.com/feed/update/urn%3Ali%3Aactivity%3A7352713931070582785
2025-07-21 00:45:27,LIKE,https://www.linkedin.com/feed/update/urn%3Ali%3Aactivity%3A7352834258278699008
2025-07-20 21:28:02,LIKE,https://www.linkedin.com/feed/update/urn%3Ali%3Aactivity%3A7352714376329547776
2025-07-20 21:11:37,LIKE,https://www.linkedin.com/feed/update/urn%3Ali%3Aactivity%3A7348341600843935744
2025-07-20 20:04:47,LIKE,https://www.linkedin.com/feed/update/urn%3Ali%3AugcPost%3A7294700786356256768
2025-07-20 19:30:24,LIKE,https://www.linkedin.com/feed/update/urn%3Ali%3AugcPost%3A7351719520270536704
2025-07-20 19:29:02,LIKE,https://www.linkedin.com/feed/update/urn%3Ali%3Aactivity%3A7351611880966082561
2025-07-20 06:42:49,LIKE,https://www.linkedin.com/feed/update/urn%3Ali%3Aactivity%3A7351118639808311297
2025-07-20 03:22:14,LIKE,https://www.linkedin.com/feed/update/urn%3Ali%3Aactivity%3A7352443791087177731
2025-07-20 03:04:39,LIKE,https://www.linkedin.com/feed/update/urn%3Ali%3Aactivity%3A7352091993625223169
2025-07-19 23:12:09,LIKE,https://www.linkedin.com/feed/update/urn%3Ali%3Aactivity%3A7352104374594101248
2025-07-19 06:12:26,LIKE,https://www.linkedin.com/feed/update/urn%3Ali%3Aactivity%3A7351989613541908480
2025-07-19 05:30:08,LIKE,https://www.linkedin.com/feed/update/urn%3Ali%3Aactivity%3A7352072626556575744?commentUrn=urn%3Ali%3Acomment%3A%28activity%3A7352072626556575744%2C7352077123559276544%29
2025-07-19 05:29:55,LIKE,https://www.linkedin.com/feed/update/urn%3Ali%3Aactivity%3A7352072626556575744?commentUrn=urn%3Ali%3Acomment%3A%28activity%3A7352072626556575744%2C7352073720707903488%29
2025-07-18 21:38:51,LIKE,https://www.linkedin.com/feed/update/urn%3Ali%3Aactivity%3A7350915825412755456
2025-07-18 21:05:36,LIKE,https://www.linkedin.com/feed/update/urn%3Ali%3Aactivity%3A7352072626556575744
2025-07-18 18:35:38,LIKE,https://www.linkedin.com/feed/update/urn%3Ali%3Aactivity%3A7351665204838985728
2025-07-18 18:33:23,LIKE,https://www.linkedin.com/feed/update/urn%3Ali%3Aactivity%3A7350489626723131392
2025-07-18 12:18:00,LIKE,https://www.linkedin.com/feed/update/urn%3Ali%3Aactivity%3A7351280499341901825
2025-07-18 06:18:43,LIKE,https://www.linkedin.com/feed/update/urn%3Ali%3Aactivity%3A7351287444400472064
2025-07-18 05:01:09,LIKE,https://www.linkedin.com/feed/update/urn%3Ali%3Aactivity%3A7351068828983779328
2025-07-18 02:54:01,LIKE,https://www.linkedin.com/feed/update/urn%3Ali%3Aactivity%3A7351490346465341441
2025-07-18 00:03:13,LIKE,https://www.linkedin.com/feed/update/urn%3Ali%3Aactivity%3A7351664032975671297
2025-07-17 19:56:52,LIKE,https://www.linkedin.com/feed/update/urn%3Ali%3Aactivity%3A7350451129182224384
2025-07-17 19:37:04,LIKE,https://www.linkedin.com/feed/update/urn%3Ali%3Aactivity%3A7351688628810510336
2025-07-17 18:44:55,LIKE,https://www.linkedin.com/feed/update/urn%3Ali%3Aactivity%3A7351171237005443072
2025-07-17 18:02:47,LIKE,https://www.linkedin.com/feed/update/urn%3Ali%3Aactivity%3A7351233868089245696
2025-07-17 09:24:20,LIKE,https://www.linkedin.com/feed/update/urn%3Ali%3AugcPost%3A7337616763758526465
2025-07-17 08:54:54,LIKE,https://www.linkedin.com/feed/update/urn%3Ali%3Aactivity%3A7351122965289185280?commentUrn=urn%3Ali%3Acomment%3A%28activity%3A7351122965289185280%2C7351505774054940674%29
2025-07-17 08:54:22,LIKE,https://www.linkedin.com/feed/update/urn%3Ali%3Aactivity%3A7351122965289185280
2025-07-17 08:51:46,LIKE,https://www.linkedin.com/feed/update/urn%3Ali%3AugcPost%3A7350577378684719104?commentUrn=urn%3Ali%3Acomment%3A%28ugcPost%3A7350577378684719104%2C7351466618662621185%29
2025-07-17 08:50:34,LIKE,https://www.linkedin.com/feed/update/urn%3Ali%3Aactivity%3A7349856826034655235?commentUrn=urn%3Ali%3Acomment%3A%28activity%3A7349856826034655235%2C7349858534399873026%29
2025-07-17 02:43:36,LIKE,https://www.linkedin.com/feed/update/urn%3Ali%3Aactivity%3A7350932466150363138?commentUrn=urn%3Ali%3Acomment%3A%28activity%3A7350932466150363138%2C7351043387115855874%29
2025-07-17 02:43:23,LIKE,https://www.linkedin.com/feed/update/urn%3Ali%3Aactivity%3A7350932466150363138?commentUrn=urn%3Ali%3Acomment%3A%28activity%3A7350932466150363138%2C7351305447494090754%29
2025-07-17 02:43:17,LIKE,https://www.linkedin.com/feed/update/urn%3Ali%3Aactivity%3A7350932466150363138?commentUrn=urn%3Ali%3Acomment%3A%28activity%3A7350932466150363138%2C7350962130709270529%29
2025-07-17 02:40:44,LIKE,https://www.linkedin.com/feed/update/urn%3Ali%3Aactivity%3A7350932466150363138?commentUrn=urn%3Ali%3Acomment%3A%28activity%3A7350932466150363138%2C7351241253960708096%29
2025-07-17 02:40:42,LIKE,https://www.linkedin.com/feed/update/urn%3Ali%3Aactivity%3A7350932466150363138?commentUrn=urn%3Ali%3Acomment%3A%28activity%3A7350932466150363138%2C7351047115864768512%29
2025-07-17 02:40:38,LIKE,https://www.linkedin.com/feed/update/urn%3Ali%3Aactivity%3A7350932466150363138?commentUrn=urn%3Ali%3Acomment%3A%28activity%3A7350932466150363138%2C7351105966689374209%29
2025-07-17 02:40:23,LIKE,https://www.linkedin.com/feed/update/urn%3Ali%3Aactivity%3A7350932466150363138
2025-07-17 02:00:40,LIKE,https://www.linkedin.com/feed/update/urn%3Ali%3AugcPost%3A7351402672031256576
2025-07-17 00:06:53,LIKE,https://www.linkedin.com/feed/update/urn%3Ali%3Aactivity%3A7348896864286453760
2025-07-16 23:38:54,LIKE,https://www.linkedin.com/feed/update/urn%3Ali%3Aactivity%3A7351203962965979136
2025-07-16 23:38:39,LIKE,https://www.linkedin.com/feed/update/urn%3Ali%3AugcPost%3A7350797300593479681
2025-07-16 23:38:25,LIKE,https://www.linkedin.com/feed/update/urn%3Ali%3Aactivity%3A7351022253259505664
2025-07-16 23:38:08,LIKE,https://www.linkedin.com/feed/update/urn%3Ali%3Aactivity%3A7340289104154169344
2025-07-16 23:37:51,LIKE,https://www.linkedin.com/feed/update/urn%3Ali%3Aactivity%3A7351361704842158080
2025-07-16 23:23:41,LIKE,https://www.linkedin.com/feed/update/urn%3Ali%3AugcPost%3A7351049490566475776
2025-07-16 21:42:27,LIKE,https://www.linkedin.com/feed/update/urn%3Ali%3Aactivity%3A7351332466579664896
2025-07-16 20:45:57,LIKE,https://www.linkedin.com/feed/update/urn%3Ali%3Aactivity%3A7351312223744503808
2025-07-16 17:53:21,LIKE,https://www.linkedin.com/feed/update/urn%3Ali%3Aactivity%3A7351151416381431808
2025-07-16 17:51:17,LIKE,https://www.linkedin.com/feed/update/urn%3Ali%3Aactivity%3A7346932613627932672
2025-07-16 14:51:32,LIKE,https://www.linkedin.com/feed/update/urn%3Ali%3Aactivity%3A7351225060491264000
2025-07-16 00:29:12,LIKE,https://www.linkedin.com/feed/update/urn%3Ali%3Aactivity%3A7350529697996263424
2025-07-15 23:28:24,LIKE,https://www.linkedin.com/feed/update/urn%3Ali%3AugcPost%3A7351013585457725443
2025-07-15 21:12:45,LIKE,https://www.linkedin.com/feed/update/urn%3Ali%3Aactivity%3A7350946897919909888
2025-07-15 21:10:56,LIKE,https://www.linkedin.com/feed/update/urn%3Ali%3AugcPost%3A7335297842208538625?commentUrn=urn%3Ali%3Acomment%3A%28ugcPost%3A7335297842208538625%2C7335362821641179137%29
2025-07-15 21:10:50,LIKE,https://www.linkedin.com/feed/update/urn%3Ali%3AugcPost%3A7335297842208538625?commentUrn=urn%3Ali%3Acomment%3A%28ugcPost%3A7335297842208538625%2C7343686771706052609%29
2025-07-15 21:10:20,LIKE,https://www.linkedin.com/feed/update/urn%3Ali%3AugcPost%3A7335297842208538625?commentUrn=urn%3Ali%3Acomment%3A%28ugcPost%3A7335297842208538625%2C7344597884878675968%29
2025-07-15 21:09:46,LIKE,https://www.linkedin.com/feed/update/urn%3Ali%3AugcPost%3A7335297842208538625?commentUrn=urn%3Ali%3Acomment%3A%28ugcPost%3A7335297842208538625%2C7335779325457129474%29
2025-07-15 21:09:42,LIKE,https://www.linkedin.com/feed/update/urn%3Ali%3AugcPost%3A7335297842208538625?commentUrn=urn%3Ali%3Acomment%3A%28ugcPost%3A7335297842208538625%2C7340366751571869697%29
2025-07-15 21:09:31,LIKE,https://www.linkedin.com/feed/update/urn%3Ali%3AugcPost%3A7335297842208538625?commentUrn=urn%3Ali%3Acomment%3A%28ugcPost%3A7335297842208538625%2C7335352648965017600%29
2025-07-15 21:09:28,LIKE,https://www.linkedin.com/feed/update/urn%3Ali%3AugcPost%3A7335297842208538625?commentUrn=urn%3Ali%3Acomment%3A%28ugcPost%3A7335297842208538625%2C7340019869079228417%29
2025-07-15 21:09:22,LIKE,https://www.linkedin.com/feed/update/urn%3Ali%3AugcPost%3A7335297842208538625?commentUrn=urn%3Ali%3Acomment%3A%28ugcPost%3A7335297842208538625%2C7335319202712461313%29
2025-07-15 21:08:59,LIKE,https://www.linkedin.com/feed/update/urn%3Ali%3AugcPost%3A7335297842208538625?commentUrn=urn%3Ali%3Acomment%3A%28ugcPost%3A7335297842208538625%2C7335351031679094784%29
2025-07-15 21:08:54,LIKE,https://www.linkedin.com/feed/update/urn%3Ali%3AugcPost%3A7335297842208538625?commentUrn=urn%3Ali%3Acomment%3A%28ugcPost%3A7335297842208538625%2C7349894342460776449%29
2025-07-15 21:08:46,LIKE,https://www.linkedin.com/feed/update/urn%3Ali%3AugcPost%3A7335297842208538625?commentUrn=urn%3Ali%3Acomment%3A%28ugcPost%3A7335297842208538625%2C7350954246000795679%29
2025-07-15 21:08:35,LIKE,https://www.linkedin.com/feed/update/urn%3Ali%3AugcPost%3A7335297842208538625?commentUrn=urn%3Ali%3Acomment%3A%28ugcPost%3A7335297842208538625%2C7339377841416925184%29
2025-07-15 21:08:28,LIKE,https://www.linkedin.com/feed/update/urn%3Ali%3AugcPost%3A7335297842208538625?commentUrn=urn%3Ali%3Acomment%3A%28ugcPost%3A7335297842208538625%2C7346497130007568384%29
2025-07-15 21:08:05,LIKE,https://www.linkedin.com/feed/update/urn%3Ali%3AugcPost%3A7335297842208538625?commentUrn=urn%3Ali%3Acomment%3A%28ugcPost%3A7335297842208538625%2C7335722546270539777%29
2025-07-15 21:07:56,LIKE,https://www.linkedin.com/feed/update/urn%3Ali%3AugcPost%3A7335297842208538625?commentUrn=urn%3Ali%3Acomment%3A%28ugcPost%3A7335297842208538625%2C7341144729683677184%29
2025-07-15 21:07:46,LIKE,https://www.linkedin.com/feed/update/urn%3Ali%3AugcPost%3A7335297842208538625?commentUrn=urn%3Ali%3Acomment%3A%28ugcPost%3A7335297842208538625%2C7350242908425347072%29
2025-07-15 21:07:36,LIKE,https://www.linkedin.com/feed/update/urn%3Ali%3AugcPost%3A7335297842208538625?commentUrn=urn%3Ali%3Acomment%3A%28ugcPost%3A7335297842208538625%2C7336695316986900482%29
2025-07-15 21:07:25,LIKE,https://www.linkedin.com/feed/update/urn%3Ali%3AugcPost%3A7335297842208538625?commentUrn=urn%3Ali%3Acomment%3A%28ugcPost%3A7335297842208538625%2C7337012185254002688%29
2025-07-15 21:07:23,LIKE,https://www.linkedin.com/feed/update/urn%3Ali%3AugcPost%3A7335297842208538625?commentUrn=urn%3Ali%3Acomment%3A%28ugcPost%3A7335297842208538625%2C7335452288833961984%29
2025-07-15 21:07:21,LIKE,https://www.linkedin.com/feed/update/urn%3Ali%3AugcPost%3A7335297842208538625?commentUrn=urn%3Ali%3Acomment%3A%28ugcPost%3A7335297842208538625%2C7335351286332039169%29
2025-07-15 21:01:20,LIKE,https://www.linkedin.com/feed/update/urn%3Ali%3Aactivity%3A7350944789812445184
2025-07-15 20:25:14,LIKE,https://www.linkedin.com/feed/update/urn%3Ali%3Aactivity%3A7350967480313425921
2025-07-15 12:43:59,LIKE,https://www.linkedin.com/feed/update/urn%3Ali%3Aactivity%3A7349098440800260096
2025-07-15 12:08:01,LIKE,https://www.linkedin.com/feed/update/urn%3Ali%3AugcPost%3A7341007940574724096
2025-07-15 12:06:36,LIKE,https://www.linkedin.com/feed/update/urn%3Ali%3AugcPost%3A7350403160533843968
2025-07-15 08:17:42,LIKE,https://www.linkedin.com/feed/update/urn%3Ali%3Aactivity%3A7349788375807148032
2025-07-14 19:48:29,LIKE,https://www.linkedin.com/feed/update/urn%3Ali%3Aactivity%3A7349383930740895744
2025-07-14 18:01:10,LIKE,https://www.linkedin.com/feed/update/urn%3Ali%3Aactivity%3A7350483917000306688
2025-07-14 16:10:47,LIKE,https://www.linkedin.com/feed/update/urn%3Ali%3Aactivity%3A7350409140487290880?commentUrn=urn%3Ali%3Acomment%3A%28activity%3A7350409140487290880%2C7350550688038293504%29
2025-07-14 05:47:50,LIKE,https://www.linkedin.com/feed/update/urn%3Ali%3Aactivity%3A7349754709009715200
2025-07-14 05:47:02,LIKE,https://www.linkedin.com/feed/update/urn%3Ali%3Aactivity%3A7346504230762909696?commentUrn=urn%3Ali%3Acomment%3A%28activity%3A7346504230762909696%2C7346570277142622212%29
2025-07-14 05:45:53,LIKE,https://www.linkedin.com/feed/update/urn%3Ali%3Aactivity%3A7340805784445812737
2025-07-14 01:12:48,LIKE,https://www.linkedin.com/feed/update/urn%3Ali%3Aactivity%3A7348733636424163329
2025-07-13 20:51:02,LIKE,https://www.linkedin.com/feed/update/urn%3Ali%3Aactivity%3A7349488435205705728
2025-07-13 03:51:11,LIKE,https://www.linkedin.com/feed/update/urn%3Ali%3Aactivity%3A7349384664379179008
2025-07-13 02:20:34,LIKE,https://www.linkedin.com/feed/update/urn%3Ali%3AugcPost%3A7349814030414290944?commentUrn=urn%3Ali%3Acomment%3A%28ugcPost%3A7349814030414290944%2C7349824296266989568%29
2025-07-13 02:19:41,LIKE,https://www.linkedin.com/feed/update/urn%3Ali%3AugcPost%3A7349814030414290944
2025-07-13 02:16:28,LIKE,https://www.linkedin.com/feed/update/urn%3Ali%3Aactivity%3A7349477236263043072
2025-07-13 02:15:24,LIKE,https://www.linkedin.com/feed/update/urn%3Ali%3Aactivity%3A7349504837761327106
2025-07-13 01:01:07,LIKE,https://www.linkedin.com/feed/update/urn%3Ali%3Aactivity%3A7346198904117280768
2025-07-13 01:00:48,LIKE,https://www.linkedin.com/feed/update/urn%3Ali%3Aactivity%3A7349743453196451840
2025-07-12 23:37:07,LIKE,https://www.linkedin.com/feed/update/urn%3Ali%3Aactivity%3A7349745693990760448
2025-07-12 21:44:41,LIKE,https://www.linkedin.com/feed/update/urn%3Ali%3Aactivity%3A7334329151299981312
2025-07-12 20:25:02,LIKE,https://www.linkedin.com/feed/update/urn%3Ali%3Aactivity%3A7349869554082144259
2025-07-11 18:50:13,LIKE,https://www.linkedin.com/feed/update/urn%3Ali%3Aactivity%3A7349453702841188352
2025-07-11 16:31:25,LIKE,https://www.linkedin.com/feed/update/urn%3Ali%3Aactivity%3A7349444966626054146
2025-07-11 15:28:15,LIKE,https://www.linkedin.com/feed/update/urn%3Ali%3Aactivity%3A7349452943475060736
2025-07-11 01:25:39,LIKE,https://www.linkedin.com/feed/update/urn%3Ali%3Aactivity%3A7348587966316929027
2025-07-10 20:10:47,LIKE,https://www.linkedin.com/feed/update/urn%3Ali%3Aactivity%3A7348907715215187968
2025-07-10 20:09:10,LIKE,https://www.linkedin.com/feed/update/urn%3Ali%3Aactivity%3A7349047507777196051
2025-07-10 18:32:32,LIKE,https://www.linkedin.com/feed/update/urn%3Ali%3Aactivity%3A7348695489124454400
2025-07-09 22:20:48,LIKE,https://www.linkedin.com/feed/update/urn%3Ali%3Aactivity%3A7348724829866323968?commentUrn=urn%3Ali%3Acomment%3A%28activity%3A7348724829866323968%2C7348726369335365635%29
2025-07-09 22:20:37,LIKE,https://www.linkedin.com/feed/update/urn%3Ali%3Aactivity%3A7348724829866323968?commentUrn=urn%3Ali%3Acomment%3A%28activity%3A7348724829866323968%2C7348741748078092288%29
2025-07-09 22:20:25,LIKE,https://www.linkedin.com/feed/update/urn%3Ali%3Aactivity%3A7348724829866323968?commentUrn=urn%3Ali%3Acomment%3A%28activity%3A7348724829866323968%2C7348728968117731332%29
2025-07-09 22:19:59,LIKE,https://www.linkedin.com/feed/update/urn%3Ali%3Aactivity%3A7348724829866323968?commentUrn=urn%3Ali%3Acomment%3A%28activity%3A7348724829866323968%2C7348735418537766915%29
2025-07-09 22:19:42,LIKE,https://www.linkedin.com/feed/update/urn%3Ali%3Aactivity%3A7348724829866323968?commentUrn=urn%3Ali%3Acomment%3A%28activity%3A7348724829866323968%2C7348748292899450880%29
2025-07-09 22:19:20,LIKE,https://www.linkedin.com/feed/update/urn%3Ali%3Aactivity%3A7348724829866323968?commentUrn=urn%3Ali%3Acomment%3A%28activity%3A7348724829866323968%2C7348729616733249536%29
2025-07-09 22:18:27,LIKE,https://www.linkedin.com/feed/update/urn%3Ali%3Aactivity%3A7348724829866323968?commentUrn=urn%3Ali%3Acomment%3A%28activity%3A7348724829866323968%2C7348741293654638592%29
2025-07-09 22:17:59,LIKE,https://www.linkedin.com/feed/update/urn%3Ali%3Aactivity%3A7348724829866323968
2025-07-09 21:31:59,LIKE,https://www.linkedin.com/feed/update/urn%3Ali%3Aactivity%3A7348706000415133696
2025-07-09 20:35:37,LIKE,https://www.linkedin.com/feed/update/urn%3Ali%3AugcPost%3A7345838330011418625
2025-07-09 19:57:14,LIKE,https://www.linkedin.com/feed/update/urn%3Ali%3Aactivity%3A7348649719897726976
2025-07-09 18:56:54,LIKE,https://www.linkedin.com/feed/update/urn%3Ali%3Aactivity%3A7348242721272180736
2025-07-09 18:21:58,LIKE,https://www.linkedin.com/feed/update/urn%3Ali%3Aactivity%3A7348630209522229249
2025-07-09 15:38:29,LIKE,https://www.linkedin.com/feed/update/urn%3Ali%3Aactivity%3A7348707990260133889
2025-07-09 01:05:53,LIKE,https://www.linkedin.com/feed/update/urn%3Ali%3Aactivity%3A7343624030307991554
2025-07-08 21:05:07,LIKE,https://www.linkedin.com/feed/update/urn%3Ali%3Aactivity%3A7348311789991841794
2025-07-08 21:04:54,LIKE,https://www.linkedin.com/feed/update/urn%3Ali%3Aactivity%3A7347965153516113921
2025-07-08 20:01:04,LIKE,https://www.linkedin.com/feed/update/urn%3Ali%3Aactivity%3A7348322285969178627
2025-07-08 20:00:26,LIKE,https://www.linkedin.com/feed/update/urn%3Ali%3AugcPost%3A7348386914514702336?commentUrn=urn%3Ali%3Acomment%3A%28ugcPost%3A7348386914514702336%2C7348402027921657858%29
2025-07-08 19:59:15,LIKE,https://www.linkedin.com/feed/update/urn%3Ali%3Aactivity%3A7347897164154458113
2025-07-08 19:58:51,LIKE,https://www.linkedin.com/feed/update/urn%3Ali%3AugcPost%3A7347719810325143553
2025-07-08 04:44:23,LIKE,https://www.linkedin.com/feed/update/urn%3Ali%3Aactivity%3A7347317296928817152
2025-07-08 01:33:15,LIKE,https://www.linkedin.com/feed/update/urn%3Ali%3Aactivity%3A7348061822463213569
2025-07-07 20:07:51,LIKE,https://www.linkedin.com/feed/update/urn%3Ali%3Aactivity%3A7348004159125655552
2025-07-07 19:00:39,LIKE,https://www.linkedin.com/feed/update/urn%3Ali%3Aactivity%3A7348054157737558016
2025-07-07 02:54:40,LIKE,https://www.linkedin.com/feed/update/urn%3Ali%3Aactivity%3A7347763170146484224
2025-07-06 21:30:28,LIKE,https://www.linkedin.com/feed/update/urn%3Ali%3Aactivity%3A7346191713859682307
2025-07-06 20:31:39,LIKE,https://www.linkedin.com/feed/update/urn%3Ali%3Aactivity%3A7347605153186811905
2025-07-06 19:01:00,LIKE,https://www.linkedin.com/feed/update/urn%3Ali%3AugcPost%3A7345478534229880832
2025-07-06 16:50:00,LIKE,https://www.linkedin.com/feed/update/urn%3Ali%3AugcPost%3A7347587787186974720?commentUrn=urn%3Ali%3Acomment%3A%28ugcPost%3A7347587787186974720%2C7347593483085373440%29
2025-07-06 16:47:43,LIKE,https://www.linkedin.com/feed/update/urn%3Ali%3AugcPost%3A7347587787186974720?commentUrn=urn%3Ali%3Acomment%3A%28ugcPost%3A7347587787186974720%2C7347593747464908800%29
2025-07-06 16:43:43,LIKE,https://www.linkedin.com/feed/update/urn%3Ali%3AugcPost%3A7347587787186974720
2025-07-06 16:37:25,LIKE,https://www.linkedin.com/feed/update/urn%3Ali%3AugcPost%3A7343301333862510595
2025-07-05 23:10:02,LIKE,https://www.linkedin.com/feed/update/urn%3Ali%3Aactivity%3A7342841527448092672
2025-07-05 20:45:55,LIKE,https://www.linkedin.com/feed/update/urn%3Ali%3Aactivity%3A7346205736349122560
2025-07-04 22:47:15,LIKE,https://www.linkedin.com/feed/update/urn%3Ali%3Aactivity%3A7346778105249710080
2025-07-04 05:12:58,LIKE,https://www.linkedin.com/feed/update/urn%3Ali%3Aactivity%3A7346056162145918976
2025-07-04 05:12:11,LIKE,https://www.linkedin.com/feed/update/urn%3Ali%3Aactivity%3A7346588358086709248
2025-07-03 20:08:25,LIKE,https://www.linkedin.com/feed/update/urn%3Ali%3AugcPost%3A7346591254882787329
2025-07-03 18:54:17,LIKE,https://www.linkedin.com/feed/update/urn%3Ali%3Aactivity%3A7346591782568157184
2025-07-03 18:37:04,LIKE,https://www.linkedin.com/feed/update/urn%3Ali%3Aactivity%3A7346534454359715843
2025-07-03 11:09:38,LIKE,https://www.linkedin.com/feed/update/urn%3Ali%3Aactivity%3A7346122983582629888
2025-07-03 04:20:25,LIKE,https://www.linkedin.com/feed/update/urn%3Ali%3AugcPost%3A7346196042704461827
2025-07-02 01:23:29,LIKE,https://www.linkedin.com/feed/update/urn%3Ali%3Aactivity%3A7345894603855716352
2025-07-01 03:36:53,LIKE,https://www.linkedin.com/feed/update/urn%3Ali%3Aactivity%3A7345451834213367808
2025-06-29 23:54:10,LIKE,https://www.linkedin.com/feed/update/urn%3Ali%3Aactivity%3A7344765168926556160
2025-06-29 23:11:40,LIKE,https://www.linkedin.com/feed/update/urn%3Ali%3Aactivity%3A7345208026649284608?commentUrn=urn%3Ali%3Acomment%3A%28activity%3A7345208026649284608%2C7345217497198940162%29
2025-06-29 22:30:13,LIKE,https://www.linkedin.com/feed/update/urn%3Ali%3Aactivity%3A7345208026649284608
2025-06-27 21:24:07,LIKE,https://www.linkedin.com/feed/update/urn%3Ali%3Aactivity%3A7344340502588088321
2025-06-27 20:56:04,LIKE,https://www.linkedin.com/feed/update/urn%3Ali%3Aactivity%3A7344449996940869632
2025-06-26 01:52:31,LIKE,https://www.linkedin.com/feed/update/urn%3Ali%3AugcPost%3A7343703495885139968
2025-06-26 01:07:54,LIKE,https://www.linkedin.com/feed/update/urn%3Ali%3AugcPost%3A7343345498763771904
2025-06-25 20:03:00,LIKE,https://www.linkedin.com/feed/update/urn%3Ali%3Aactivity%3A7343025996305993731?commentUrn=urn%3Ali%3Acomment%3A%28activity%3A7343025996305993731%2C7343519425456705536%29
2025-06-25 04:22:20,LIKE,https://www.linkedin.com/feed/update/urn%3Ali%3Aactivity%3A7341490583418388480
2025-06-24 05:36:48,LIKE,https://www.linkedin.com/feed/update/urn%3Ali%3Aactivity%3A7342921899577933824
2025-06-24 04:04:29,LIKE,https://www.linkedin.com/feed/update/urn%3Ali%3Aactivity%3A7342988944885673984?commentUrn=urn%3Ali%3Acomment%3A%28activity%3A7342988944885673984%2C7343061089049305089%29
2025-06-24 04:04:12,LIKE,https://www.linkedin.com/feed/update/urn%3Ali%3Aactivity%3A7342988944885673984
2025-06-24 04:03:11,LIKE,https://www.linkedin.com/feed/update/urn%3Ali%3AugcPost%3A7342929071669985280
2025-06-20 01:27:33,LIKE,https://www.linkedin.com/feed/update/urn%3Ali%3Aactivity%3A7341460722221993984
2025-06-19 20:47:26,LIKE,https://www.linkedin.com/feed/update/urn%3Ali%3AugcPost%3A7341395782786301952
2025-06-18 00:49:17,LIKE,https://www.linkedin.com/feed/update/urn%3Ali%3Aactivity%3A7340882746619138048
2025-06-17 21:48:32,LIKE,https://www.linkedin.com/feed/update/urn%3Ali%3Aactivity%3A7338791477516328960
2025-06-15 04:50:52,LIKE,https://www.linkedin.com/feed/update/urn%3Ali%3Aactivity%3A7339190607153668097
2025-06-15 04:24:47,LIKE,https://www.linkedin.com/feed/update/urn%3Ali%3Aactivity%3A7339264844220526592
2025-06-15 04:24:24,LIKE,https://www.linkedin.com/feed/update/urn%3Ali%3Aactivity%3A7338590360857624579
2025-06-13 18:44:59,LIKE,https://www.linkedin.com/feed/update/urn%3Ali%3AugcPost%3A7339042975399731200
2025-06-13 14:21:42,LIKE,https://www.linkedin.com/feed/update/urn%3Ali%3Aactivity%3A7339284195703201792
2025-06-13 00:30:03,LIKE,https://www.linkedin.com/feed/update/urn%3Ali%3Aactivity%3A7339046115909984275
2025-06-13 00:14:34,LIKE,https://www.linkedin.com/feed/update/urn%3Ali%3Aactivity%3A7339015649232375808
2025-06-12 17:54:20,LIKE,https://www.linkedin.com/feed/update/urn%3Ali%3Aactivity%3A7338947138258669568
2025-06-12 14:40:49,LIKE,https://www.linkedin.com/feed/update/urn%3Ali%3Aactivity%3A7338913010062700545
2025-06-11 23:23:44,LIKE,https://www.linkedin.com/feed/update/urn%3Ali%3Aactivity%3A7338640167831818240
2025-06-11 19:46:19,LIKE,https://www.linkedin.com/feed/update/urn%3Ali%3Aactivity%3A7237102498447056897
2025-06-11 19:44:09,LIKE,https://www.linkedin.com/feed/update/urn%3Ali%3Aactivity%3A7338504247639953408
2025-06-11 05:36:39,LIKE,https://www.linkedin.com/feed/update/urn%3Ali%3Aactivity%3A7337448903941767168
2025-06-10 23:29:46,LIKE,https://www.linkedin.com/feed/update/urn%3Ali%3Aactivity%3A7338341304977760259
2025-06-10 19:54:24,LIKE,https://www.linkedin.com/feed/update/urn%3Ali%3Aactivity%3A7336044264264519680
2025-06-10 19:52:45,LIKE,https://www.linkedin.com/feed/update/urn%3Ali%3AugcPost%3A7338124184222388225
2025-06-10 19:52:24,LIKE,https://www.linkedin.com/feed/update/urn%3Ali%3AugcPost%3A7338257343668736000
2025-06-10 18:21:57,LIKE,https://www.linkedin.com/feed/update/urn%3Ali%3Aactivity%3A7338264657247223810
2025-06-10 14:50:45,LIKE,https://www.linkedin.com/feed/update/urn%3Ali%3Aactivity%3A7337781399971577858
2025-06-08 18:33:50,LIKE,https://www.linkedin.com/feed/update/urn%3Ali%3Aactivity%3A7337435938190413824
2025-06-08 18:29:36,LIKE,https://www.linkedin.com/feed/update/urn%3Ali%3Aactivity%3A7337508060015325184
2025-06-08 03:01:55,LIKE,https://www.linkedin.com/feed/update/urn%3Ali%3AugcPost%3A7337101634428194818
2025-06-07 02:54:20,LIKE,https://www.linkedin.com/feed/update/urn%3Ali%3AugcPost%3A7333552660953927682
2025-06-07 02:53:54,LIKE,https://www.linkedin.com/feed/update/urn%3Ali%3AugcPost%3A7336655609506787328
2025-06-07 01:39:49,LIKE,https://www.linkedin.com/feed/update/urn%3Ali%3AugcPost%3A7336910946562359297
2025-06-06 15:51:39,LIKE,https://www.linkedin.com/feed/update/urn%3Ali%3Aactivity%3A7336754195133353984
2025-06-06 00:38:36,LIKE,https://www.linkedin.com/feed/update/urn%3Ali%3Aactivity%3A7335091815991152641
2025-06-05 21:17:57,LIKE,https://www.linkedin.com/feed/update/urn%3Ali%3AugcPost%3A7336457316847796224
2025-06-05 15:40:34,LIKE,https://www.linkedin.com/feed/update/urn%3Ali%3Aactivity%3A7336284946799435776?commentUrn=urn%3Ali%3Acomment%3A%28activity%3A7336284946799435776%2C7336380720795320320%29
2025-06-05 15:40:12,LIKE,https://www.linkedin.com/feed/update/urn%3Ali%3Aactivity%3A7336284946799435776
2025-06-04 09:23:23,LIKE,https://www.linkedin.com/feed/update/urn%3Ali%3Aactivity%3A7333499804225810433
2025-06-04 08:56:38,LIKE,https://www.linkedin.com/feed/update/urn%3Ali%3Aactivity%3A7333196293109948416
2025-06-04 03:40:32,LIKE,https://www.linkedin.com/feed/update/urn%3Ali%3Aactivity%3A7335835078981300225
2025-06-04 02:35:32,LIKE,https://www.linkedin.com/feed/update/urn%3Ali%3Aactivity%3A7335670830728732674
2025-06-04 00:09:18,LIKE,https://www.linkedin.com/feed/update/urn%3Ali%3Aactivity%3A7335476368899510273
2025-06-03 21:18:25,LIKE,https://www.linkedin.com/feed/update/urn%3Ali%3Aactivity%3A7335285313465978880
2025-06-03 06:54:55,LIKE,https://www.linkedin.com/feed/update/urn%3Ali%3Aactivity%3A7335517353092231168
2025-06-03 05:34:20,LIKE,https://www.linkedin.com/feed/update/urn%3Ali%3Aactivity%3A7335327124645388294
2025-06-02 23:17:43,LIKE,https://www.linkedin.com/feed/update/urn%3Ali%3AugcPost%3A7335407352000499713?commentUrn=urn%3Ali%3Acomment%3A%28ugcPost%3A7335407352000499713%2C7335429630792777728%29
2025-06-02 21:10:36,LIKE,https://www.linkedin.com/feed/update/urn%3Ali%3Aactivity%3A7335327015903916032
2025-05-30 22:58:27,LIKE,https://www.linkedin.com/feed/update/urn%3Ali%3Aactivity%3A7334151594151677952
2025-05-29 23:57:53,LIKE,https://www.linkedin.com/feed/update/urn%3Ali%3AugcPost%3A7302041876050698240
2025-05-29 23:55:32,LIKE,https://www.linkedin.com/feed/update/urn%3Ali%3AugcPost%3A7333911093632831488
2025-05-29 02:51:48,LIKE,https://www.linkedin.com/feed/update/urn%3Ali%3Aactivity%3A7333492259318906881
2025-05-29 02:51:19,LIKE,https://www.linkedin.com/feed/update/urn%3Ali%3Aactivity%3A7333574463155847168
2025-05-29 02:50:19,LIKE,https://www.linkedin.com/feed/update/urn%3Ali%3Aactivity%3A7333099685252890627
2025-05-29 02:49:43,LIKE,https://www.linkedin.com/feed/update/urn%3Ali%3Aactivity%3A7333619017980530689
2025-05-29 02:49:02,LIKE,https://www.linkedin.com/feed/update/urn%3Ali%3AugcPost%3A7333573311722831872
2025-05-28 02:18:19,LIKE,https://www.linkedin.com/feed/update/urn%3Ali%3Aactivity%3A7333173740639240193
2025-05-27 04:14:49,LIKE,https://www.linkedin.com/feed/update/urn%3Ali%3Aactivity%3A7332965984334422016
2025-05-27 03:59:02,LIKE,https://www.linkedin.com/feed/update/urn%3Ali%3Aactivity%3A7332757064642932736
2025-05-26 23:23:52,LIKE,https://www.linkedin.com/feed/update/urn%3Ali%3Aactivity%3A7332820569823879169
2025-05-26 06:47:41,LIKE,https://www.linkedin.com/feed/update/urn%3Ali%3Aactivity%3A7331665479075254274
2025-05-26 05:26:26,LIKE,https://www.linkedin.com/feed/update/urn%3Ali%3Aactivity%3A7332631576087805953
2025-05-24 20:41:53,LIKE,https://www.linkedin.com/feed/update/urn%3Ali%3AugcPost%3A7331878932113174528
2025-05-23 19:01:27,LIKE,https://www.linkedin.com/feed/update/urn%3Ali%3AugcPost%3A7331720850112458753
2025-05-23 03:25:15,LIKE,https://www.linkedin.com/feed/update/urn%3Ali%3Aactivity%3A7331515832604262400
2025-05-22 22:49:27,LIKE,https://www.linkedin.com/feed/update/urn%3Ali%3AugcPost%3A7328834504427466752
2025-05-22 19:42:33,LIKE,https://www.linkedin.com/feed/update/urn%3Ali%3AugcPost%3A7330971906503856130
2025-05-21 20:59:19,LIKE,https://www.linkedin.com/feed/update/urn%3Ali%3Aactivity%3A7330986600580968449
2025-05-21 00:02:44,ENTERTAINMENT,https://www.linkedin.com/feed/update/urn%3Ali%3AugcPost%3A7330739755107737600
2025-05-20 22:25:36,LIKE,https://www.linkedin.com/feed/update/urn%3Ali%3Aactivity%3A7330261271876947970
2025-05-20 15:01:34,LIKE,https://www.linkedin.com/feed/update/urn%3Ali%3AgroupPost%3A14114059-7329646747700416513
2025-05-18 04:53:49,PRAISE,https://www.linkedin.com/feed/update/urn%3Ali%3Aactivity%3A7329712981020233729
2025-05-16 23:21:36,LIKE,https://www.linkedin.com/feed/update/urn%3Ali%3AgroupPost%3A2153908-7329281064957300736
2025-05-16 20:15:34,LIKE,https://www.linkedin.com/feed/update/urn%3Ali%3Aactivity%3A7329217336777871362
2025-05-15 07:57:59,LIKE,https://www.linkedin.com/feed/update/urn%3Ali%3Aactivity%3A7328683088232738817
2025-05-14 16:01:19,LIKE,https://www.linkedin.com/feed/update/urn%3Ali%3AugcPost%3A7328131713660772353
2025-05-14 15:11:08,LIKE,https://www.linkedin.com/feed/update/urn%3Ali%3Aactivity%3A7328425477147115520
2025-05-14 15:09:30,LIKE,https://www.linkedin.com/feed/update/urn%3Ali%3Aactivity%3A7328411324495904768
2025-05-14 01:24:47,LIKE,https://www.linkedin.com/feed/update/urn%3Ali%3Aactivity%3A7326613979353571328
2025-05-13 17:07:13,LIKE,https://www.linkedin.com/feed/update/urn%3Ali%3AugcPost%3A7328074145299161089
2025-05-13 01:49:41,LIKE,https://www.linkedin.com/feed/update/urn%3Ali%3Aactivity%3A7327798851774394369
2025-05-12 23:17:45,LIKE,https://www.linkedin.com/feed/update/urn%3Ali%3Aactivity%3A7327821428530057216
2025-05-12 21:11:52,LIKE,https://www.linkedin.com/feed/update/urn%3Ali%3Aactivity%3A7327681214302109712
2025-05-12 20:54:28,LIKE,https://www.linkedin.com/feed/update/urn%3Ali%3AugcPost%3A7323330624256167936?commentUrn=urn%3Ali%3Acomment%3A%28ugcPost%3A7323330624256167936%2C7327793127539310592%29
2025-05-12 20:44:29,LIKE,https://www.linkedin.com/feed/update/urn%3Ali%3Aactivity%3A7327784797689303040
2025-05-12 19:10:36,LIKE,https://www.linkedin.com/feed/update/urn%3Ali%3Aactivity%3A7327724296456278017
2025-05-12 08:45:52,LIKE,https://www.linkedin.com/feed/update/urn%3Ali%3AugcPost%3A7326808621550317568
2025-05-12 08:42:27,LIKE,https://www.linkedin.com/feed/update/urn%3Ali%3AugcPost%3A7327525671671398401?commentUrn=urn%3Ali%3Acomment%3A%28ugcPost%3A7327525671671398401%2C7327541850926411776%29
2025-05-12 08:41:59,LIKE,https://www.linkedin.com/feed/update/urn%3Ali%3AugcPost%3A7327525671671398401
2025-05-10 20:38:07,LIKE,https://www.linkedin.com/feed/update/urn%3Ali%3Aactivity%3A7326762523351740416
2025-05-10 11:14:50,LIKE,https://www.linkedin.com/feed/update/urn%3Ali%3Aactivity%3A7326856023044976642
2025-05-10 01:22:38,LIKE,https://www.linkedin.com/feed/update/urn%3Ali%3Aactivity%3A7325685810928717825
2025-05-10 01:17:44,LIKE,https://www.linkedin.com/feed/update/urn%3Ali%3Aactivity%3A7326565634694107138?commentUrn=urn%3Ali%3Acomment%3A%28activity%3A7326565634694107138%2C7326569769451601920%29
2025-05-10 01:17:02,LIKE,https://www.linkedin.com/feed/update/urn%3Ali%3Aactivity%3A7326565634694107138
2025-05-07 23:32:49,LIKE,https://www.linkedin.com/feed/update/urn%3Ali%3Aactivity%3A7325912346051129344
2025-05-07 17:06:18,LIKE,https://www.linkedin.com/feed/update/urn%3Ali%3Aactivity%3A7325904341003919361
2025-05-07 06:55:50,LIKE,https://www.linkedin.com/feed/update/urn%3Ali%3Aactivity%3A7325689023664898049
2025-05-06 07:13:04,LIKE,https://www.linkedin.com/feed/update/urn%3Ali%3Aactivity%3A7325141218781270016
2025-05-06 04:16:39,LIKE,https://www.linkedin.com/feed/update/urn%3Ali%3Aactivity%3A7235004418440450048
2025-05-05 16:23:29,LIKE,https://www.linkedin.com/feed/update/urn%3Ali%3Aactivity%3A7325173686741671937
2025-05-05 11:41:44,LIKE,https://www.linkedin.com/feed/update/urn%3Ali%3Aactivity%3A7323099994197045248
2025-05-04 19:21:14,LIKE,https://www.linkedin.com/feed/update/urn%3Ali%3Aactivity%3A7324869303806189569
2025-05-03 21:37:27,LIKE,https://www.linkedin.com/feed/update/urn%3Ali%3Aactivity%3A7324496525961650178
2025-05-03 01:41:38,LIKE,https://www.linkedin.com/feed/update/urn%3Ali%3Aactivity%3A7324095075334955009
2025-05-02 20:41:20,LIKE,https://www.linkedin.com/feed/update/urn%3Ali%3Aactivity%3A7324165585985040384
2025-05-02 17:41:25,LIKE,https://www.linkedin.com/feed/update/urn%3Ali%3Aactivity%3A7324116000415641600
2025-05-02 16:44:00,LIKE,https://www.linkedin.com/feed/update/urn%3Ali%3Aactivity%3A7323746276997484544
2025-05-02 16:43:40,LIKE,https://www.linkedin.com/feed/update/urn%3Ali%3AugcPost%3A7323742628150181889
2025-05-02 15:22:44,LIKE,https://www.linkedin.com/feed/update/urn%3Ali%3Aactivity%3A7324043751931211776
2025-05-02 15:22:08,LIKE,https://www.linkedin.com/feed/update/urn%3Ali%3Aactivity%3A7324088816024096768
2025-05-02 07:28:53,LIKE,https://www.linkedin.com/feed/update/urn%3Ali%3Aactivity%3A7323956653131735040
2025-05-01 22:02:58,LIKE,https://www.linkedin.com/feed/update/urn%3Ali%3Aactivity%3A7323724132573933568
2025-05-01 20:51:11,LIKE,https://www.linkedin.com/feed/update/urn%3Ali%3Aactivity%3A7323681363050512384
2025-05-01 07:48:06,LIKE,https://www.linkedin.com/feed/update/urn%3Ali%3AugcPost%3A7323539559902797824
2025-05-01 04:44:18,LIKE,https://www.linkedin.com/feed/update/urn%3Ali%3Aactivity%3A7321518355771797504
2025-05-01 02:17:10,LIKE,https://www.linkedin.com/feed/update/urn%3Ali%3Aactivity%3A7323521631065100289
2025-05-01 00:52:39,LIKE,https://www.linkedin.com/feed/update/urn%3Ali%3AugcPost%3A7323400982611034112
2025-05-01 00:24:25,LIKE,https://www.linkedin.com/feed/update/urn%3Ali%3Aactivity%3A7323034485829074944
2025-04-30 15:52:09,LIKE,https://www.linkedin.com/feed/update/urn%3Ali%3Aactivity%3A7323322796162371584?commentUrn=urn%3Ali%3Acomment%3A%28activity%3A7323322796162371584%2C7323357395517165569%29
2025-04-30 14:41:35,LIKE,https://www.linkedin.com/feed/update/urn%3Ali%3Aactivity%3A7318660992484184066
2025-04-30 14:21:38,LIKE,https://www.linkedin.com/feed/update/urn%3Ali%3Aactivity%3A7323322796162371584?commentUrn=urn%3Ali%3Acomment%3A%28activity%3A7323322796162371584%2C7323345888028880897%29
2025-04-30 14:21:32,LIKE,https://www.linkedin.com/feed/update/urn%3Ali%3Aactivity%3A7323322796162371584?commentUrn=urn%3Ali%3Acomment%3A%28activity%3A7323322796162371584%2C7323345499493720064%29
2025-04-30 14:21:28,LIKE,https://www.linkedin.com/feed/update/urn%3Ali%3Aactivity%3A7323322796162371584?commentUrn=urn%3Ali%3Acomment%3A%28activity%3A7323322796162371584%2C7323349584045395969%29
2025-04-30 14:20:28,LIKE,https://www.linkedin.com/feed/update/urn%3Ali%3Aactivity%3A7323322796162371584?commentUrn=urn%3Ali%3Acomment%3A%28activity%3A7323322796162371584%2C7323342060676186112%29
2025-04-30 14:17:19,LIKE,https://www.linkedin.com/feed/update/urn%3Ali%3Aactivity%3A7323322796162371584
2025-04-29 20:49:17,LIKE,https://www.linkedin.com/feed/update/urn%3Ali%3AugcPost%3A7323031733640036352
2025-04-29 16:52:03,LIKE,https://www.linkedin.com/feed/update/urn%3Ali%3Aactivity%3A7322975753971642368
2025-04-29 16:52:00,LIKE,https://www.linkedin.com/feed/update/urn%3Ali%3Aactivity%3A7322975753971642368?commentUrn=urn%3Ali%3Acomment%3A%28activity%3A7322975753971642368%2C7323021265693233153%29
2025-04-29 16:51:24,LIKE,https://www.linkedin.com/feed/update/urn%3Ali%3Aactivity%3A7322975753971642368?commentUrn=urn%3Ali%3Acomment%3A%28activity%3A7322975753971642368%2C7323022085885210626%29
2025-04-29 09:30:41,LIKE,https://www.linkedin.com/feed/update/urn%3Ali%3Aactivity%3A7322735393961889792?commentUrn=urn%3Ali%3Acomment%3A%28activity%3A7322735393961889792%2C7322888172072222721%29
2025-04-29 01:27:16,LIKE,https://www.linkedin.com/feed/update/urn%3Ali%3Aactivity%3A7322743692560060417
2025-04-29 00:38:06,LIKE,https://www.linkedin.com/feed/update/urn%3Ali%3Aactivity%3A7322710878414417920
2025-04-28 23:58:17,LIKE,https://www.linkedin.com/feed/update/urn%3Ali%3AgroupPost%3A10350239-7322744458259615745
2025-04-28 21:33:47,LIKE,https://www.linkedin.com/feed/update/urn%3Ali%3Aactivity%3A7322643477098340354
2025-04-28 20:28:13,LIKE,https://www.linkedin.com/feed/update/urn%3Ali%3Aactivity%3A7322560534824865792?commentUrn=urn%3Ali%3Acomment%3A%28activity%3A7322560534824865792%2C7322690047550312449%29
2025-04-27 22:18:30,LIKE,https://www.linkedin.com/feed/update/urn%3Ali%3Aactivity%3A7320072149078089728
2025-04-26 09:54:11,LIKE,https://www.linkedin.com/feed/update/urn%3Ali%3Aactivity%3A7321320007999668224
2025-04-26 08:42:57,LIKE,https://www.linkedin.com/feed/update/urn%3Ali%3Aactivity%3A7320858689584746496?commentUrn=urn%3Ali%3Acomment%3A%28activity%3A7320858689584746496%2C7321298353332396032%29
2025-04-26 05:32:25,LIKE,https://www.linkedin.com/feed/update/urn%3Ali%3Aactivity%3A7319370444883582976
2025-04-26 02:16:15,LIKE,https://www.linkedin.com/feed/update/urn%3Ali%3Aactivity%3A7312806029195370497
2025-04-26 01:41:08,LIKE,https://www.linkedin.com/feed/update/urn%3Ali%3Aactivity%3A7321518345130807296?commentUrn=urn%3Ali%3Acomment%3A%28activity%3A7321518345130807296%2C7321707465773838337%29
2025-04-26 01:41:06,LIKE,https://www.linkedin.com/feed/update/urn%3Ali%3Aactivity%3A7321518345130807296?commentUrn=urn%3Ali%3Acomment%3A%28activity%3A7321518345130807296%2C7321702477043511297%29
2025-04-26 01:39:29,LIKE,https://www.linkedin.com/feed/update/urn%3Ali%3Aactivity%3A7321172130958594050
2025-04-25 19:31:09,LIKE,https://www.linkedin.com/feed/update/urn%3Ali%3Aactivity%3A7321612944268529664
2025-04-25 18:19:45,LIKE,https://www.linkedin.com/feed/update/urn%3Ali%3Aactivity%3A7320348137229873154
2025-04-25 16:17:30,LIKE,https://www.linkedin.com/feed/update/urn%3Ali%3Aactivity%3A7321518345130807296
2025-04-24 18:29:53,LIKE,https://www.linkedin.com/feed/update/urn%3Ali%3Aactivity%3A7321181545048821760
2025-04-24 18:28:11,LIKE,https://www.linkedin.com/feed/update/urn%3Ali%3AugcPost%3A7321159638261944320
2025-04-24 18:27:16,LIKE,https://www.linkedin.com/feed/update/urn%3Ali%3Aactivity%3A7321141271186550784?commentUrn=urn%3Ali%3Acomment%3A%28activity%3A7321141271186550784%2C7321150402253475840%29
2025-04-24 16:13:48,LIKE,https://www.linkedin.com/feed/update/urn%3Ali%3Aactivity%3A7320963581296992256
2025-04-24 05:30:28,LIKE,https://www.linkedin.com/feed/update/urn%3Ali%3Aactivity%3A7320858689584746496?commentUrn=urn%3Ali%3Acomment%3A%28activity%3A7320858689584746496%2C7320861182947389442%29
2025-04-24 05:30:15,LIKE,https://www.linkedin.com/feed/update/urn%3Ali%3Aactivity%3A7320858689584746496?commentUrn=urn%3Ali%3Acomment%3A%28activity%3A7320858689584746496%2C7320860120001757184%29
2025-04-24 05:29:46,LIKE,https://www.linkedin.com/feed/update/urn%3Ali%3Aactivity%3A7320858689584746496?commentUrn=urn%3Ali%3Acomment%3A%28activity%3A7320858689584746496%2C7320860237492629505%29
2025-04-24 05:26:02,LIKE,https://www.linkedin.com/feed/update/urn%3Ali%3Aactivity%3A7320858689584746496
2025-04-24 00:05:04,LIKE,https://www.linkedin.com/feed/update/urn%3Ali%3AugcPost%3A7320858170862510094
2025-04-23 21:00:44,LIKE,https://www.linkedin.com/feed/update/urn%3Ali%3Aactivity%3A7320860478157512705
2025-04-23 18:22:27,LIKE,https://www.linkedin.com/feed/update/urn%3Ali%3AugcPost%3A7316269600789131267?commentUrn=urn%3Ali%3Acomment%3A%28ugcPost%3A7316269600789131267%2C7316575341110521857%29
2025-04-23 18:22:21,LIKE,https://www.linkedin.com/feed/update/urn%3Ali%3AugcPost%3A7316269600789131267?commentUrn=urn%3Ali%3Acomment%3A%28ugcPost%3A7316269600789131267%2C7319335718500143104%29
2025-04-23 01:19:44,LIKE,https://www.linkedin.com/feed/update/urn%3Ali%3Aactivity%3A7320528174704902146
2025-04-21 23:00:10,LIKE,https://www.linkedin.com/feed/update/urn%3Ali%3Aactivity%3A7318644726734221312
2025-04-21 20:03:33,LIKE,https://www.linkedin.com/feed/update/urn%3Ali%3Aactivity%3A7320088591559188482
2025-04-20 18:32:47,LIKE,https://www.linkedin.com/feed/update/urn%3Ali%3AugcPost%3A7311134323640840192
2025-04-19 23:28:21,LIKE,https://www.linkedin.com/feed/update/urn%3Ali%3Aactivity%3A7319351574785347584?commentUrn=urn%3Ali%3Acomment%3A%28activity%3A7319351574785347584%2C7319438548619718660%29
2025-04-19 18:05:59,LIKE,https://www.linkedin.com/feed/update/urn%3Ali%3Aactivity%3A7319351574785347584
2025-04-19 01:48:33,LIKE,https://www.linkedin.com/feed/update/urn%3Ali%3Aactivity%3A7319171677634842624
2025-04-19 01:37:39,LIKE,https://www.linkedin.com/feed/update/urn%3Ali%3Aactivity%3A7319139639854862336?commentUrn=urn%3Ali%3Acomment%3A%28activity%3A7319139639854862336%2C7319148442293788672%29
2025-04-19 01:37:32,LIKE,https://www.linkedin.com/feed/update/urn%3Ali%3Aactivity%3A7319139639854862336?commentUrn=urn%3Ali%3Acomment%3A%28activity%3A7319139639854862336%2C7319168214662352896%29
2025-04-19 00:50:33,LIKE,https://www.linkedin.com/feed/update/urn%3Ali%3Aactivity%3A7319139639854862336?commentUrn=urn%3Ali%3Acomment%3A%28activity%3A7319139639854862336%2C7319146274652372992%29
2025-04-19 00:49:57,LIKE,https://www.linkedin.com/feed/update/urn%3Ali%3Aactivity%3A7316839359662436353
2025-04-19 00:03:48,LIKE,https://www.linkedin.com/feed/update/urn%3Ali%3Aactivity%3A7319148053267972096
2025-04-18 23:49:46,LIKE,https://www.linkedin.com/feed/update/urn%3Ali%3AugcPost%3A7318550860366569472
2025-04-18 22:22:42,LIKE,https://www.linkedin.com/feed/update/urn%3Ali%3Aactivity%3A7319074862478639105
2025-04-18 18:14:15,LIKE,https://www.linkedin.com/feed/update/urn%3Ali%3Aactivity%3A7315705796892254209?commentUrn=urn%3Ali%3Acomment%3A%28activity%3A7315705796892254209%2C7315830670742720512%29
2025-04-17 04:39:12,LIKE,https://www.linkedin.com/feed/update/urn%3Ali%3Aactivity%3A7318264429052133376
2025-04-16 16:07:23,LIKE,https://www.linkedin.com/feed/update/urn%3Ali%3Aactivity%3A7318290836662710272
2025-04-16 07:08:42,LIKE,https://www.linkedin.com/feed/update/urn%3Ali%3Aactivity%3A7318154207704842241
2025-04-16 04:52:44,LIKE,https://www.linkedin.com/feed/update/urn%3Ali%3AugcPost%3A7318117715498459136
2025-04-16 03:11:27,LIKE,https://www.linkedin.com/feed/update/urn%3Ali%3Aactivity%3A7318092631102640128
2025-04-16 00:56:50,LIKE,https://www.linkedin.com/feed/update/urn%3Ali%3Aactivity%3A7316444955550392321
2025-04-15 23:49:25,LIKE,https://www.linkedin.com/feed/update/urn%3Ali%3Aactivity%3A7313195179480342531
2025-04-14 18:13:00,LIKE,https://www.linkedin.com/feed/update/urn%3Ali%3AugcPost%3A7317558901447487490?commentUrn=urn%3Ali%3Acomment%3A%28ugcPost%3A7317558901447487490%2C7317583459210702849%29
2025-04-14 18:11:43,LIKE,https://www.linkedin.com/feed/update/urn%3Ali%3AugcPost%3A7317558901447487490?commentUrn=urn%3Ali%3Acomment%3A%28ugcPost%3A7317558901447487490%2C7317559396262191105%29
2025-04-14 14:34:39,LIKE,https://www.linkedin.com/feed/update/urn%3Ali%3Aactivity%3A7317513214986989568
2025-04-14 12:42:00,LIKE,https://www.linkedin.com/feed/update/urn%3Ali%3Aactivity%3A7316677573688643584?commentUrn=urn%3Ali%3Acomment%3A%28activity%3A7316677573688643584%2C7317451551348850688%29
2025-04-14 06:16:23,LIKE,https://www.linkedin.com/feed/update/urn%3Ali%3Aactivity%3A7315406239482486784
2025-04-12 04:39:09,LIKE,https://www.linkedin.com/feed/update/urn%3Ali%3Aactivity%3A7316677573688643584
2025-04-12 02:24:47,LIKE,https://www.linkedin.com/feed/update/urn%3Ali%3Aactivity%3A7316535616295378945
2025-04-12 00:34:22,LIKE,https://www.linkedin.com/feed/update/urn%3Ali%3Aactivity%3A7316444925351325696
2025-04-12 00:03:56,LIKE,https://www.linkedin.com/feed/update/urn%3Ali%3AugcPost%3A7301055402979254272
2025-04-11 23:07:28,LIKE,https://www.linkedin.com/feed/update/urn%3Ali%3Aactivity%3A7316073901376045056
2025-04-11 20:07:13,LIKE,https://www.linkedin.com/feed/update/urn%3Ali%3Aactivity%3A7316475765175304193
2025-04-11 03:16:24,LIKE,https://www.linkedin.com/feed/update/urn%3Ali%3Aactivity%3A7316188374115971073
2025-04-10 18:19:41,LIKE,https://www.linkedin.com/feed/update/urn%3Ali%3Aactivity%3A7316111635566260228
2025-04-09 18:50:29,LIKE,https://www.linkedin.com/feed/update/urn%3Ali%3AugcPost%3A7315801086454386707
2025-04-09 18:17:06,LIKE,https://www.linkedin.com/feed/update/urn%3Ali%3Aactivity%3A7315780552677019648
2025-04-09 17:32:30,LIKE,https://www.linkedin.com/feed/update/urn%3Ali%3Aactivity%3A7315720185431171074
2025-04-09 12:30:02,LIKE,https://www.linkedin.com/feed/update/urn%3Ali%3Aactivity%3A7315311203709345795
2025-04-09 10:34:48,LIKE,https://www.linkedin.com/feed/update/urn%3Ali%3Aactivity%3A7315109053607596032
2025-04-08 23:04:05,LIKE,https://www.linkedin.com/feed/update/urn%3Ali%3Aactivity%3A7315372922469076993
2025-04-08 23:00:26,LIKE,https://www.linkedin.com/feed/update/urn%3Ali%3Aactivity%3A7315112117836091392
2025-04-08 23:00:05,LIKE,https://www.linkedin.com/feed/update/urn%3Ali%3AugcPost%3A7315094135349096448
2025-04-08 22:24:26,LIKE,https://www.linkedin.com/feed/update/urn%3Ali%3Aactivity%3A7315463674863800320
2025-04-08 18:32:28,LIKE,https://www.linkedin.com/feed/update/urn%3Ali%3Aactivity%3A7315425874437107712
2025-04-08 14:25:48,LIKE,https://www.linkedin.com/feed/update/urn%3Ali%3Aactivity%3A7315327785739198464
2025-04-08 07:48:29,LIKE,https://www.linkedin.com/feed/update/urn%3Ali%3Aactivity%3A7308899731991146496
2025-04-08 04:07:40,LIKE,https://www.linkedin.com/feed/update/urn%3Ali%3Aactivity%3A7315018026121154560
2025-04-07 14:51:08,LIKE,https://www.linkedin.com/feed/update/urn%3Ali%3Aactivity%3A7315008387585355776
2025-04-06 01:42:03,LIKE,https://www.linkedin.com/feed/update/urn%3Ali%3Aactivity%3A7314285111619854337
2025-04-04 22:13:48,LIKE,https://www.linkedin.com/feed/update/urn%3Ali%3Aactivity%3A7313553694128525313?commentUrn=urn%3Ali%3Acomment%3A%28activity%3A7313553694128525313%2C7313568703546097664%29
2025-04-04 17:16:39,LIKE,https://www.linkedin.com/feed/update/urn%3Ali%3AugcPost%3A7313950679230828544
2025-04-04 16:56:12,LIKE,https://www.linkedin.com/feed/update/urn%3Ali%3AugcPost%3A7313940504079937541
2025-04-04 07:13:01,LIKE,https://www.linkedin.com/feed/update/urn%3Ali%3Aactivity%3A7313806282434490368
2025-04-04 02:09:58,LIKE,https://www.linkedin.com/feed/update/urn%3Ali%3Aactivity%3A7313607560400367616
2025-04-03 23:59:05,LIKE,https://www.linkedin.com/feed/update/urn%3Ali%3Aactivity%3A7312948877471473664
2025-04-03 23:48:31,LIKE,https://www.linkedin.com/feed/update/urn%3Ali%3Aactivity%3A7313553694128525313
2025-04-03 07:49:44,LIKE,https://www.linkedin.com/feed/update/urn%3Ali%3Aactivity%3A7313259895305228288
2025-04-02 09:45:03,LIKE,https://www.linkedin.com/feed/update/urn%3Ali%3Aactivity%3A7313100431214215168
2025-04-02 04:07:16,LIKE,https://www.linkedin.com/feed/update/urn%3Ali%3Aactivity%3A7311978027083575296
2025-04-02 03:40:22,LIKE,https://www.linkedin.com/feed/update/urn%3Ali%3AugcPost%3A7312862276833746947
2025-04-01 23:26:09,LIKE,https://www.linkedin.com/feed/update/urn%3Ali%3Aactivity%3A7312962343104114688
2025-04-01 18:30:55,LIKE,https://www.linkedin.com/feed/update/urn%3Ali%3AugcPost%3A7312833460140662784
2025-04-01 09:06:52,LIKE,https://www.linkedin.com/feed/update/urn%3Ali%3Aactivity%3A7312599592032706560
2025-04-01 06:00:35,LIKE,https://www.linkedin.com/feed/update/urn%3Ali%3Aactivity%3A7312614713849200643
2025-04-01 02:57:39,LIKE,https://www.linkedin.com/feed/update/urn%3Ali%3Aactivity%3A7312605857576374272?commentUrn=urn%3Ali%3Acomment%3A%28activity%3A7312605857576374272%2C7312662899708026880%29
2025-04-01 02:57:24,LIKE,https://www.linkedin.com/feed/update/urn%3Ali%3Aactivity%3A7312443619947212800
2025-04-01 01:59:50,LIKE,https://www.linkedin.com/feed/update/urn%3Ali%3Aactivity%3A7309958885929304065
2025-04-01 00:59:19,LIKE,https://www.linkedin.com/feed/update/urn%3Ali%3AugcPost%3A7311994742395871232?commentUrn=urn%3Ali%3Acomment%3A%28ugcPost%3A7311994742395871232%2C7312026658331357184%29
2025-04-01 00:59:16,LIKE,https://www.linkedin.com/feed/update/urn%3Ali%3AugcPost%3A7311994742395871232?commentUrn=urn%3Ali%3Acomment%3A%28ugcPost%3A7311994742395871232%2C7312139646128332800%29
2025-04-01 00:58:58,LIKE,https://www.linkedin.com/feed/update/urn%3Ali%3AugcPost%3A7311994742395871232?commentUrn=urn%3Ali%3Acomment%3A%28ugcPost%3A7311994742395871232%2C7312613847524102149%29
2025-03-31 23:07:04,LIKE,https://www.linkedin.com/feed/update/urn%3Ali%3Aactivity%3A7312605857576374272
2025-03-31 15:41:45,LIKE,https://www.linkedin.com/feed/update/urn%3Ali%3Aactivity%3A7312493257416974336
2025-03-31 12:18:27,LIKE,https://www.linkedin.com/feed/update/urn%3Ali%3Aactivity%3A7312439382764867584
2025-03-31 12:02:02,LIKE,https://www.linkedin.com/feed/update/urn%3Ali%3Aactivity%3A7307747695312404482
2025-03-31 10:48:51,LIKE,https://www.linkedin.com/feed/update/urn%3Ali%3Aactivity%3A7312223651599187970
2025-03-31 10:48:28,LIKE,https://www.linkedin.com/feed/update/urn%3Ali%3AugcPost%3A7310323387841630209
2025-03-31 02:27:16,LIKE,https://www.linkedin.com/feed/update/urn%3Ali%3Aactivity%3A7309167257723490304
2025-03-31 02:04:57,LIKE,https://www.linkedin.com/feed/update/urn%3Ali%3Aactivity%3A7312143275019116545
2025-03-30 22:24:31,LIKE,https://www.linkedin.com/feed/update/urn%3Ali%3Aactivity%3A7312066308777353217
2025-03-30 22:20:38,LIKE,https://www.linkedin.com/feed/update/urn%3Ali%3AugcPost%3A7312194521956556800
2025-03-30 15:08:34,LIKE,https://www.linkedin.com/feed/update/urn%3Ali%3Aactivity%3A7312115137564286976
2025-03-30 15:08:29,LIKE,https://www.linkedin.com/feed/update/urn%3Ali%3Aactivity%3A7312118531825803264
2025-03-30 15:08:06,LIKE,https://www.linkedin.com/feed/update/urn%3Ali%3AugcPost%3A7311994742395871232?commentUrn=urn%3Ali%3Acomment%3A%28ugcPost%3A7311994742395871232%2C7312068471620562944%29
2025-03-30 15:07:41,LIKE,https://www.linkedin.com/feed/update/urn%3Ali%3AugcPost%3A7311994742395871232?commentUrn=urn%3Ali%3Acomment%3A%28ugcPost%3A7311994742395871232%2C7312073768363864064%29
2025-03-30 15:06:41,LIKE,https://www.linkedin.com/feed/update/urn%3Ali%3Aactivity%3A7312092404361183232
2025-03-30 09:03:35,LIKE,https://www.linkedin.com/feed/update/urn%3Ali%3Aactivity%3A7310708195285520407?commentUrn=urn%3Ali%3Acomment%3A%28activity%3A7310708195285520407%2C7310884970871300096%29
2025-03-30 08:01:02,LIKE,https://www.linkedin.com/feed/update/urn%3Ali%3Aactivity%3A7310745412569624576
2025-03-30 06:00:30,LIKE,https://www.linkedin.com/feed/update/urn%3Ali%3Aactivity%3A7311454541332295680
2025-03-30 05:26:18,LIKE,https://www.linkedin.com/feed/update/urn%3Ali%3Aactivity%3A7311981459102224385
2025-03-30 05:26:05,LIKE,https://www.linkedin.com/feed/update/urn%3Ali%3Aactivity%3A7310333887799271424
2025-03-30 02:42:16,LIKE,https://www.linkedin.com/feed/update/urn%3Ali%3AugcPost%3A7311455029993828353
2025-03-30 02:20:28,LIKE,https://www.linkedin.com/feed/update/urn%3Ali%3Aactivity%3A7311773413868466176
2025-03-30 02:17:22,LIKE,https://www.linkedin.com/feed/update/urn%3Ali%3Aactivity%3A7311450080538947585?commentUrn=urn%3Ali%3Acomment%3A%28activity%3A7311450080538947585%2C7311492207687958529%29
2025-03-30 02:16:30,LIKE,https://www.linkedin.com/feed/update/urn%3Ali%3Aactivity%3A7311450080538947585?commentUrn=urn%3Ali%3Acomment%3A%28activity%3A7311450080538947585%2C7311915089102528514%29
2025-03-30 01:38:00,LIKE,https://www.linkedin.com/feed/update/urn%3Ali%3Aactivity%3A7311765330278653952
2025-03-29 11:53:22,LIKE,https://www.linkedin.com/feed/update/urn%3Ali%3AugcPost%3A7308805041509842944
2025-03-29 11:32:05,LIKE,https://www.linkedin.com/feed/update/urn%3Ali%3AugcPost%3A7311128563372490770
2025-03-29 11:07:05,LIKE,https://www.linkedin.com/feed/update/urn%3Ali%3Aactivity%3A7311689944203235328?commentUrn=urn%3Ali%3Acomment%3A%28activity%3A7311689944203235328%2C7311690494051295233%29
2025-03-29 11:06:59,LIKE,https://www.linkedin.com/feed/update/urn%3Ali%3Aactivity%3A7311689944203235328?commentUrn=urn%3Ali%3Acomment%3A%28activity%3A7311689944203235328%2C7311701194291224576%29
2025-03-29 11:06:55,LIKE,https://www.linkedin.com/feed/update/urn%3Ali%3Aactivity%3A7311689944203235328?commentUrn=urn%3Ali%3Acomment%3A%28activity%3A7311689944203235328%2C7311690823853641729%29
2025-03-29 11:06:52,LIKE,https://www.linkedin.com/feed/update/urn%3Ali%3Aactivity%3A7311689944203235328?commentUrn=urn%3Ali%3Acomment%3A%28activity%3A7311689944203235328%2C7311691323542052865%29
2025-03-29 11:06:45,LIKE,https://www.linkedin.com/feed/update/urn%3Ali%3Aactivity%3A7311689944203235328?commentUrn=urn%3Ali%3Acomment%3A%28activity%3A7311689944203235328%2C7311698704481042433%29
2025-03-29 11:06:36,LIKE,https://www.linkedin.com/feed/update/urn%3Ali%3Aactivity%3A7311689944203235328?commentUrn=urn%3Ali%3Acomment%3A%28activity%3A7311689944203235328%2C7311690427655438336%29
2025-03-29 11:06:18,LIKE,https://www.linkedin.com/feed/update/urn%3Ali%3Aactivity%3A7311689944203235328?commentUrn=urn%3Ali%3Acomment%3A%28activity%3A7311689944203235328%2C7311693363932549120%29
2025-03-29 09:47:15,LIKE,https://www.linkedin.com/feed/update/urn%3Ali%3Aactivity%3A7310616847383412736
2025-03-28 20:30:45,LIKE,https://www.linkedin.com/feed/update/urn%3Ali%3Aactivity%3A7311457667472871424
2025-03-28 20:07:02,LIKE,https://www.linkedin.com/feed/update/urn%3Ali%3Aactivity%3A7311448807429279744
2025-03-28 20:06:24,LIKE,https://www.linkedin.com/feed/update/urn%3Ali%3Aactivity%3A7311397641467146240?commentUrn=urn%3Ali%3Acomment%3A%28activity%3A7311397641467146240%2C7311461045955379200%29
2025-03-28 18:39:05,LIKE,https://www.linkedin.com/feed/update/urn%3Ali%3Aactivity%3A7311450080538947585?commentUrn=urn%3Ali%3Acomment%3A%28activity%3A7311450080538947585%2C7311450937468801025%29
2025-03-28 11:57:36,LIKE,https://www.linkedin.com/feed/update/urn%3Ali%3Aactivity%3A7295862288056520704
2025-03-28 11:51:03,LIKE,https://www.linkedin.com/feed/update/urn%3Ali%3Aactivity%3A7310995621337804800
2025-03-28 09:35:06,LIKE,https://www.linkedin.com/feed/update/urn%3Ali%3Aactivity%3A7311044379761160193
2025-03-28 09:33:24,LIKE,https://www.linkedin.com/feed/update/urn%3Ali%3AugcPost%3A7311038597829189633
2025-03-28 05:09:14,LIKE,https://www.linkedin.com/feed/update/urn%3Ali%3Aactivity%3A7310669869127983104
2025-03-27 21:48:50,LIKE,https://www.linkedin.com/feed/update/urn%3Ali%3Aactivity%3A7310578781272883200?commentUrn=urn%3Ali%3Acomment%3A%28activity%3A7310578781272883200%2C7311136847361953794%29
2025-03-27 21:22:55,LIKE,https://www.linkedin.com/feed/update/urn%3Ali%3Aactivity%3A7310578781272883200?commentUrn=urn%3Ali%3Acomment%3A%28activity%3A7310578781272883200%2C7310643454890377216%29
2025-03-27 21:22:52,LIKE,https://www.linkedin.com/feed/update/urn%3Ali%3Aactivity%3A7310578781272883200
2025-03-27 10:32:58,LIKE,https://www.linkedin.com/feed/update/urn%3Ali%3Aactivity%3A7310911279685103616
2025-03-27 00:06:09,LIKE,https://www.linkedin.com/feed/update/urn%3Ali%3AugcPost%3A7310710050858098688
2025-03-26 23:13:00,LIKE,https://www.linkedin.com/feed/update/urn%3Ali%3AugcPost%3A7310714641226043393
2025-03-26 23:11:23,LIKE,https://www.linkedin.com/feed/update/urn%3Ali%3Aactivity%3A7310732833898065922
2025-03-26 20:34:53,LIKE,https://www.linkedin.com/feed/update/urn%3Ali%3Aactivity%3A7310639981448884224
2025-03-26 19:55:38,LIKE,https://www.linkedin.com/feed/update/urn%3Ali%3Aactivity%3A7310748717370822658
2025-03-26 17:05:48,LIKE,https://www.linkedin.com/feed/update/urn%3Ali%3AugcPost%3A7310493510187524096
2025-03-26 04:50:09,LIKE,https://www.linkedin.com/feed/update/urn%3Ali%3Aactivity%3A7310315780150030339
2025-03-25 20:03:37,LIKE,https://www.linkedin.com/feed/update/urn%3Ali%3Aactivity%3A7310299507060051968
2025-03-25 19:51:18,LIKE,https://www.linkedin.com/feed/update/urn%3Ali%3Aactivity%3A7310369482483367936
2025-03-25 05:01:46,LIKE,https://www.linkedin.com/feed/update/urn%3Ali%3Aactivity%3A7308845114959749121
2025-03-25 02:24:12,LIKE,https://www.linkedin.com/feed/update/urn%3Ali%3Aactivity%3A7309992875990134784?commentUrn=urn%3Ali%3Acomment%3A%28activity%3A7309992875990134784%2C7310078493675958273%29
2025-03-24 18:48:25,LIKE,https://www.linkedin.com/feed/update/urn%3Ali%3Aactivity%3A7309992875990134784?commentUrn=urn%3Ali%3Acomment%3A%28activity%3A7309992875990134784%2C7310006139377565696%29
2025-03-24 18:48:16,LIKE,https://www.linkedin.com/feed/update/urn%3Ali%3Aactivity%3A7309992875990134784?commentUrn=urn%3Ali%3Acomment%3A%28activity%3A7309992875990134784%2C7310003795344674817%29
2025-03-24 18:46:19,LIKE,https://www.linkedin.com/feed/update/urn%3Ali%3Aactivity%3A7309992875990134784
2025-03-24 18:46:11,LIKE,https://www.linkedin.com/feed/update/urn%3Ali%3Aactivity%3A7310001216007147520
2025-03-24 10:29:20,LIKE,https://www.linkedin.com/feed/update/urn%3Ali%3Aactivity%3A7309589181599510528
2025-03-24 08:59:29,LIKE,https://www.linkedin.com/feed/update/urn%3Ali%3Aactivity%3A7305335717520412672
2025-03-24 08:44:23,LIKE,https://www.linkedin.com/feed/update/urn%3Ali%3Aactivity%3A7301365736701075456
2025-03-24 04:17:51,LIKE,https://www.linkedin.com/feed/update/urn%3Ali%3Aactivity%3A7309529615029387264
2025-03-24 03:41:20,LIKE,https://www.linkedin.com/feed/update/urn%3Ali%3AugcPost%3A7309534819766411264
2025-03-24 03:41:09,LIKE,https://www.linkedin.com/feed/update/urn%3Ali%3Aactivity%3A7309691949123280897
2025-03-24 03:40:50,LIKE,https://www.linkedin.com/feed/update/urn%3Ali%3AugcPost%3A7309658967868153857
2025-03-24 01:12:55,LIKE,https://www.linkedin.com/feed/update/urn%3Ali%3AugcPost%3A7309667949651357697?commentUrn=urn%3Ali%3Acomment%3A%28ugcPost%3A7309667949651357697%2C7309697681935785986%29
2025-03-22 20:27:49,LIKE,https://www.linkedin.com/feed/update/urn%3Ali%3AugcPost%3A7309257858259292160
2025-03-21 22:11:06,LIKE,https://www.linkedin.com/feed/update/urn%3Ali%3AugcPost%3A7308953181458153473
2025-03-21 21:59:05,LIKE,https://www.linkedin.com/feed/update/urn%3Ali%3Aactivity%3A7308804648289652736?commentUrn=urn%3Ali%3Acomment%3A%28activity%3A7308804648289652736%2C7308813508547108864%29
2025-03-21 21:55:45,LIKE,https://www.linkedin.com/feed/update/urn%3Ali%3Aactivity%3A7308948022191656960
2025-03-21 19:39:35,LIKE,https://www.linkedin.com/feed/update/urn%3Ali%3Aactivity%3A7308823688944975872
2025-03-21 05:53:23,LIKE,https://www.linkedin.com/feed/update/urn%3Ali%3AugcPost%3A7308207320931450880?commentUrn=urn%3Ali%3Acomment%3A%28ugcPost%3A7308207320931450880%2C7308715615492395009%29
2025-03-21 05:51:10,LIKE,https://www.linkedin.com/feed/update/urn%3Ali%3Aactivity%3A7308486316738891777
2025-03-21 04:32:39,LIKE,https://www.linkedin.com/feed/update/urn%3Ali%3Aactivity%3A7308555058030264320
2025-03-21 04:16:04,LIKE,https://www.linkedin.com/feed/update/urn%3Ali%3Aactivity%3A7308594879255744513
2025-03-21 03:53:56,LIKE,https://www.linkedin.com/feed/update/urn%3Ali%3Aactivity%3A7308456835278086144?commentUrn=urn%3Ali%3Acomment%3A%28activity%3A7308456835278086144%2C7308461515030896641%29
2025-03-21 03:53:50,LIKE,https://www.linkedin.com/feed/update/urn%3Ali%3Aactivity%3A7308456835278086144?commentUrn=urn%3Ali%3Acomment%3A%28activity%3A7308456835278086144%2C7308464538557812737%29
2025-03-20 23:55:07,LIKE,https://www.linkedin.com/feed/update/urn%3Ali%3Aactivity%3A7308518686351400961
2025-03-20 22:51:53,LIKE,https://www.linkedin.com/feed/update/urn%3Ali%3Aactivity%3A7308601611201724417
2025-03-20 22:14:46,LIKE,https://www.linkedin.com/feed/update/urn%3Ali%3Aactivity%3A7308548192856350720
2025-03-20 19:39:30,LIKE,https://www.linkedin.com/feed/update/urn%3Ali%3Aactivity%3A7308482691698475008
2025-03-19 23:43:37,LIKE,https://www.linkedin.com/feed/update/urn%3Ali%3AugcPost%3A7308207320931450880?commentUrn=urn%3Ali%3Acomment%3A%28ugcPost%3A7308207320931450880%2C7308230098896228354%29
2025-03-19 23:42:57,LIKE,https://www.linkedin.com/feed/update/urn%3Ali%3Aactivity%3A7308267213210234880
2025-03-19 21:29:35,LIKE,https://www.linkedin.com/feed/update/urn%3Ali%3Aactivity%3A7308136572380434434
2025-03-19 17:27:58,LIKE,https://www.linkedin.com/feed/update/urn%3Ali%3AugcPost%3A7304906264373788673
2025-03-19 16:03:18,LIKE,https://www.linkedin.com/feed/update/urn%3Ali%3Aactivity%3A7306022490546364418
2025-03-19 12:42:08,LIKE,https://www.linkedin.com/feed/update/urn%3Ali%3AugcPost%3A7308082535844999168?commentUrn=urn%3Ali%3Acomment%3A%28ugcPost%3A7308082535844999168%2C7308084925583269888%29
2025-03-19 12:42:02,LIKE,https://www.linkedin.com/feed/update/urn%3Ali%3AugcPost%3A7308082535844999168?commentUrn=urn%3Ali%3Acomment%3A%28ugcPost%3A7308082535844999168%2C7308104475573936129%29
2025-03-19 12:41:00,LIKE,https://www.linkedin.com/feed/update/urn%3Ali%3AugcPost%3A7308082535844999168?commentUrn=urn%3Ali%3Acomment%3A%28ugcPost%3A7308082535844999168%2C7308102877988683776%29
2025-03-19 12:40:42,LIKE,https://www.linkedin.com/feed/update/urn%3Ali%3AugcPost%3A7308082535844999168?commentUrn=urn%3Ali%3Acomment%3A%28ugcPost%3A7308082535844999168%2C7308084128590004226%29
2025-03-19 05:08:36,LIKE,https://www.linkedin.com/feed/update/urn%3Ali%3Aactivity%3A7307890222753554432
2025-03-18 18:18:00,LIKE,https://www.linkedin.com/feed/update/urn%3Ali%3AugcPost%3A7307767026704338945
2025-03-18 18:17:36,LIKE,https://www.linkedin.com/feed/update/urn%3Ali%3Aactivity%3A7307743842550562817
2025-03-18 15:11:51,LIKE,https://www.linkedin.com/feed/update/urn%3Ali%3Aactivity%3A7307779062112866304
2025-03-18 05:04:58,LIKE,https://www.linkedin.com/feed/update/urn%3Ali%3AugcPost%3A7307626168734650368
2025-03-17 10:25:25,LIKE,https://www.linkedin.com/feed/update/urn%3Ali%3Aactivity%3A7307325461569699840
2025-03-17 09:30:18,LIKE,https://www.linkedin.com/feed/update/urn%3Ali%3Aactivity%3A7307291029890596864
2025-03-17 07:32:59,LIKE,https://www.linkedin.com/feed/update/urn%3Ali%3Aactivity%3A7306965073548169217
2025-03-17 04:56:59,LIKE,https://www.linkedin.com/feed/update/urn%3Ali%3AugcPost%3A7307199007485820928
2025-03-17 02:44:52,LIKE,https://www.linkedin.com/feed/update/urn%3Ali%3Aactivity%3A7307219130284158977
2025-03-16 22:25:49,LIKE,https://www.linkedin.com/feed/update/urn%3Ali%3Aarticle%3A8069038187753499158
2025-03-16 22:06:30,LIKE,https://www.linkedin.com/feed/update/urn%3Ali%3Aactivity%3A7305158478363262976
2025-03-16 06:24:59,LIKE,https://www.linkedin.com/feed/update/urn%3Ali%3Aactivity%3A7303440108639113217
2025-03-16 05:49:13,LIKE,https://www.linkedin.com/feed/update/urn%3Ali%3Aactivity%3A7306635724047450112
2025-03-15 17:36:35,LIKE,https://www.linkedin.com/feed/update/urn%3Ali%3Aactivity%3A7306691902127423488
2025-03-14 22:01:15,LIKE,https://www.linkedin.com/feed/update/urn%3Ali%3Aactivity%3A7306294288777191425
2025-03-14 21:41:11,LIKE,https://www.linkedin.com/feed/update/urn%3Ali%3AugcPost%3A7294448508634349568
2025-03-14 20:00:24,LIKE,https://www.linkedin.com/feed/update/urn%3Ali%3Aactivity%3A7306358897991139328
2025-03-14 15:31:35,LIKE,https://www.linkedin.com/feed/update/urn%3Ali%3Aactivity%3A7306329520213565440
2025-03-14 11:42:21,LIKE,https://www.linkedin.com/feed/update/urn%3Ali%3Aactivity%3A7305967123967750145
2025-03-14 11:17:44,LIKE,https://www.linkedin.com/feed/update/urn%3Ali%3Aactivity%3A7306088325843456000?commentUrn=urn%3Ali%3Acomment%3A%28activity%3A7306088325843456000%2C7306156415390306304%29
2025-03-14 00:26:13,LIKE,https://www.linkedin.com/feed/update/urn%3Ali%3Aactivity%3A7304900009827680257
2025-03-13 22:31:22,LIKE,https://www.linkedin.com/feed/update/urn%3Ali%3Aactivity%3A7306079131882901504
2025-03-13 21:50:07,LIKE,https://www.linkedin.com/feed/update/urn%3Ali%3Aactivity%3A7305923875312189440
2025-03-13 17:40:45,LIKE,https://www.linkedin.com/feed/update/urn%3Ali%3Aactivity%3A7305971162939895809
2025-03-13 15:25:15,LIKE,https://www.linkedin.com/feed/update/urn%3Ali%3Aactivity%3A7305962102257504256
2025-03-13 03:36:38,LIKE,https://www.linkedin.com/feed/update/urn%3Ali%3Aactivity%3A7305656593860231168?commentUrn=urn%3Ali%3Acomment%3A%28activity%3A7305656593860231168%2C7305770470404931584%29
2025-03-13 03:10:35,LIKE,https://www.linkedin.com/feed/update/urn%3Ali%3AugcPost%3A7305672993731457026
2025-03-13 03:09:25,LIKE,https://www.linkedin.com/feed/update/urn%3Ali%3AugcPost%3A7305544371553132544
2025-03-13 01:42:11,LIKE,https://www.linkedin.com/feed/update/urn%3Ali%3Aactivity%3A7303464540766175232
2025-03-13 01:17:32,LIKE,https://www.linkedin.com/feed/update/urn%3Ali%3AugcPost%3A7305696908201598976?commentUrn=urn%3Ali%3Acomment%3A%28ugcPost%3A7305696908201598976%2C7305757774771077121%29
2025-03-13 01:17:16,LIKE,https://www.linkedin.com/feed/update/urn%3Ali%3Aactivity%3A7305757397967376385
2025-03-13 00:53:01,LIKE,https://www.linkedin.com/feed/update/urn%3Ali%3AugcPost%3A7305696908201598976
2025-03-12 21:24:50,LIKE,https://www.linkedin.com/feed/update/urn%3Ali%3Aactivity%3A7305684172025565184
2025-03-12 20:02:16,LIKE,https://www.linkedin.com/feed/update/urn%3Ali%3Aactivity%3A7305584300622565379
2025-03-12 19:46:19,LIKE,https://www.linkedin.com/feed/update/urn%3Ali%3Aactivity%3A7305658392444878848
2025-03-12 16:57:11,LIKE,https://www.linkedin.com/feed/update/urn%3Ali%3Aactivity%3A7305604771007078400
2025-03-12 16:56:12,LIKE,https://www.linkedin.com/feed/update/urn%3Ali%3Aactivity%3A7305550081879900160
2025-03-12 07:28:29,LIKE,https://www.linkedin.com/feed/update/urn%3Ali%3Aactivity%3A7281168028912754688
2025-03-12 03:21:01,LIKE,https://www.linkedin.com/feed/update/urn%3Ali%3Aactivity%3A7305407207636942849
2025-03-12 01:39:38,LIKE,https://www.linkedin.com/feed/update/urn%3Ali%3AugcPost%3A7305266025644625921?commentUrn=urn%3Ali%3Acomment%3A%28ugcPost%3A7305266025644625921%2C7305294164441665536%29
2025-03-11 18:45:26,LIKE,https://www.linkedin.com/feed/update/urn%3Ali%3AugcPost%3A7303829236883066880?commentUrn=urn%3Ali%3Acomment%3A%28ugcPost%3A7303829236883066880%2C7303882201526362112%29
2025-03-11 08:07:42,LIKE,https://www.linkedin.com/feed/update/urn%3Ali%3AugcPost%3A7305128060050182144
2025-03-11 08:03:45,LIKE,https://www.linkedin.com/feed/update/urn%3Ali%3Aactivity%3A7304907521322811396
2025-03-11 07:35:07,LIKE,https://www.linkedin.com/feed/update/urn%3Ali%3Aactivity%3A7303809624204345345
2025-03-11 07:08:50,LIKE,https://www.linkedin.com/feed/update/urn%3Ali%3AugcPost%3A7304606937290059777?commentUrn=urn%3Ali%3Acomment%3A%28ugcPost%3A7304606937290059777%2C7304816762233999360%29
2025-03-10 22:29:58,LIKE,https://www.linkedin.com/feed/update/urn%3Ali%3Aactivity%3A7304982527851560962
2025-03-10 02:41:35,LIKE,https://www.linkedin.com/feed/update/urn%3Ali%3Aactivity%3A7304508779520299009
2025-03-09 21:12:20,LIKE,https://www.linkedin.com/feed/update/urn%3Ali%3AugcPost%3A7304590791367147520?commentUrn=urn%3Ali%3Acomment%3A%28ugcPost%3A7304590791367147520%2C7304594086861123584%29
2025-03-09 19:57:49,LIKE,https://www.linkedin.com/feed/update/urn%3Ali%3AugcPost%3A7304095140179013632
2025-03-09 19:39:40,LIKE,https://www.linkedin.com/feed/update/urn%3Ali%3Aactivity%3A7294812691565580289
2025-03-08 19:12:22,LIKE,https://www.linkedin.com/feed/update/urn%3Ali%3Aactivity%3A7304170285908246529
2025-03-08 18:03:46,LIKE,https://www.linkedin.com/feed/update/urn%3Ali%3AugcPost%3A7303899893427814400
2025-03-08 07:53:12,LIKE,https://www.linkedin.com/feed/update/urn%3Ali%3Aactivity%3A7303891832764018690?commentUrn=urn%3Ali%3Acomment%3A%28activity%3A7303891832764018690%2C7303896399132143618%29
2025-03-07 18:39:33,LIKE,https://www.linkedin.com/feed/update/urn%3Ali%3Aactivity%3A7303545167540535297
2025-03-07 18:38:37,LIKE,https://www.linkedin.com/feed/update/urn%3Ali%3Aactivity%3A7303815651997986816
2025-03-07 17:41:39,LIKE,https://www.linkedin.com/feed/update/urn%3Ali%3AgroupPost%3A7036558-7303831822029795328
2025-03-07 06:01:05,LIKE,https://www.linkedin.com/feed/update/urn%3Ali%3AugcPost%3A7303641442193670144
2025-03-07 02:25:02,LIKE,https://www.linkedin.com/feed/update/urn%3Ali%3Aactivity%3A7303426013353381888
2025-03-07 02:24:47,LIKE,https://www.linkedin.com/feed/update/urn%3Ali%3AugcPost%3A7303070596932788224
2025-03-07 02:24:37,LIKE,https://www.linkedin.com/feed/update/urn%3Ali%3Aactivity%3A7303096686518616064
2025-03-07 02:24:31,LIKE,https://www.linkedin.com/feed/update/urn%3Ali%3Aactivity%3A7303550441777242112
2025-03-07 02:03:14,LIKE,https://www.linkedin.com/feed/update/urn%3Ali%3Aactivity%3A7302761292639911937
2025-03-07 02:03:13,LIKE,https://www.linkedin.com/feed/update/urn%3Ali%3Aactivity%3A7302761292639911937?commentUrn=urn%3Ali%3Acomment%3A%28activity%3A7302761292639911937%2C7303557755817103360%29
2025-03-07 02:02:06,LIKE,https://www.linkedin.com/feed/update/urn%3Ali%3Aactivity%3A7302689339031932928
2025-03-06 23:45:25,LIKE,https://www.linkedin.com/feed/update/urn%3Ali%3Aactivity%3A7303376479852097537
2025-03-06 23:15:30,LIKE,https://www.linkedin.com/feed/update/urn%3Ali%3Aactivity%3A7303536244938924032
2025-03-06 21:01:11,LIKE,https://www.linkedin.com/feed/update/urn%3Ali%3Aactivity%3A7303500994779238400
2025-03-06 21:00:56,LIKE,https://www.linkedin.com/feed/update/urn%3Ali%3AugcPost%3A7303493317260914689
2025-03-06 19:04:32,LIKE,https://www.linkedin.com/feed/update/urn%3Ali%3AugcPost%3A7303478420422766592
2025-03-06 19:03:57,LIKE,https://www.linkedin.com/feed/update/urn%3Ali%3Aactivity%3A7303391412589404160
2025-03-06 18:46:15,LIKE,https://www.linkedin.com/feed/update/urn%3Ali%3Aactivity%3A7303366452122718208
2025-03-06 07:46:56,LIKE,https://www.linkedin.com/feed/update/urn%3Ali%3AugcPost%3A7302922915631525888
2025-03-06 05:53:06,LIKE,https://www.linkedin.com/feed/update/urn%3Ali%3AugcPost%3A7303007990561857538
2025-03-06 04:58:25,LIKE,https://www.linkedin.com/feed/update/urn%3Ali%3Aactivity%3A7302770676099153920
2025-03-06 04:54:15,LIKE,https://www.linkedin.com/feed/update/urn%3Ali%3Aactivity%3A7303058024363970560
2025-03-06 03:51:52,LIKE,https://www.linkedin.com/feed/update/urn%3Ali%3AugcPost%3A7303083129831899136
2025-03-06 03:50:45,LIKE,https://www.linkedin.com/feed/update/urn%3Ali%3Aactivity%3A7303240421881651202
2025-03-05 23:36:20,LIKE,https://www.linkedin.com/feed/update/urn%3Ali%3Aactivity%3A7303189396986445824
2025-03-05 05:00:03,LIKE,https://www.linkedin.com/feed/update/urn%3Ali%3AugcPost%3A7285070001789632513
2025-03-05 04:54:46,LIKE,https://www.linkedin.com/feed/update/urn%3Ali%3AugcPost%3A7302318503787704321
2025-03-05 04:54:08,LIKE,https://www.linkedin.com/feed/update/urn%3Ali%3AugcPost%3A7302720154629488640
2025-03-05 00:02:58,LIKE,https://www.linkedin.com/feed/update/urn%3Ali%3Aactivity%3A7302764789615808512
2025-03-04 16:51:22,LIKE,https://www.linkedin.com/feed/update/urn%3Ali%3AugcPost%3A7302696018725195777
2025-03-04 16:50:29,LIKE,https://www.linkedin.com/feed/update/urn%3Ali%3AugcPost%3A7302696018725195777?commentUrn=urn%3Ali%3Acomment%3A%28ugcPost%3A7302696018725195777%2C7302732018327465984%29
2025-03-04 14:39:20,LIKE,https://www.linkedin.com/feed/update/urn%3Ali%3Aactivity%3A7302372723152818177
2025-03-04 14:38:58,LIKE,https://www.linkedin.com/feed/update/urn%3Ali%3Aactivity%3A7302402870916628480
2025-03-04 14:38:38,LIKE,https://www.linkedin.com/feed/update/urn%3Ali%3AugcPost%3A7302464853267337216
2025-03-04 14:05:24,LIKE,https://www.linkedin.com/feed/update/urn%3Ali%3Aactivity%3A7302643978657480704
2025-03-03 19:23:48,LIKE,https://www.linkedin.com/feed/update/urn%3Ali%3Aactivity%3A7302402146023399424
2025-03-03 16:25:30,LIKE,https://www.linkedin.com/feed/update/urn%3Ali%3AugcPost%3A7301628090068189184
2025-03-03 16:12:09,LIKE,https://www.linkedin.com/feed/update/urn%3Ali%3AugcPost%3A7302345923542589440
2025-03-03 15:49:38,LIKE,https://www.linkedin.com/feed/update/urn%3Ali%3Aactivity%3A7302327134717394945
2025-03-03 11:52:38,LIKE,https://www.linkedin.com/feed/update/urn%3Ali%3AugcPost%3A7300968934613098496
2025-03-03 11:50:47,LIKE,https://www.linkedin.com/feed/update/urn%3Ali%3Aactivity%3A7298756679418974209
2025-03-03 10:49:55,LIKE,https://www.linkedin.com/feed/update/urn%3Ali%3AugcPost%3A7302273935583117312
2025-03-03 10:48:19,LIKE,https://www.linkedin.com/feed/update/urn%3Ali%3Aactivity%3A7300080128984817665
2025-03-03 09:44:46,LIKE,https://www.linkedin.com/feed/update/urn%3Ali%3Aactivity%3A7302251397247361025
2025-03-02 23:28:47,LIKE,https://www.linkedin.com/feed/update/urn%3Ali%3Aactivity%3A7301949441207320576?commentUrn=urn%3Ali%3Acomment%3A%28activity%3A7301949441207320576%2C7302086055388762113%29
2025-03-02 23:09:46,LIKE,https://www.linkedin.com/feed/update/urn%3Ali%3Aactivity%3A7301949441207320576?commentUrn=urn%3Ali%3Acomment%3A%28activity%3A7301949441207320576%2C7301983966956265472%29
2025-03-02 22:38:13,LIKE,https://www.linkedin.com/feed/update/urn%3Ali%3Aactivity%3A7302060896338460673
2025-03-02 22:02:49,LIKE,https://www.linkedin.com/feed/update/urn%3Ali%3Aactivity%3A7301949441207320576
2025-03-02 20:54:03,LIKE,https://www.linkedin.com/feed/update/urn%3Ali%3AugcPost%3A7302004029360943105?commentUrn=urn%3Ali%3Acomment%3A%28ugcPost%3A7302004029360943105%2C7302064194722402305%29
2025-03-02 19:41:45,LIKE,https://www.linkedin.com/feed/update/urn%3Ali%3Aactivity%3A7302026849767866368
2025-03-02 19:15:28,LIKE,https://www.linkedin.com/feed/update/urn%3Ali%3Aactivity%3A7302007750828421120
2025-03-02 19:11:46,LIKE,https://www.linkedin.com/feed/update/urn%3Ali%3Aactivity%3A7302031880550264832
2025-03-02 17:15:19,LIKE,https://www.linkedin.com/feed/update/urn%3Ali%3AgroupPost%3A13927028-7302004884415909888?commentUrn=urn%3Ali%3Acomment%3A%28groupPost%3A13927028-7302004884415909888%2C7302012938989551616%29
2025-03-02 16:57:17,LIKE,https://www.linkedin.com/feed/update/urn%3Ali%3Aactivity%3A7301969393859600384
2025-03-02 08:17:22,LIKE,https://www.linkedin.com/feed/update/urn%3Ali%3AugcPost%3A7301308926476656641?commentUrn=urn%3Ali%3Acomment%3A%28ugcPost%3A7301308926476656641%2C7301311715411963904%29
2025-03-02 04:51:02,LIKE,https://www.linkedin.com/feed/update/urn%3Ali%3Aactivity%3A7301821713002938368
2025-03-01 23:05:28,LIKE,https://www.linkedin.com/feed/update/urn%3Ali%3AugcPost%3A7301714557071212544?commentUrn=urn%3Ali%3Acomment%3A%28ugcPost%3A7301714557071212544%2C7301738302448001025%29
2025-03-01 22:02:00,LIKE,https://www.linkedin.com/feed/update/urn%3Ali%3Aactivity%3A7301003435879845889
2025-03-01 20:38:13,LIKE,https://www.linkedin.com/feed/update/urn%3Ali%3Aactivity%3A7301232181891219457
2025-03-01 20:12:52,LIKE,https://www.linkedin.com/feed/update/urn%3Ali%3AugcPost%3A7300668939242463233
2025-02-28 22:29:52,LIKE,https://www.linkedin.com/feed/update/urn%3Ali%3AugcPost%3A7300258100593217537
2025-02-28 22:12:42,LIKE,https://www.linkedin.com/feed/update/urn%3Ali%3Aactivity%3A7301276611922776064
2025-02-28 21:24:18,LIKE,https://www.linkedin.com/feed/update/urn%3Ali%3Aactivity%3A7301274374869823489?commentUrn=urn%3Ali%3Acomment%3A%28activity%3A7301274374869823489%2C7301343329252761601%29
2025-02-28 18:51:27,LIKE,https://www.linkedin.com/feed/update/urn%3Ali%3Aactivity%3A7301303999394103299?commentUrn=urn%3Ali%3Acomment%3A%28activity%3A7301303999394103299%2C7301307095260221440%29
2025-02-28 18:20:48,LIKE,https://www.linkedin.com/feed/update/urn%3Ali%3AugcPost%3A7301217550074359808?commentUrn=urn%3Ali%3Acomment%3A%28ugcPost%3A7301217550074359808%2C7301300991549652992%29
2025-02-28 18:16:14,LIKE,https://www.linkedin.com/feed/update/urn%3Ali%3Aactivity%3A7301303999394103299
2025-02-28 17:52:42,LIKE,https://www.linkedin.com/feed/update/urn%3Ali%3Aactivity%3A7301274374869823489
2025-02-28 17:45:56,LIKE,https://www.linkedin.com/feed/update/urn%3Ali%3Aactivity%3A7301257141393195009?commentUrn=urn%3Ali%3Acomment%3A%28activity%3A7301257141393195009%2C7301261433260953602%29
2025-02-28 17:37:52,LIKE,https://www.linkedin.com/feed/update/urn%3Ali%3Aactivity%3A7301257141393195009
2025-02-28 15:24:43,LIKE,https://www.linkedin.com/feed/update/urn%3Ali%3Aactivity%3A7301240322762625025?commentUrn=urn%3Ali%3Acomment%3A%28activity%3A7301240322762625025%2C7301258430634242050%29
2025-02-28 14:30:54,LIKE,https://www.linkedin.com/feed/update/urn%3Ali%3Aactivity%3A7301240322762625025?commentUrn=urn%3Ali%3Acomment%3A%28activity%3A7301240322762625025%2C7301241649785888787%29
2025-02-28 14:30:38,LIKE,https://www.linkedin.com/feed/update/urn%3Ali%3Aactivity%3A7301240322762625025?commentUrn=urn%3Ali%3Acomment%3A%28activity%3A7301240322762625025%2C7301243682110722048%29
2025-02-28 12:39:10,LIKE,https://www.linkedin.com/feed/update/urn%3Ali%3Aactivity%3A7301009402419933184
2025-02-28 11:14:34,LIKE,https://www.linkedin.com/feed/update/urn%3Ali%3Aactivity%3A7298313223718551552
2025-02-28 05:09:24,LIKE,https://www.linkedin.com/feed/update/urn%3Ali%3AugcPost%3A7300382257435881472
2025-02-28 00:50:55,LIKE,https://www.linkedin.com/feed/update/urn%3Ali%3AugcPost%3A7300532840054550528
2025-02-27 11:34:53,LIKE,https://www.linkedin.com/feed/update/urn%3Ali%3Aactivity%3A7300530118664306688
2025-02-27 07:20:28,LIKE,https://www.linkedin.com/feed/update/urn%3Ali%3Aactivity%3A7300699928127840256
2025-02-26 00:07:28,LIKE,https://www.linkedin.com/feed/update/urn%3Ali%3Aactivity%3A7300290517622276096?commentUrn=urn%3Ali%3Acomment%3A%28activity%3A7300290517622276096%2C7300294490580283392%29
2025-02-26 00:07:11,LIKE,https://www.linkedin.com/feed/update/urn%3Ali%3Aactivity%3A7300290517622276096?commentUrn=urn%3Ali%3Acomment%3A%28activity%3A7300290517622276096%2C7300292658835390464%29
2025-02-26 00:06:44,LIKE,https://www.linkedin.com/feed/update/urn%3Ali%3Aactivity%3A7300290517622276096?commentUrn=urn%3Ali%3Acomment%3A%28activity%3A7300290517622276096%2C7300297537595330560%29
2025-02-26 00:06:19,LIKE,https://www.linkedin.com/feed/update/urn%3Ali%3Aactivity%3A7300290517622276096?commentUrn=urn%3Ali%3Acomment%3A%28activity%3A7300290517622276096%2C7300303478202015744%29
2025-02-26 00:06:08,LIKE,https://www.linkedin.com/feed/update/urn%3Ali%3Aactivity%3A7300290517622276096?commentUrn=urn%3Ali%3Acomment%3A%28activity%3A7300290517622276096%2C7300302867150577664%29
2025-02-26 00:02:13,LIKE,https://www.linkedin.com/feed/update/urn%3Ali%3Aactivity%3A7300290517622276096
2025-02-25 23:04:06,LIKE,https://www.linkedin.com/feed/update/urn%3Ali%3Aactivity%3A7300167689468010497
2025-02-25 03:07:47,LIKE,https://www.linkedin.com/feed/update/urn%3Ali%3Aactivity%3A7299979032467570688
2025-02-24 22:08:51,LIKE,https://www.linkedin.com/feed/update/urn%3Ali%3Aactivity%3A7299846800222429184?commentUrn=urn%3Ali%3Acomment%3A%28activity%3A7299846800222429184%2C7299850398469652481%29
2025-02-24 22:08:37,LIKE,https://www.linkedin.com/feed/update/urn%3Ali%3Aactivity%3A7299846800222429184?commentUrn=urn%3Ali%3Acomment%3A%28activity%3A7299846800222429184%2C7299900377745784833%29
2025-02-24 22:07:40,LIKE,https://www.linkedin.com/feed/update/urn%3Ali%3Aactivity%3A7299846800222429184?commentUrn=urn%3Ali%3Acomment%3A%28activity%3A7299846800222429184%2C7299852134152372226%29
2025-02-24 22:07:25,LIKE,https://www.linkedin.com/feed/update/urn%3Ali%3Aactivity%3A7299846800222429184?commentUrn=urn%3Ali%3Acomment%3A%28activity%3A7299846800222429184%2C7299884835194458112%29
2025-02-24 20:38:39,LIKE,https://www.linkedin.com/feed/update/urn%3Ali%3Aactivity%3A7299853703744802816
2025-02-24 17:29:26,LIKE,https://www.linkedin.com/feed/update/urn%3Ali%3Aactivity%3A7299790885842534401?commentUrn=urn%3Ali%3Acomment%3A%28activity%3A7299790885842534401%2C7299842602181222402%29
2025-02-24 16:41:24,LIKE,https://www.linkedin.com/feed/update/urn%3Ali%3Aactivity%3A7299790885842534401
2025-02-24 12:11:03,LIKE,https://www.linkedin.com/feed/update/urn%3Ali%3Aactivity%3A7299560619299487745
2025-02-24 09:13:00,LIKE,https://www.linkedin.com/feed/update/urn%3Ali%3Aactivity%3A7299714869660901377
2025-02-24 07:14:12,LIKE,https://www.linkedin.com/feed/update/urn%3Ali%3Aactivity%3A7299089867647438848
2025-02-24 07:11:05,LIKE,https://www.linkedin.com/feed/update/urn%3Ali%3Aactivity%3A7299635762260545536
2025-02-24 06:17:03,LIKE,https://www.linkedin.com/feed/update/urn%3Ali%3Aactivity%3A7299553319037874176?commentUrn=urn%3Ali%3Acomment%3A%28activity%3A7299553319037874176%2C7299589611268231168%29
2025-02-24 05:54:15,LIKE,https://www.linkedin.com/feed/update/urn%3Ali%3AugcPost%3A7299397762658312192
2025-02-24 03:40:24,LIKE,https://www.linkedin.com/feed/update/urn%3Ali%3Aactivity%3A7299439115190562817
2025-02-23 20:23:01,LIKE,https://www.linkedin.com/feed/update/urn%3Ali%3Aactivity%3A7299461810691162113
2025-02-22 20:29:29,LIKE,https://www.linkedin.com/feed/update/urn%3Ali%3Aactivity%3A7299152345479729152?commentUrn=urn%3Ali%3Acomment%3A%28activity%3A7299152345479729152%2C7299153691486441472%29
2025-02-22 20:28:59,LIKE,https://www.linkedin.com/feed/update/urn%3Ali%3Aactivity%3A7299152345479729152
2025-02-22 16:02:33,LIKE,https://www.linkedin.com/feed/update/urn%3Ali%3AugcPost%3A7298792002727395328?commentUrn=urn%3Ali%3Acomment%3A%28ugcPost%3A7298792002727395328%2C7298833691508674560%29
2025-02-22 15:04:15,LIKE,https://www.linkedin.com/feed/update/urn%3Ali%3Aactivity%3A7298780872831307776
2025-02-22 08:17:23,LIKE,https://www.linkedin.com/feed/update/urn%3Ali%3AugcPost%3A7297286602928594944
2025-02-21 22:04:20,LIKE,https://www.linkedin.com/feed/update/urn%3Ali%3Aactivity%3A7298821689033859073
2025-02-21 21:48:08,LIKE,https://www.linkedin.com/feed/update/urn%3Ali%3Aactivity%3A7298787849028440064
2025-02-21 17:11:09,LIKE,https://www.linkedin.com/feed/update/urn%3Ali%3Aactivity%3A7298736498323935232?commentUrn=urn%3Ali%3Acomment%3A%28activity%3A7298736498323935232%2C7298747662302912512%29
2025-02-21 17:10:21,LIKE,https://www.linkedin.com/feed/update/urn%3Ali%3Aactivity%3A7298742176027410433
2025-02-21 06:59:40,LIKE,https://www.linkedin.com/feed/update/urn%3Ali%3AugcPost%3A7298377550764916739
2025-02-21 06:35:43,LIKE,https://www.linkedin.com/feed/update/urn%3Ali%3Aactivity%3A7298553789542772736
2025-02-21 06:35:07,LIKE,https://www.linkedin.com/feed/update/urn%3Ali%3Aactivity%3A7298359232448405505?commentUrn=urn%3Ali%3Acomment%3A%28activity%3A7298359232448405505%2C7298376010943606784%29
2025-02-21 05:33:09,LIKE,https://www.linkedin.com/feed/update/urn%3Ali%3AugcPost%3A7298433857756815360?commentUrn=urn%3Ali%3Acomment%3A%28ugcPost%3A7298433857756815360%2C7298442807743041537%29
2025-02-20 21:29:10,LIKE,https://www.linkedin.com/feed/update/urn%3Ali%3AugcPost%3A7298381446853836800
2025-02-20 21:29:06,LIKE,https://www.linkedin.com/feed/update/urn%3Ali%3AugcPost%3A7298381446853836800?commentUrn=urn%3Ali%3Acomment%3A%28ugcPost%3A7298381446853836800%2C7298387317600239616%29
2025-02-19 22:37:43,LIKE,https://www.linkedin.com/feed/update/urn%3Ali%3Aactivity%3A7297630970889875456?commentUrn=urn%3Ali%3Acomment%3A%28activity%3A7297630970889875456%2C7297648104621666306%29
2025-02-19 22:37:13,LIKE,https://www.linkedin.com/feed/update/urn%3Ali%3Aactivity%3A7297630970889875456?commentUrn=urn%3Ali%3Acomment%3A%28activity%3A7297630970889875456%2C7297641188159823872%29
2025-02-19 22:36:58,LIKE,https://www.linkedin.com/feed/update/urn%3Ali%3Aactivity%3A7297630970889875456
2025-02-19 18:00:53,LIKE,https://www.linkedin.com/feed/update/urn%3Ali%3AugcPost%3A7297950705506504705
2025-02-19 17:59:54,LIKE,https://www.linkedin.com/feed/update/urn%3Ali%3Aactivity%3A7298008744133595140
2025-02-19 14:21:04,LIKE,https://www.linkedin.com/feed/update/urn%3Ali%3AugcPost%3A7297917635856367616?commentUrn=urn%3Ali%3Acomment%3A%28ugcPost%3A7297917635856367616%2C7297921674862051328%29
2025-02-18 22:00:19,LIKE,https://www.linkedin.com/feed/update/urn%3Ali%3Aactivity%3A7297722045558075392
2025-02-18 03:28:39,LIKE,https://www.linkedin.com/feed/update/urn%3Ali%3Aactivity%3A7297454908054585344
2025-02-17 21:32:59,LIKE,https://www.linkedin.com/feed/update/urn%3Ali%3Aactivity%3A7297306093465026560
2025-02-17 20:28:07,LIKE,https://www.linkedin.com/feed/update/urn%3Ali%3Aactivity%3A7297337256611061761?commentUrn=urn%3Ali%3Acomment%3A%28activity%3A7297337256611061761%2C7297349718022529024%29
2025-02-17 20:19:44,LIKE,https://www.linkedin.com/feed/update/urn%3Ali%3Aactivity%3A7297337256611061761?commentUrn=urn%3Ali%3Acomment%3A%28activity%3A7297337256611061761%2C7297348931963797507%29
2025-02-17 20:19:27,LIKE,https://www.linkedin.com/feed/update/urn%3Ali%3Aactivity%3A7293388298884915201
2025-02-17 20:15:35,LIKE,https://www.linkedin.com/feed/update/urn%3Ali%3Aactivity%3A7297337256611061761?commentUrn=urn%3Ali%3Acomment%3A%28activity%3A7297337256611061761%2C7297338936836640768%29
2025-02-17 17:03:54,LIKE,https://www.linkedin.com/feed/update/urn%3Ali%3Aactivity%3A7294392107123757056
2025-02-16 22:36:53,LIKE,https://www.linkedin.com/feed/update/urn%3Ali%3Aactivity%3A7295809831846776833
2025-02-16 08:48:54,LIKE,https://www.linkedin.com/feed/update/urn%3Ali%3Aactivity%3A7296487587483906048?commentUrn=urn%3Ali%3Acomment%3A%28activity%3A7296487587483906048%2C7296504353740177408%29
2025-02-16 08:46:53,LIKE,https://www.linkedin.com/feed/update/urn%3Ali%3Aactivity%3A7295416313034743808
2025-02-16 07:32:43,LIKE,https://www.linkedin.com/feed/update/urn%3Ali%3Aactivity%3A7296487587483906048?commentUrn=urn%3Ali%3Acomment%3A%28activity%3A7296487587483906048%2C7296523617926881280%29
2025-02-16 07:05:21,LIKE,https://www.linkedin.com/feed/update/urn%3Ali%3Aactivity%3A7296774456411095041?commentUrn=urn%3Ali%3Acomment%3A%28activity%3A7296774456411095041%2C7296775375215316992%29
2025-02-16 06:51:44,LIKE,https://www.linkedin.com/feed/update/urn%3Ali%3Aactivity%3A7296774456411095041
2025-02-14 06:13:00,LIKE,https://www.linkedin.com/feed/update/urn%3Ali%3Aactivity%3A7296039083791826945
2025-02-13 01:22:56,LIKE,https://www.linkedin.com/feed/update/urn%3Ali%3Aactivity%3A7295525368327790593
2025-02-13 00:30:37,LIKE,https://www.linkedin.com/feed/update/urn%3Ali%3Aactivity%3A7295459639792455680
2025-02-08 20:44:11,LIKE,https://www.linkedin.com/feed/update/urn%3Ali%3Aactivity%3A7293271940448804864?commentUrn=urn%3Ali%3Acomment%3A%28activity%3A7293271940448804864%2C7293313213897572353%29
2025-02-08 20:41:49,LIKE,https://www.linkedin.com/feed/update/urn%3Ali%3Aactivity%3A7293271940448804864?commentUrn=urn%3Ali%3Acomment%3A%28activity%3A7293271940448804864%2C7293521904030629888%29
2025-02-08 20:41:36,LIKE,https://www.linkedin.com/feed/update/urn%3Ali%3Aactivity%3A7293271940448804864?commentUrn=urn%3Ali%3Acomment%3A%28activity%3A7293271940448804864%2C7293273196290588672%29
2025-02-07 07:34:49,LIKE,https://www.linkedin.com/feed/update/urn%3Ali%3Aactivity%3A7293074686760914946?commentUrn=urn%3Ali%3Acomment%3A%28activity%3A7293074686760914946%2C7293314398113173504%29
2025-02-07 07:34:26,LIKE,https://www.linkedin.com/feed/update/urn%3Ali%3Aactivity%3A7293074686760914946?commentUrn=urn%3Ali%3Acomment%3A%28activity%3A7293074686760914946%2C7293294834855862273%29
2025-02-07 07:32:45,LIKE,https://www.linkedin.com/feed/update/urn%3Ali%3Aactivity%3A7293074686760914946
2025-02-06 18:33:15,LIKE,https://www.linkedin.com/feed/update/urn%3Ali%3AugcPost%3A7290777214629855233?commentUrn=urn%3Ali%3Acomment%3A%28ugcPost%3A7290777214629855233%2C7292314840658759680%29
2025-02-06 18:33:07,LIKE,https://www.linkedin.com/feed/update/urn%3Ali%3AugcPost%3A7290777214629855233?commentUrn=urn%3Ali%3Acomment%3A%28ugcPost%3A7290777214629855233%2C7292515270575702016%29
2025-02-06 18:32:55,LIKE,https://www.linkedin.com/feed/update/urn%3Ali%3AugcPost%3A7290777214629855233?commentUrn=urn%3Ali%3Acomment%3A%28ugcPost%3A7290777214629855233%2C7293328376122007552%29
2025-02-06 18:32:51,LIKE,https://www.linkedin.com/feed/update/urn%3Ali%3AugcPost%3A7290777214629855233?commentUrn=urn%3Ali%3Acomment%3A%28ugcPost%3A7290777214629855233%2C7290785997355634688%29
2025-02-06 18:32:47,LIKE,https://www.linkedin.com/feed/update/urn%3Ali%3AugcPost%3A7290777214629855233?commentUrn=urn%3Ali%3Acomment%3A%28ugcPost%3A7290777214629855233%2C7290828054396813312%29
2025-02-06 18:32:09,LIKE,https://www.linkedin.com/feed/update/urn%3Ali%3AugcPost%3A7289012104563429376?commentUrn=urn%3Ali%3Acomment%3A%28ugcPost%3A7289012104563429376%2C7289018447223496704%29
2025-02-05 05:18:26,LIKE,https://www.linkedin.com/feed/update/urn%3Ali%3Aactivity%3A7292657190807445504
2025-02-04 18:19:46,LIKE,https://www.linkedin.com/feed/update/urn%3Ali%3Aactivity%3A7292530677856514048
2025-02-01 20:12:04,LIKE,https://www.linkedin.com/feed/update/urn%3Ali%3Aactivity%3A7291108951197114368
2025-01-27 22:19:06,LIKE,https://www.linkedin.com/feed/update/urn%3Ali%3Aactivity%3A7289689770744573953
2025-01-26 19:24:57,LIKE,https://www.linkedin.com/feed/update/urn%3Ali%3Aactivity%3A7288978941816496130
2025-01-24 20:19:08,LIKE,https://www.linkedin.com/feed/update/urn%3Ali%3Aactivity%3A7288566744451887105
2025-01-23 22:19:40,LIKE,https://www.linkedin.com/feed/update/urn%3Ali%3Aactivity%3A7288299921420550145
2025-01-23 05:38:21,LIKE,https://www.linkedin.com/feed/update/urn%3Ali%3Aactivity%3A7287519857670082561
2025-01-23 01:02:36,LIKE,https://www.linkedin.com/feed/update/urn%3Ali%3Aactivity%3A7287891823555952640
2025-01-21 17:14:36,LIKE,https://www.linkedin.com/feed/update/urn%3Ali%3Aactivity%3A7287457733891555328
2025-01-21 04:00:08,LIKE,https://www.linkedin.com/feed/update/urn%3Ali%3Aactivity%3A7286368677141073921?commentUrn=urn%3Ali%3Acomment%3A%28activity%3A7286368677141073921%2C7286409584569638912%29
2025-01-20 19:58:04,LIKE,https://www.linkedin.com/feed/update/urn%3Ali%3Aactivity%3A7286315660400300033
2025-01-19 21:29:09,LIKE,https://www.linkedin.com/feed/update/urn%3Ali%3Aactivity%3A7286835009749962753
2025-01-18 02:54:18,LIKE,https://www.linkedin.com/feed/update/urn%3Ali%3Aactivity%3A7285752752595492864?commentUrn=urn%3Ali%3Acomment%3A%28activity%3A7285752752595492864%2C7285755504046350338%29
2025-01-18 02:53:57,LIKE,https://www.linkedin.com/feed/update/urn%3Ali%3Aactivity%3A7285752752595492864?commentUrn=urn%3Ali%3Acomment%3A%28activity%3A7285752752595492864%2C7285756267841646592%29
2025-01-18 02:53:23,LIKE,https://www.linkedin.com/feed/update/urn%3Ali%3Aactivity%3A7285752752595492864?commentUrn=urn%3Ali%3Acomment%3A%28activity%3A7285752752595492864%2C7285773954063974400%29
2025-01-17 17:12:52,LIKE,https://www.linkedin.com/feed/update/urn%3Ali%3Aactivity%3A7286039789772914689?commentUrn=urn%3Ali%3Acomment%3A%28activity%3A7286039789772914689%2C7286050766547505154%29
2025-01-17 17:11:05,LIKE,https://www.linkedin.com/feed/update/urn%3Ali%3Aactivity%3A7286039789772914689?commentUrn=urn%3Ali%3Acomment%3A%28activity%3A7286039789772914689%2C7286052918992990208%29
2025-01-17 16:59:53,LIKE,https://www.linkedin.com/feed/update/urn%3Ali%3Aactivity%3A7286039789772914689
2025-01-14 15:04:43,LIKE,https://www.linkedin.com/feed/update/urn%3Ali%3Aactivity%3A7284903893124153345
2025-01-11 18:59:55,LIKE,https://www.linkedin.com/feed/update/urn%3Ali%3Aactivity%3A7283874446522626048
2025-01-11 04:33:45,LIKE,https://www.linkedin.com/feed/update/urn%3Ali%3Aactivity%3A7283632538789597184?commentUrn=urn%3Ali%3Acomment%3A%28activity%3A7283632538789597184%2C7283640683901394945%29
2025-01-11 04:33:15,LIKE,https://www.linkedin.com/feed/update/urn%3Ali%3Aactivity%3A7283632538789597184
2025-01-10 05:57:16,LIKE,https://www.linkedin.com/feed/update/urn%3Ali%3AugcPost%3A7283213564285259776?commentUrn=urn%3Ali%3Acomment%3A%28ugcPost%3A7283213564285259776%2C7283222494159724544%29
2025-01-10 05:56:40,LIKE,https://www.linkedin.com/feed/update/urn%3Ali%3AugcPost%3A7283213564285259776?commentUrn=urn%3Ali%3Acomment%3A%28ugcPost%3A7283213564285259776%2C7283226375296090114%29
2025-01-09 21:36:49,LIKE,https://www.linkedin.com/feed/update/urn%3Ali%3Aactivity%3A7245087082665136129?commentUrn=urn%3Ali%3Acomment%3A%28activity%3A7245087082665136129%2C7254767383888719875%29
2025-01-09 21:36:46,LIKE,https://www.linkedin.com/feed/update/urn%3Ali%3Aactivity%3A7245087082665136129?commentUrn=urn%3Ali%3Acomment%3A%28activity%3A7245087082665136129%2C7278854302691954688%29
2025-01-09 16:25:37,LIKE,https://www.linkedin.com/feed/update/urn%3Ali%3AugcPost%3A7283131763365732352?commentUrn=urn%3Ali%3Acomment%3A%28ugcPost%3A7283131763365732352%2C7283156652361494528%29
2025-01-09 15:19:07,LIKE,https://www.linkedin.com/feed/update/urn%3Ali%3AugcPost%3A7283131763365732352
2025-01-09 13:16:10,LIKE,https://www.linkedin.com/feed/update/urn%3Ali%3AugcPost%3A7283092776563412992?commentUrn=urn%3Ali%3Acomment%3A%28ugcPost%3A7283092776563412992%2C7283108366497779712%29
2025-01-09 13:16:01,LIKE,https://www.linkedin.com/feed/update/urn%3Ali%3AugcPost%3A7283092776563412992?commentUrn=urn%3Ali%3Acomment%3A%28ugcPost%3A7283092776563412992%2C7283108269970116609%29
2025-01-09 08:22:46,LIKE,https://www.linkedin.com/feed/update/urn%3Ali%3AugcPost%3A7282442759532068865
2025-01-09 08:21:53,LIKE,https://www.linkedin.com/feed/update/urn%3Ali%3AugcPost%3A7251755671006642176
2025-01-09 08:21:46,LIKE,https://www.linkedin.com/feed/update/urn%3Ali%3Aactivity%3A7283029761742782464
2025-01-08 19:50:29,LIKE,https://www.linkedin.com/feed/update/urn%3Ali%3AugcPost%3A7282715258777931778?commentUrn=urn%3Ali%3Acomment%3A%28ugcPost%3A7282715258777931778%2C7282827575540736000%29
2025-01-08 19:50:17,LIKE,https://www.linkedin.com/feed/update/urn%3Ali%3AugcPost%3A7282715258777931778?commentUrn=urn%3Ali%3Acomment%3A%28ugcPost%3A7282715258777931778%2C7282839820136067072%29
2025-01-08 19:50:11,LIKE,https://www.linkedin.com/feed/update/urn%3Ali%3AugcPost%3A7282715258777931778?commentUrn=urn%3Ali%3Acomment%3A%28ugcPost%3A7282715258777931778%2C7282845649375535104%29
2025-01-08 16:26:53,LIKE,https://www.linkedin.com/feed/update/urn%3Ali%3Aactivity%3A7282781297339465729
2025-01-08 04:49:16,LIKE,https://www.linkedin.com/feed/update/urn%3Ali%3Aactivity%3A7282577016896290817
2025-01-08 03:34:03,LIKE,https://www.linkedin.com/feed/update/urn%3Ali%3Aactivity%3A7282512369577013250
2025-01-08 00:04:43,LIKE,https://www.linkedin.com/feed/update/urn%3Ali%3Aactivity%3A7282451304637952000?commentUrn=urn%3Ali%3Acomment%3A%28activity%3A7282451304637952000%2C7282453474305331201%29
2025-01-08 00:04:38,LIKE,https://www.linkedin.com/feed/update/urn%3Ali%3Aactivity%3A7282451304637952000?commentUrn=urn%3Ali%3Acomment%3A%28activity%3A7282451304637952000%2C7282500365000876035%29
2025-01-08 00:04:30,LIKE,https://www.linkedin.com/feed/update/urn%3Ali%3Aactivity%3A7282451304637952000?commentUrn=urn%3Ali%3Acomment%3A%28activity%3A7282451304637952000%2C7282480918441664512%29
2025-01-07 20:06:17,LIKE,https://www.linkedin.com/feed/update/urn%3Ali%3AugcPost%3A7282459855330689025
2025-01-07 13:06:32,LIKE,https://www.linkedin.com/feed/update/urn%3Ali%3AugcPost%3A7271912011460939776
2025-01-07 13:06:18,LIKE,https://www.linkedin.com/feed/update/urn%3Ali%3Aactivity%3A7282372934122262528
2025-01-07 12:03:30,LIKE,https://www.linkedin.com/feed/update/urn%3Ali%3AugcPost%3A7282352844739874816?commentUrn=urn%3Ali%3Acomment%3A%28ugcPost%3A7282352844739874816%2C7282354167396913153%29
2025-01-07 12:03:18,LIKE,https://www.linkedin.com/feed/update/urn%3Ali%3AugcPost%3A7282352844739874816?commentUrn=urn%3Ali%3Acomment%3A%28ugcPost%3A7282352844739874816%2C7282353836978008064%29
2025-01-07 12:00:45,LIKE,https://www.linkedin.com/feed/update/urn%3Ali%3AugcPost%3A7282352844739874816?commentUrn=urn%3Ali%3Acomment%3A%28ugcPost%3A7282352844739874816%2C7282359038124707840%29
2025-01-07 12:00:29,LIKE,https://www.linkedin.com/feed/update/urn%3Ali%3AugcPost%3A7282352844739874816?commentUrn=urn%3Ali%3Acomment%3A%28ugcPost%3A7282352844739874816%2C7282353955278311424%29
2025-01-07 05:46:22,LIKE,https://www.linkedin.com/feed/update/urn%3Ali%3AugcPost%3A7282127498862067712
2025-01-07 03:39:53,LIKE,https://www.linkedin.com/feed/update/urn%3Ali%3Aactivity%3A7282067702813192193
2025-01-07 03:39:44,LIKE,https://www.linkedin.com/feed/update/urn%3Ali%3Aactivity%3A7282141559406419968
2025-01-07 03:03:56,LIKE,https://www.linkedin.com/feed/update/urn%3Ali%3Aactivity%3A7282172479282823169
2025-01-06 22:56:07,LIKE,https://www.linkedin.com/feed/update/urn%3Ali%3Aactivity%3A7282091385992724481
2025-01-06 17:06:58,LIKE,https://www.linkedin.com/feed/update/urn%3Ali%3Aactivity%3A7282058739279376387
2025-01-06 13:54:11,LIKE,https://www.linkedin.com/feed/update/urn%3Ali%3Aactivity%3A7282011404256129024
2025-01-06 12:06:44,LIKE,https://www.linkedin.com/feed/update/urn%3Ali%3Aactivity%3A7281118138052526080?commentUrn=urn%3Ali%3Acomment%3A%28activity%3A7281118138052526080%2C7281181971148349441%29
2025-01-06 08:29:18,LIKE,https://www.linkedin.com/feed/update/urn%3Ali%3Aactivity%3A7276921788419178497
2025-01-05 18:21:31,LIKE,https://www.linkedin.com/feed/update/urn%3Ali%3AugcPost%3A7281709809861640192
2025-01-05 17:33:44,LIKE,https://www.linkedin.com/feed/update/urn%3Ali%3Aactivity%3A7281010154932715521
2025-01-05 17:14:22,LIKE,https://www.linkedin.com/feed/update/urn%3Ali%3Aactivity%3A7281713528057561088?commentUrn=urn%3Ali%3Acomment%3A%28activity%3A7281713528057561088%2C7281716729985044480%29
2025-01-05 17:14:13,LIKE,https://www.linkedin.com/feed/update/urn%3Ali%3Aactivity%3A7281713528057561088?commentUrn=urn%3Ali%3Acomment%3A%28activity%3A7281713528057561088%2C7281716535520382978%29
2025-01-05 12:25:31,LIKE,https://www.linkedin.com/feed/update/urn%3Ali%3AugcPost%3A7270495919140225026
2025-01-05 09:38:42,LIKE,https://www.linkedin.com/feed/update/urn%3Ali%3Aactivity%3A7281576234038267904?commentUrn=urn%3Ali%3Acomment%3A%28activity%3A7281576234038267904%2C7281578381140205569%29
2025-01-05 06:12:00,LIKE,https://www.linkedin.com/feed/update/urn%3Ali%3Aactivity%3A7280026181440028672?commentUrn=urn%3Ali%3Acomment%3A%28activity%3A7280026181440028672%2C7280026270598365184%29
2025-01-05 04:54:37,LIKE,https://www.linkedin.com/feed/update/urn%3Ali%3Aactivity%3A7281430094168907776
2025-01-05 01:49:51,LIKE,https://www.linkedin.com/feed/update/urn%3Ali%3Aactivity%3A7281406703311425536
2025-01-05 01:48:19,LIKE,https://www.linkedin.com/feed/update/urn%3Ali%3Aactivity%3A7281406703311425536?commentUrn=urn%3Ali%3Acomment%3A%28activity%3A7281406703311425536%2C7281483293642969088%29
2025-01-05 01:47:32,LIKE,https://www.linkedin.com/feed/update/urn%3Ali%3Aactivity%3A7281406703311425536?commentUrn=urn%3Ali%3Acomment%3A%28activity%3A7281406703311425536%2C7281412021672116225%29
2025-01-05 01:24:17,LIKE,https://www.linkedin.com/feed/update/urn%3Ali%3Aactivity%3A7281384014538514432
2025-01-05 00:41:44,LIKE,https://www.linkedin.com/feed/update/urn%3Ali%3Aactivity%3A7281334707072417792
2025-01-05 00:40:17,LIKE,https://www.linkedin.com/feed/update/urn%3Ali%3Aactivity%3A7281315601204088834
2025-01-04 14:27:37,LIKE,https://www.linkedin.com/feed/update/urn%3Ali%3Aactivity%3A7281009728128798720
2025-01-04 14:26:18,LIKE,https://www.linkedin.com/feed/update/urn%3Ali%3Aactivity%3A7281285764129144832
2025-01-04 14:26:04,LIKE,https://www.linkedin.com/feed/update/urn%3Ali%3AugcPost%3A7281271192232095745
2025-01-04 14:11:24,LIKE,https://www.linkedin.com/feed/update/urn%3Ali%3AugcPost%3A7281271192232095745?commentUrn=urn%3Ali%3Acomment%3A%28ugcPost%3A7281271192232095745%2C7281275972975222784%29
2025-01-04 12:08:22,LIKE,https://www.linkedin.com/feed/update/urn%3Ali%3AugcPost%3A7280388411624972288
2025-01-04 10:46:38,LIKE,https://www.linkedin.com/feed/update/urn%3Ali%3Aactivity%3A7281247999022776320?commentUrn=urn%3Ali%3Acomment%3A%28activity%3A7281247999022776320%2C7281259083138048000%29
2025-01-03 23:38:29,LIKE,https://www.linkedin.com/feed/update/urn%3Ali%3Aactivity%3A7281075916649156609?commentUrn=urn%3Ali%3Acomment%3A%28activity%3A7281075916649156609%2C7281088318044295169%29
2025-01-03 23:38:14,LIKE,https://www.linkedin.com/feed/update/urn%3Ali%3Aactivity%3A7281075916649156609?commentUrn=urn%3Ali%3Acomment%3A%28activity%3A7281075916649156609%2C7281078741177425920%29
2025-01-03 23:38:05,LIKE,https://www.linkedin.com/feed/update/urn%3Ali%3Aactivity%3A7281075916649156609?commentUrn=urn%3Ali%3Acomment%3A%28activity%3A7281075916649156609%2C7281077095714213890%29
2025-01-03 22:55:46,LIKE,https://www.linkedin.com/feed/update/urn%3Ali%3AugcPost%3A7280967931872591872?commentUrn=urn%3Ali%3Acomment%3A%28ugcPost%3A7280967931872591872%2C7281068869316743169%29
2025-01-03 22:55:45,LIKE,https://www.linkedin.com/feed/update/urn%3Ali%3AugcPost%3A7280967931872591872?commentUrn=urn%3Ali%3Acomment%3A%28ugcPost%3A7280967931872591872%2C7281075600172232704%29
2025-01-03 22:54:56,LIKE,https://www.linkedin.com/feed/update/urn%3Ali%3Aactivity%3A7279868264183152640
2025-01-03 22:53:57,LIKE,https://www.linkedin.com/feed/update/urn%3Ali%3Aactivity%3A7281062886863466496
2025-01-03 17:59:07,LIKE,https://www.linkedin.com/feed/update/urn%3Ali%3AugcPost%3A7280967931872591872?commentUrn=urn%3Ali%3Acomment%3A%28ugcPost%3A7280967931872591872%2C7280977784401793053%29
2025-01-03 15:59:47,LIKE,https://www.linkedin.com/feed/update/urn%3Ali%3Aactivity%3A7280956214941761536
2025-01-03 14:50:58,LIKE,https://www.linkedin.com/feed/update/urn%3Ali%3Aactivity%3A7280609559541420033
2025-01-03 14:18:52,LIKE,https://www.linkedin.com/feed/update/urn%3Ali%3Aactivity%3A7280681223545393153?commentUrn=urn%3Ali%3Acomment%3A%28activity%3A7280681223545393153%2C7280737357568385024%29
2025-01-03 10:58:40,LIKE,https://www.linkedin.com/feed/update/urn%3Ali%3AugcPost%3A7280888528371159040
2025-01-02 17:31:02,LIKE,https://www.linkedin.com/feed/update/urn%3Ali%3Aactivity%3A7279542274944811010
2025-01-02 03:49:49,LIKE,https://www.linkedin.com/feed/update/urn%3Ali%3Aactivity%3A7280348805651120128
2025-01-02 01:29:28,LIKE,https://www.linkedin.com/feed/update/urn%3Ali%3AugcPost%3A7279184746960625664
2025-01-01 11:06:54,LIKE,https://www.linkedin.com/feed/update/urn%3Ali%3Aactivity%3A7280177450792157184
2024-12-31 15:15:42,LIKE,https://www.linkedin.com/feed/update/urn%3Ali%3Aactivity%3A7279812710513410048
2024-12-31 13:46:18,LIKE,https://www.linkedin.com/feed/update/urn%3Ali%3Aactivity%3A7279394553479020546
2024-12-31 13:09:30,LIKE,https://www.linkedin.com/feed/update/urn%3Ali%3Aactivity%3A7278422634843832320?commentUrn=urn%3Ali%3Acomment%3A%28activity%3A7278422634843832320%2C7278977467397107712%29
2024-12-31 13:08:08,LIKE,https://www.linkedin.com/feed/update/urn%3Ali%3Aactivity%3A7278422634843832320
2024-12-31 02:56:06,LIKE,https://www.linkedin.com/feed/update/urn%3Ali%3Aactivity%3A7279497125552349184
2024-12-31 01:48:20,LIKE,https://www.linkedin.com/feed/update/urn%3Ali%3Aactivity%3A7279665198167171072
2024-12-29 01:21:50,LIKE,https://www.linkedin.com/feed/update/urn%3Ali%3AugcPost%3A7278864889434038272
2024-12-28 00:09:14,LIKE,https://www.linkedin.com/feed/update/urn%3Ali%3AugcPost%3A7278385673294761984?commentUrn=urn%3Ali%3Acomment%3A%28ugcPost%3A7278385673294761984%2C7278530193474932736%29
2024-12-27 23:37:44,LIKE,https://www.linkedin.com/feed/update/urn%3Ali%3Aactivity%3A7276970775666991104?commentUrn=urn%3Ali%3Acomment%3A%28activity%3A7276970775666991104%2C7278471032854757376%29
2024-12-27 23:36:11,LIKE,https://www.linkedin.com/feed/update/urn%3Ali%3Aactivity%3A7276970775666991104
2024-12-25 03:55:56,LIKE,https://www.linkedin.com/feed/update/urn%3Ali%3Aactivity%3A7272945384803479554
2024-12-24 11:38:49,LIKE,https://www.linkedin.com/feed/update/urn%3Ali%3Aactivity%3A7277014142174052353?commentUrn=urn%3Ali%3Acomment%3A%28activity%3A7277014142174052353%2C7277016829905014785%29
2024-12-24 04:48:38,LIKE,https://www.linkedin.com/feed/update/urn%3Ali%3Aactivity%3A7276961384347701248
2024-12-24 00:05:55,LIKE,https://www.linkedin.com/feed/update/urn%3Ali%3AugcPost%3A7273092525735731201
2024-12-23 12:06:46,LIKE,https://www.linkedin.com/feed/update/urn%3Ali%3Aactivity%3A7276589572124209152
2024-12-22 19:43:29,LIKE,https://www.linkedin.com/feed/update/urn%3Ali%3AugcPost%3A7244175491694215168
2024-12-22 03:12:55,LIKE,https://www.linkedin.com/feed/update/urn%3Ali%3AugcPost%3A7276324748828069888?commentUrn=urn%3Ali%3Acomment%3A%28ugcPost%3A7276324748828069888%2C7276328261712805889%29
2024-12-22 03:12:41,LIKE,https://www.linkedin.com/feed/update/urn%3Ali%3AugcPost%3A7276324748828069888
2024-12-21 22:21:11,LIKE,https://www.linkedin.com/feed/update/urn%3Ali%3AarticleSegment%3A%28urn%3Ali%3AlinkedInArticle%3A7263256558845714432%2C7263256565464416257%29?commentUrn=urn%3Ali%3Acomment%3A%28articleSegment%3A%28urn%3Ali%3AlinkedInArticle%3A7263256558845714432%2C7263256565464416257%29%2C7276224668842283008%29
2024-12-21 22:20:42,LIKE,https://www.linkedin.com/feed/update/urn%3Ali%3AarticleSegment%3A%28urn%3Ali%3AlinkedInArticle%3A7263256558845714432%2C7263256565464416257%29?commentUrn=urn%3Ali%3Acomment%3A%28articleSegment%3A%28urn%3Ali%3AlinkedInArticle%3A7263256558845714432%2C7263256565464416257%29%2C7275806990294028290%29
2024-12-21 22:16:56,LIKE,https://www.linkedin.com/feed/update/urn%3Ali%3AugcPost%3A7276206132501635072
2024-12-21 04:33:20,LIKE,https://www.linkedin.com/feed/update/urn%3Ali%3Aactivity%3A7275953271662432256?commentUrn=urn%3Ali%3Acomment%3A%28activity%3A7275953271662432256%2C7276087151241347072%29
2024-12-21 03:37:34,LIKE,https://www.linkedin.com/feed/update/urn%3Ali%3Aactivity%3A7275887276432273408
2024-12-20 18:56:18,LIKE,https://www.linkedin.com/feed/update/urn%3Ali%3Aactivity%3A7275871726603816962
2024-12-19 22:27:32,LIKE,https://www.linkedin.com/feed/update/urn%3Ali%3Aactivity%3A7275582677489958912
2024-12-19 01:14:41,LIKE,https://www.linkedin.com/feed/update/urn%3Ali%3AugcPost%3A7275207553049939968
2024-12-18 10:31:29,LIKE,https://www.linkedin.com/feed/update/urn%3Ali%3Aactivity%3A7273485809385664512
2024-12-18 10:31:05,LIKE,https://www.linkedin.com/feed/update/urn%3Ali%3Aactivity%3A7272596853060243456
2024-12-18 10:29:19,LIKE,https://www.linkedin.com/feed/update/urn%3Ali%3Aactivity%3A7274447975391612930
2024-12-17 21:18:07,LIKE,https://www.linkedin.com/feed/update/urn%3Ali%3AugcPost%3A7274879339794415616
2024-12-17 20:10:22,LIKE,https://www.linkedin.com/feed/update/urn%3Ali%3Aactivity%3A7274702442041069568?commentUrn=urn%3Ali%3Acomment%3A%28activity%3A7274702442041069568%2C7274714549298057217%29
2024-12-17 20:10:13,LIKE,https://www.linkedin.com/feed/update/urn%3Ali%3Aactivity%3A7274702442041069568
2024-12-17 09:57:38,LIKE,https://www.linkedin.com/feed/update/urn%3Ali%3Aactivity%3A7274530326977134592
2024-12-16 22:07:19,LIKE,https://www.linkedin.com/feed/update/urn%3Ali%3Aactivity%3A7274461096474771456
2024-12-15 09:36:32,LIKE,https://www.linkedin.com/feed/update/urn%3Ali%3AugcPost%3A7271828515421900801?commentUrn=urn%3Ali%3Acomment%3A%28ugcPost%3A7271828515421900801%2C7271839904769208321%29
2024-12-14 16:54:27,LIKE,https://www.linkedin.com/feed/update/urn%3Ali%3AugcPost%3A7239292766692786177
2024-12-14 15:52:56,LIKE,https://www.linkedin.com/feed/update/urn%3Ali%3Aactivity%3A7273716952097857536
2024-12-13 23:54:03,LIKE,https://www.linkedin.com/feed/update/urn%3Ali%3Aactivity%3A7273411909406617600
2024-12-13 23:53:48,LIKE,https://www.linkedin.com/feed/update/urn%3Ali%3Aactivity%3A7273308775644631040
2024-12-13 08:18:49,LIKE,https://www.linkedin.com/feed/update/urn%3Ali%3Aactivity%3A7273067998741954560
2024-12-12 03:04:32,LIKE,https://www.linkedin.com/feed/update/urn%3Ali%3Aactivity%3A7272236324949041152
2024-12-10 03:27:24,LIKE,https://www.linkedin.com/feed/update/urn%3Ali%3AugcPost%3A7271936329108615168
2024-12-07 01:40:58,LIKE,https://www.linkedin.com/feed/update/urn%3Ali%3AugcPost%3A7270914750996189184
2024-12-06 03:18:09,LIKE,https://www.linkedin.com/feed/update/urn%3Ali%3AugcPost%3A7269443640328966145?commentUrn=urn%3Ali%3Acomment%3A%28ugcPost%3A7269443640328966145%2C7269488695374688256%29
2024-12-06 03:17:55,LIKE,https://www.linkedin.com/feed/update/urn%3Ali%3AugcPost%3A7269443640328966145
2024-12-05 18:46:35,LIKE,https://www.linkedin.com/feed/update/urn%3Ali%3Aactivity%3A7269406624610430976?commentUrn=urn%3Ali%3Acomment%3A%28activity%3A7269406624610430976%2C7270177792938381312%29
2024-12-05 18:46:12,LIKE,https://www.linkedin.com/feed/update/urn%3Ali%3Aactivity%3A7269406624610430976
2024-12-04 21:45:29,LIKE,https://www.linkedin.com/feed/update/urn%3Ali%3Aactivity%3A7269413950348263424
2024-12-04 21:12:07,LIKE,https://www.linkedin.com/feed/update/urn%3Ali%3Aactivity%3A7267584062096080896
2024-12-03 08:42:43,LIKE,https://www.linkedin.com/feed/update/urn%3Ali%3Aactivity%3A7268835966671286272?commentUrn=urn%3Ali%3Acomment%3A%28activity%3A7268835966671286272%2C7269085601201557509%29
2024-12-02 02:38:24,LIKE,https://www.linkedin.com/feed/update/urn%3Ali%3Aactivity%3A7269034340670484481
2024-12-01 12:17:58,LIKE,https://www.linkedin.com/feed/update/urn%3Ali%3AugcPost%3A7266508821441712129?commentUrn=urn%3Ali%3Acomment%3A%28ugcPost%3A7266508821441712129%2C7266510002373173248%29
2024-12-01 06:58:33,LIKE,https://www.linkedin.com/feed/update/urn%3Ali%3Aactivity%3A7268835966671286272
2024-11-28 08:36:11,LIKE,https://www.linkedin.com/feed/update/urn%3Ali%3Aactivity%3A7267538377556516865
2024-11-24 00:37:16,LIKE,https://www.linkedin.com/feed/update/urn%3Ali%3Aactivity%3A7266054261673758720
2024-11-23 14:39:47,LIKE,https://www.linkedin.com/feed/update/urn%3Ali%3Aactivity%3A7266060610998599680
2024-11-19 22:06:18,LIKE,https://www.linkedin.com/feed/update/urn%3Ali%3AugcPost%3A7264709171931938816
2024-11-15 21:27:36,LIKE,https://www.linkedin.com/feed/update/urn%3Ali%3Aactivity%3A7263245016817381376?commentUrn=urn%3Ali%3Acomment%3A%28activity%3A7263245016817381376%2C7263250396532387843%29
2024-11-15 18:02:54,LIKE,https://www.linkedin.com/feed/update/urn%3Ali%3Aactivity%3A7263245016817381376?commentUrn=urn%3Ali%3Acomment%3A%28activity%3A7263245016817381376%2C7263249833870729216%29
2024-11-15 17:56:32,LIKE,https://www.linkedin.com/feed/update/urn%3Ali%3Aactivity%3A7263231406082777088
2024-11-15 12:59:14,LIKE,https://www.linkedin.com/feed/update/urn%3Ali%3AugcPost%3A7263131686060666880?commentUrn=urn%3Ali%3Acomment%3A%28ugcPost%3A7263131686060666880%2C7263134131511873537%29
2024-11-15 12:57:24,LIKE,https://www.linkedin.com/feed/update/urn%3Ali%3Aactivity%3A7262124293814161408
2024-11-15 12:55:41,LIKE,https://www.linkedin.com/feed/update/urn%3Ali%3AugcPost%3A7262799024011796482?commentUrn=urn%3Ali%3Acomment%3A%28ugcPost%3A7262799024011796482%2C7263044273908924417%29
2024-11-13 18:19:43,LIKE,https://www.linkedin.com/feed/update/urn%3Ali%3Aactivity%3A7262509774070505473
2024-11-12 01:33:58,LIKE,https://www.linkedin.com/feed/update/urn%3Ali%3AugcPost%3A7261793133972107264
2024-11-11 21:06:45,LIKE,https://www.linkedin.com/feed/update/urn%3Ali%3Aactivity%3A7261753614329630720
2024-11-10 22:07:34,LIKE,https://www.linkedin.com/feed/update/urn%3Ali%3Aactivity%3A7261389311101526016
2024-11-10 22:07:22,LIKE,https://www.linkedin.com/feed/update/urn%3Ali%3AugcPost%3A7261470231770910721
2024-11-09 23:44:20,LIKE,https://www.linkedin.com/feed/update/urn%3Ali%3AugcPost%3A7258368299355324416
2024-11-09 23:42:42,LIKE,https://www.linkedin.com/feed/update/urn%3Ali%3Aactivity%3A7259955966333349889
2024-11-09 23:41:44,LIKE,https://www.linkedin.com/feed/update/urn%3Ali%3Aactivity%3A7261071909813932033
2024-11-09 15:47:04,LIKE,https://www.linkedin.com/feed/update/urn%3Ali%3AugcPost%3A7260827511117217792
2024-11-08 21:50:35,LIKE,https://www.linkedin.com/feed/update/urn%3Ali%3AugcPost%3A7260746923035303936
2024-11-07 22:53:03,LIKE,https://www.linkedin.com/feed/update/urn%3Ali%3Aactivity%3A7260057007829733376
2024-11-07 05:20:45,LIKE,https://www.linkedin.com/feed/update/urn%3Ali%3Aactivity%3A7260071079933558784
2024-11-06 23:41:26,LIKE,https://www.linkedin.com/feed/update/urn%3Ali%3Aactivity%3A7259975268109332480
2024-11-06 02:53:53,LIKE,https://www.linkedin.com/feed/update/urn%3Ali%3AugcPost%3A7259670021159759873
2024-11-04 09:07:16,LIKE,https://www.linkedin.com/feed/update/urn%3Ali%3Aactivity%3A7258879925951115264
2024-11-04 07:49:37,LIKE,https://www.linkedin.com/feed/update/urn%3Ali%3Aactivity%3A7258925059396833280
2024-11-04 07:48:38,LIKE,https://www.linkedin.com/feed/update/urn%3Ali%3Aactivity%3A7259005799291576321
2024-11-03 22:09:16,LIKE,https://www.linkedin.com/feed/update/urn%3Ali%3Aactivity%3A7258933522768297984
2024-11-01 01:47:35,LIKE,https://www.linkedin.com/feed/update/urn%3Ali%3Aactivity%3A7257710554453024768?commentUrn=urn%3Ali%3Acomment%3A%28activity%3A7257710554453024768%2C7257912325767069697%29
2024-11-01 01:47:18,LIKE,https://www.linkedin.com/feed/update/urn%3Ali%3Aactivity%3A7257772057898225664
2024-10-31 11:11:51,LIKE,https://www.linkedin.com/feed/update/urn%3Ali%3Aactivity%3A7257666364562100226?commentUrn=urn%3Ali%3Acomment%3A%28activity%3A7257666364562100226%2C7257694949003968512%29
2024-10-31 11:11:42,LIKE,https://www.linkedin.com/feed/update/urn%3Ali%3Aactivity%3A7257666364562100226?commentUrn=urn%3Ali%3Acomment%3A%28activity%3A7257666364562100226%2C7257704184077078528%29
2024-10-31 11:11:27,LIKE,https://www.linkedin.com/feed/update/urn%3Ali%3Aactivity%3A7257666364562100226?commentUrn=urn%3Ali%3Acomment%3A%28activity%3A7257666364562100226%2C7257706853936062464%29
2024-10-31 11:10:16,LIKE,https://www.linkedin.com/feed/update/urn%3Ali%3Aactivity%3A7257666364562100226
2024-10-31 11:09:47,LIKE,https://www.linkedin.com/feed/update/urn%3Ali%3AugcPost%3A7257424177182236672
2024-10-31 10:44:53,LIKE,https://www.linkedin.com/feed/update/urn%3Ali%3Aactivity%3A7255248447845408769
2024-10-31 05:32:53,LIKE,https://www.linkedin.com/feed/update/urn%3Ali%3Aactivity%3A7257432745168007170
2024-10-30 19:10:27,LIKE,https://www.linkedin.com/feed/update/urn%3Ali%3Aactivity%3A7257443266910920706
2024-10-30 13:51:38,LIKE,https://www.linkedin.com/feed/update/urn%3Ali%3Aactivity%3A7257366623399948288
2024-10-30 12:39:52,LIKE,https://www.linkedin.com/feed/update/urn%3Ali%3AugcPost%3A7246533374717140994
2024-10-30 09:03:09,LIKE,https://www.linkedin.com/feed/update/urn%3Ali%3AugcPost%3A7254911507170238465
2024-10-30 01:52:10,LIKE,https://www.linkedin.com/feed/update/urn%3Ali%3Aactivity%3A7257032182127353857
2024-10-30 01:51:34,LIKE,https://www.linkedin.com/feed/update/urn%3Ali%3Aactivity%3A7257032182127353857?commentUrn=urn%3Ali%3Acomment%3A%28activity%3A7257032182127353857%2C7257136121451614209%29
2024-10-30 01:51:12,LIKE,https://www.linkedin.com/feed/update/urn%3Ali%3AugcPost%3A7256351973954719744
2024-10-27 01:38:05,LIKE,https://www.linkedin.com/feed/update/urn%3Ali%3Aactivity%3A7255975251388329984
2024-10-25 20:44:56,LIKE,https://www.linkedin.com/feed/update/urn%3Ali%3AugcPost%3A7255640761352822786
2024-10-25 08:23:09,LIKE,https://www.linkedin.com/feed/update/urn%3Ali%3Aactivity%3A7255388638211973120
2024-10-24 15:35:13,LIKE,https://www.linkedin.com/feed/update/urn%3Ali%3AugcPost%3A7253149804430573568
2024-10-07 23:03:10,LIKE,https://www.linkedin.com/feed/update/urn%3Ali%3AugcPost%3A7249134446560301056
2024-10-03 02:30:52,LIKE,https://www.linkedin.com/feed/update/urn%3Ali%3AugcPost%3A7247337367596924930
2024-09-30 13:14:00,LIKE,https://www.linkedin.com/feed/update/urn%3Ali%3Aactivity%3A7246406387084234753
2024-09-30 11:58:14,LIKE,https://www.linkedin.com/feed/update/urn%3Ali%3AugcPost%3A7245872800710705152
2024-09-30 09:31:18,LIKE,https://www.linkedin.com/feed/update/urn%3Ali%3Aactivity%3A7245535555118084096
2024-09-30 06:07:15,LIKE,https://www.linkedin.com/feed/update/urn%3Ali%3Aactivity%3A7246363739887677440
2024-09-27 21:56:35,LIKE,https://www.linkedin.com/feed/update/urn%3Ali%3AugcPost%3A7245536451868667904
2024-09-27 12:02:34,LIKE,https://www.linkedin.com/feed/update/urn%3Ali%3AugcPost%3A7245269655617974272
2024-09-27 05:35:29,LIKE,https://www.linkedin.com/feed/update/urn%3Ali%3Aactivity%3A7244651961365499904
2024-09-26 17:27:58,LIKE,https://www.linkedin.com/feed/update/urn%3Ali%3AugcPost%3A7244723600077852672
2024-09-23 23:55:20,LIKE,https://www.linkedin.com/feed/update/urn%3Ali%3Aactivity%3A7243908309366296577?commentUrn=urn%3Ali%3Acomment%3A%28activity%3A7243908309366296577%2C7243965657917054976%29
2024-09-23 23:55:04,LIKE,https://www.linkedin.com/feed/update/urn%3Ali%3Aactivity%3A7243908309366296577?commentUrn=urn%3Ali%3Acomment%3A%28activity%3A7243908309366296577%2C7243955732755234817%29
2024-09-23 23:54:54,LIKE,https://www.linkedin.com/feed/update/urn%3Ali%3Aactivity%3A7243908309366296577
2024-09-23 23:54:28,LIKE,https://www.linkedin.com/feed/update/urn%3Ali%3AugcPost%3A7244103537742241793
2024-09-22 00:26:51,LIKE,https://www.linkedin.com/feed/update/urn%3Ali%3Aactivity%3A7243180449303293953
2024-09-22 00:26:29,LIKE,https://www.linkedin.com/feed/update/urn%3Ali%3Aactivity%3A7243237334500941824
2024-09-21 03:48:20,LIKE,https://www.linkedin.com/feed/update/urn%3Ali%3AugcPost%3A7242648091026161667
2024-09-21 02:44:39,LIKE,https://www.linkedin.com/feed/update/urn%3Ali%3Aactivity%3A7242872664837517312
2024-09-21 01:15:15,LIKE,https://www.linkedin.com/feed/update/urn%3Ali%3AugcPost%3A7243005024396570624
2024-09-20 18:55:46,LIKE,https://www.linkedin.com/feed/update/urn%3Ali%3Aactivity%3A7242582237785812993
2024-09-18 19:30:59,LIKE,https://www.linkedin.com/feed/update/urn%3Ali%3Aactivity%3A7242219372520349696
2024-09-18 00:26:43,LIKE,https://www.linkedin.com/feed/update/urn%3Ali%3Aactivity%3A7241841147482972160
2024-09-15 15:28:33,LIKE,https://www.linkedin.com/feed/update/urn%3Ali%3Aactivity%3A7241058986257502208
2024-09-15 15:25:20,LIKE,https://www.linkedin.com/feed/update/urn%3Ali%3AugcPost%3A7240051028606251008
2024-09-14 18:49:46,LIKE,https://www.linkedin.com/feed/update/urn%3Ali%3Aactivity%3A7240677419056025600?commentUrn=urn%3Ali%3Acomment%3A%28activity%3A7240677419056025600%2C7240742816463650816%29
2024-09-14 18:49:19,LIKE,https://www.linkedin.com/feed/update/urn%3Ali%3Aactivity%3A7240677419056025600?commentUrn=urn%3Ali%3Acomment%3A%28activity%3A7240677419056025600%2C7240738465183592449%29
2024-09-13 19:48:34,LIKE,https://www.linkedin.com/feed/update/urn%3Ali%3AugcPost%3A7240436680678092800?commentUrn=urn%3Ali%3Acomment%3A%28ugcPost%3A7240436680678092800%2C7240440464753987584%29
2024-09-13 19:48:25,LIKE,https://www.linkedin.com/feed/update/urn%3Ali%3AugcPost%3A7240436680678092800?commentUrn=urn%3Ali%3Acomment%3A%28ugcPost%3A7240436680678092800%2C7240445431233544192%29
2024-09-13 19:48:11,LIKE,https://www.linkedin.com/feed/update/urn%3Ali%3AugcPost%3A7240436680678092800?commentUrn=urn%3Ali%3Acomment%3A%28ugcPost%3A7240436680678092800%2C7240443277626273792%29
2024-09-13 19:47:28,LIKE,https://www.linkedin.com/feed/update/urn%3Ali%3AugcPost%3A7240436680678092800?commentUrn=urn%3Ali%3Acomment%3A%28ugcPost%3A7240436680678092800%2C7240437726829785088%29
2024-09-13 19:46:47,LIKE,https://www.linkedin.com/feed/update/urn%3Ali%3AugcPost%3A7240436680678092800
2024-09-10 05:25:04,LIKE,https://www.linkedin.com/feed/update/urn%3Ali%3Aactivity%3A7151079610716143616
2024-09-09 17:58:09,LIKE,https://www.linkedin.com/feed/update/urn%3Ali%3Aactivity%3A7238956649493798913
2024-09-05 18:57:43,LIKE,https://www.linkedin.com/feed/update/urn%3Ali%3Aactivity%3A7237491467168993281
2024-09-05 04:28:21,LIKE,https://www.linkedin.com/feed/update/urn%3Ali%3Aactivity%3A7237102126911340545
2024-09-04 06:36:26,LIKE,https://www.linkedin.com/feed/update/urn%3Ali%3Aactivity%3A7236768574453764096?commentUrn=urn%3Ali%3Acomment%3A%28activity%3A7236768574453764096%2C7236802088117141505%29
2024-09-04 06:36:11,LIKE,https://www.linkedin.com/feed/update/urn%3Ali%3Aactivity%3A7236768574453764096?commentUrn=urn%3Ali%3Acomment%3A%28activity%3A7236768574453764096%2C7236787574739005440%29
2024-09-01 01:39:10,LIKE,https://www.linkedin.com/feed/update/urn%3Ali%3AugcPost%3A7234359850233708545
2024-08-29 23:57:29,LIKE,https://www.linkedin.com/feed/update/urn%3Ali%3AugcPost%3A7235066400170459137
2024-08-29 00:58:16,LIKE,https://www.linkedin.com/feed/update/urn%3Ali%3AugcPost%3A7234693023505248256
2024-08-24 10:03:13,LIKE,https://www.linkedin.com/feed/update/urn%3Ali%3Aactivity%3A7232363610478448642
2024-08-21 06:14:29,LIKE,https://www.linkedin.com/feed/update/urn%3Ali%3Aactivity%3A7231706116391419904?commentUrn=urn%3Ali%3Acomment%3A%28activity%3A7231706116391419904%2C7231707350393352193%29
2024-08-21 06:14:08,LIKE,https://www.linkedin.com/feed/update/urn%3Ali%3Aactivity%3A7231706116391419904?commentUrn=urn%3Ali%3Acomment%3A%28activity%3A7231706116391419904%2C7231733862966444034%29
2024-08-21 06:13:58,LIKE,https://www.linkedin.com/feed/update/urn%3Ali%3Aactivity%3A7231706116391419904?commentUrn=urn%3Ali%3Acomment%3A%28activity%3A7231706116391419904%2C7231707015931158528%29
2024-08-21 06:13:53,LIKE,https://www.linkedin.com/feed/update/urn%3Ali%3Aactivity%3A7231706116391419904?commentUrn=urn%3Ali%3Acomment%3A%28activity%3A7231706116391419904%2C7231712472619966464%29
2024-08-21 06:13:34,LIKE,https://www.linkedin.com/feed/update/urn%3Ali%3Aactivity%3A7231706116391419904?commentUrn=urn%3Ali%3Acomment%3A%28activity%3A7231706116391419904%2C7231708148808454146%29
2024-08-20 13:00:50,LIKE,https://www.linkedin.com/feed/update/urn%3Ali%3AugcPost%3A7230176107784761346
2024-08-19 17:17:33,LIKE,https://www.linkedin.com/feed/update/urn%3Ali%3Aactivity%3A7231335142135386113?commentUrn=urn%3Ali%3Acomment%3A%28activity%3A7231335142135386113%2C7231347787689328640%29
2024-08-19 17:17:27,LIKE,https://www.linkedin.com/feed/update/urn%3Ali%3Aactivity%3A7231335142135386113?commentUrn=urn%3Ali%3Acomment%3A%28activity%3A7231335142135386113%2C7231335750015877120%29
2024-08-19 17:16:53,LIKE,https://www.linkedin.com/feed/update/urn%3Ali%3Aactivity%3A7231335142135386113
2024-08-17 21:54:53,LIKE,https://www.linkedin.com/feed/update/urn%3Ali%3Aactivity%3A7230653465008513024
2024-08-15 16:56:11,LIKE,https://www.linkedin.com/feed/update/urn%3Ali%3Aactivity%3A7229381264384892930?commentUrn=urn%3Ali%3Acomment%3A%28activity%3A7229381264384892930%2C7229413549503135745%29
2024-08-15 16:52:28,LIKE,https://www.linkedin.com/feed/update/urn%3Ali%3Aactivity%3A7229381264384892930
2024-08-15 16:33:41,LIKE,https://www.linkedin.com/feed/update/urn%3Ali%3Aactivity%3A7229881178747531265?commentUrn=urn%3Ali%3Acomment%3A%28activity%3A7229881178747531265%2C7229887495306362880%29
2024-08-15 16:33:39,LIKE,https://www.linkedin.com/feed/update/urn%3Ali%3Aactivity%3A7229881178747531265?commentUrn=urn%3Ali%3Acomment%3A%28activity%3A7229881178747531265%2C7229886141456351232%29
2024-08-12 19:02:57,LIKE,https://www.linkedin.com/feed/update/urn%3Ali%3Aactivity%3A7228755256640192512?commentUrn=urn%3Ali%3Acomment%3A%28activity%3A7228755256640192512%2C7228806739129700353%29
2024-08-12 19:02:37,LIKE,https://www.linkedin.com/feed/update/urn%3Ali%3Aactivity%3A7228755256640192512?commentUrn=urn%3Ali%3Acomment%3A%28activity%3A7228755256640192512%2C7228798935861989377%29
2024-08-06 23:21:07,LIKE,https://www.linkedin.com/feed/update/urn%3Ali%3AugcPost%3A7226670294298476544
2024-08-06 14:21:55,LIKE,https://www.linkedin.com/feed/update/urn%3Ali%3AugcPost%3A7226318143567151106
2024-07-31 13:09:54,LIKE,https://www.linkedin.com/feed/update/urn%3Ali%3Aactivity%3A7224292512671088640?commentUrn=urn%3Ali%3Acomment%3A%28activity%3A7224292512671088640%2C7224299330503925760%29
2024-07-29 04:33:40,LIKE,https://www.linkedin.com/feed/update/urn%3Ali%3Aactivity%3A7223492537737527297
2024-07-29 01:40:51,LIKE,https://www.linkedin.com/feed/update/urn%3Ali%3AugcPost%3A7222327983544397825?commentUrn=urn%3Ali%3Acomment%3A%28ugcPost%3A7222327983544397825%2C7222335260934516738%29
2024-07-29 01:40:42,LIKE,https://www.linkedin.com/feed/update/urn%3Ali%3AugcPost%3A7222327983544397825
2024-07-28 22:06:45,LIKE,https://www.linkedin.com/feed/update/urn%3Ali%3Aactivity%3A7223436172339953665
2024-07-27 07:40:53,LIKE,https://www.linkedin.com/feed/update/urn%3Ali%3AugcPost%3A7222693496502059008
2024-07-27 03:25:07,LIKE,https://www.linkedin.com/feed/update/urn%3Ali%3Aactivity%3A7222702251742486528
2024-07-27 03:24:51,LIKE,https://www.linkedin.com/feed/update/urn%3Ali%3Aactivity%3A7222688805336535040
2024-07-26 16:01:39,LIKE,https://www.linkedin.com/feed/update/urn%3Ali%3AugcPost%3A7222269419635326978
2024-07-26 16:00:31,LIKE,https://www.linkedin.com/feed/update/urn%3Ali%3AugcPost%3A7222266422544982016
2024-07-26 02:00:09,LIKE,https://www.linkedin.com/feed/update/urn%3Ali%3Aactivity%3A7222345030718386179
2024-07-25 16:49:11,LIKE,https://www.linkedin.com/feed/update/urn%3Ali%3AugcPost%3A7221902736890441728
2024-07-25 16:46:02,LIKE,https://www.linkedin.com/feed/update/urn%3Ali%3Aactivity%3A7201936830831730688
2024-07-23 03:36:36,LIKE,https://www.linkedin.com/feed/update/urn%3Ali%3AugcPost%3A7221163978847129600
2024-07-16 18:14:19,LIKE,https://www.linkedin.com/feed/update/urn%3Ali%3AugcPost%3A7218988432520355841
2024-07-16 01:40:40,LIKE,https://www.linkedin.com/feed/update/urn%3Ali%3Aactivity%3A7218700936343412738
2024-07-15 22:36:32,LIKE,https://www.linkedin.com/feed/update/urn%3Ali%3AugcPost%3A7218626992483577858
2024-07-12 09:33:39,LIKE,https://www.linkedin.com/feed/update/urn%3Ali%3Aactivity%3A7217048142624538624
2024-07-12 08:38:43,LIKE,https://www.linkedin.com/feed/update/urn%3Ali%3Aactivity%3A7217433757136363522
2024-07-09 17:28:39,LIKE,https://www.linkedin.com/feed/update/urn%3Ali%3Aactivity%3A7216335323817984000
2024-07-09 05:08:28,LIKE,https://www.linkedin.com/feed/update/urn%3Ali%3Aactivity%3A7216111370373640193?commentUrn=urn%3Ali%3Acomment%3A%28activity%3A7216111370373640193%2C7216114946080661504%29
2024-07-09 02:21:24,LIKE,https://www.linkedin.com/feed/update/urn%3Ali%3Aactivity%3A7216078620325199872?commentUrn=urn%3Ali%3Acomment%3A%28activity%3A7216078620325199872%2C7216166767650299907%29
2024-07-09 01:34:03,LIKE,https://www.linkedin.com/feed/update/urn%3Ali%3Aactivity%3A7216078620325199872?commentUrn=urn%3Ali%3Acomment%3A%28activity%3A7216078620325199872%2C7216252721815826433%29
2024-07-08 05:28:14,LIKE,https://www.linkedin.com/feed/update/urn%3Ali%3Aactivity%3A7215942417537978368?commentUrn=urn%3Ali%3Acomment%3A%28activity%3A7215942417537978368%2C7215948074660085761%29
2024-07-08 05:26:50,LIKE,https://www.linkedin.com/feed/update/urn%3Ali%3Aactivity%3A7215942417537978368
2024-07-07 18:52:22,LIKE,https://www.linkedin.com/feed/update/urn%3Ali%3Aactivity%3A7215759667539443713?commentUrn=urn%3Ali%3Acomment%3A%28activity%3A7215759667539443713%2C7215771770182647810%29
2024-07-07 18:48:46,LIKE,https://www.linkedin.com/feed/update/urn%3Ali%3Aactivity%3A7211383698284290048?commentUrn=urn%3Ali%3Acomment%3A%28activity%3A7211383698284290048%2C7211714266708520962%29
2024-07-07 18:47:34,LIKE,https://www.linkedin.com/feed/update/urn%3Ali%3Aactivity%3A7211383698284290048
2024-07-07 15:10:49,LIKE,https://www.linkedin.com/feed/update/urn%3Ali%3Aactivity%3A7215701450364977152
2024-07-07 03:23:20,LIKE,https://www.linkedin.com/feed/update/urn%3Ali%3Aactivity%3A7215527254406123521?commentUrn=urn%3Ali%3Acomment%3A%28activity%3A7215527254406123521%2C7215531534861152256%29
2024-07-07 03:23:14,LIKE,https://www.linkedin.com/feed/update/urn%3Ali%3Aactivity%3A7215527254406123521?commentUrn=urn%3Ali%3Acomment%3A%28activity%3A7215527254406123521%2C7215537042779201537%29
2024-07-07 03:19:45,LIKE,https://www.linkedin.com/feed/update/urn%3Ali%3AugcPost%3A7214400999002644481
2024-07-07 01:50:08,LIKE,https://www.linkedin.com/feed/update/urn%3Ali%3AugcPost%3A7214254765059293184
2024-07-07 01:49:20,LIKE,https://www.linkedin.com/feed/update/urn%3Ali%3Aactivity%3A7215037048422817793
2024-07-07 01:23:47,LIKE,https://www.linkedin.com/feed/update/urn%3Ali%3Aactivity%3A7215365165582594048
2024-07-06 02:23:48,LIKE,https://www.linkedin.com/feed/update/urn%3Ali%3AugcPost%3A7158117665419456512?commentUrn=urn%3Ali%3Acomment%3A%28ugcPost%3A7158117665419456512%2C7158123493253939201%29
2024-07-04 12:09:43,LIKE,https://www.linkedin.com/feed/update/urn%3Ali%3Aactivity%3A7214569976391729152
2024-07-04 12:03:32,LIKE,https://www.linkedin.com/feed/update/urn%3Ali%3Aactivity%3A7214282121983508480
2024-07-04 12:01:54,LIKE,https://www.linkedin.com/feed/update/urn%3Ali%3AugcPost%3A7214269765299658753
2024-07-04 12:00:59,LIKE,https://www.linkedin.com/feed/update/urn%3Ali%3AugcPost%3A7213668738586308609
2024-07-04 11:59:09,LIKE,https://www.linkedin.com/feed/update/urn%3Ali%3Aactivity%3A7214471093229641730
2024-07-03 13:18:27,LIKE,https://www.linkedin.com/feed/update/urn%3Ali%3AugcPost%3A7214223130595074048
2024-07-03 12:23:46,LIKE,https://www.linkedin.com/feed/update/urn%3Ali%3AugcPost%3A7214056040730931200
2024-06-29 13:18:40,LIKE,https://www.linkedin.com/feed/update/urn%3Ali%3AugcPost%3A7212782789308334080
2024-06-29 13:18:29,LIKE,https://www.linkedin.com/feed/update/urn%3Ali%3AugcPost%3A7212782789308334080?commentUrn=urn%3Ali%3Acomment%3A%28ugcPost%3A7212782789308334080%2C7212784767014989825%29
2024-06-29 13:17:24,LIKE,https://www.linkedin.com/feed/update/urn%3Ali%3Aactivity%3A7212471976441860096
2024-06-29 13:14:48,LIKE,https://www.linkedin.com/feed/update/urn%3Ali%3AugcPost%3A7212514571679383554
2024-06-29 09:50:58,LIKE,https://www.linkedin.com/feed/update/urn%3Ali%3AugcPost%3A7212552933924569088
2024-06-28 12:30:33,LIKE,https://www.linkedin.com/feed/update/urn%3Ali%3Aactivity%3A7212428491076571136
2024-06-28 06:52:34,LIKE,https://www.linkedin.com/feed/update/urn%3Ali%3Aactivity%3A7212314112863739906
2024-06-27 17:45:27,LIKE,https://www.linkedin.com/feed/update/urn%3Ali%3Aactivity%3A7212139458710634497?commentUrn=urn%3Ali%3Acomment%3A%28activity%3A7212139458710634497%2C7212148385129148416%29
2024-06-27 17:33:43,LIKE,https://www.linkedin.com/feed/update/urn%3Ali%3Aactivity%3A7212101785073692674
2024-06-27 17:33:25,LIKE,https://www.linkedin.com/feed/update/urn%3Ali%3Aactivity%3A7212139458710634497
2024-06-27 14:06:52,LIKE,https://www.linkedin.com/feed/update/urn%3Ali%3AugcPost%3A7210353407113478144
2024-06-27 13:51:24,LIKE,https://www.linkedin.com/feed/update/urn%3Ali%3Aactivity%3A7212086631686696960?commentUrn=urn%3Ali%3Acomment%3A%28activity%3A7212086631686696960%2C7212088835063603201%29
2024-06-27 13:50:47,LIKE,https://www.linkedin.com/feed/update/urn%3Ali%3Aactivity%3A7212086631686696960
2024-06-27 11:34:23,LIKE,https://www.linkedin.com/feed/update/urn%3Ali%3Aactivity%3A7211417417934069760
2024-06-27 08:27:03,LIKE,https://www.linkedin.com/feed/update/urn%3Ali%3Aactivity%3A7211800420556382208
2024-06-27 05:03:21,LIKE,https://www.linkedin.com/feed/update/urn%3Ali%3Aactivity%3A7211893383659671552
2024-06-27 03:13:21,LIKE,https://www.linkedin.com/feed/update/urn%3Ali%3AugcPost%3A7211855165740437504
2024-06-27 03:07:02,LIKE,https://www.linkedin.com/feed/update/urn%3Ali%3Aactivity%3A7211752934764687361
2024-06-27 02:40:28,LIKE,https://www.linkedin.com/feed/update/urn%3Ali%3AugcPost%3A7211909501669507072
2024-06-22 16:11:50,LIKE,https://www.linkedin.com/feed/update/urn%3Ali%3Aactivity%3A7210255469578203137
2024-06-22 05:51:49,LIKE,https://www.linkedin.com/feed/update/urn%3Ali%3Aactivity%3A7209941818900131840?commentUrn=urn%3Ali%3Acomment%3A%28activity%3A7209941818900131840%2C7210000285337866241%29
2024-06-22 05:51:47,LIKE,https://www.linkedin.com/feed/update/urn%3Ali%3Aactivity%3A7209941818900131840?commentUrn=urn%3Ali%3Acomment%3A%28activity%3A7209941818900131840%2C7210114779691036672%29
2024-06-22 05:51:44,LIKE,https://www.linkedin.com/feed/update/urn%3Ali%3Aactivity%3A7209941818900131840?commentUrn=urn%3Ali%3Acomment%3A%28activity%3A7209941818900131840%2C7210061138368086016%29
2024-06-22 05:51:43,LIKE,https://www.linkedin.com/feed/update/urn%3Ali%3Aactivity%3A7209941818900131840?commentUrn=urn%3Ali%3Acomment%3A%28activity%3A7209941818900131840%2C7210113691311034368%29
2024-06-22 05:51:34,LIKE,https://www.linkedin.com/feed/update/urn%3Ali%3Aactivity%3A7209941818900131840?commentUrn=urn%3Ali%3Acomment%3A%28activity%3A7209941818900131840%2C7210111129778311169%29
2024-06-22 05:51:30,LIKE,https://www.linkedin.com/feed/update/urn%3Ali%3Aactivity%3A7209941818900131840?commentUrn=urn%3Ali%3Acomment%3A%28activity%3A7209941818900131840%2C7209981529597349888%29
2024-06-22 05:51:25,LIKE,https://www.linkedin.com/feed/update/urn%3Ali%3Aactivity%3A7209941818900131840?commentUrn=urn%3Ali%3Acomment%3A%28activity%3A7209941818900131840%2C7210032185943236608%29
2024-06-22 05:51:19,LIKE,https://www.linkedin.com/feed/update/urn%3Ali%3Aactivity%3A7209941818900131840?commentUrn=urn%3Ali%3Acomment%3A%28activity%3A7209941818900131840%2C7210120462956134400%29
2024-06-22 05:51:07,LIKE,https://www.linkedin.com/feed/update/urn%3Ali%3Aactivity%3A7209941818900131840?commentUrn=urn%3Ali%3Acomment%3A%28activity%3A7209941818900131840%2C7210121948633186305%29
2024-06-22 05:50:21,LIKE,https://www.linkedin.com/feed/update/urn%3Ali%3Aactivity%3A7209941818900131840?commentUrn=urn%3Ali%3Acomment%3A%28activity%3A7209941818900131840%2C7210032353027534848%29
2024-06-22 05:50:04,LIKE,https://www.linkedin.com/feed/update/urn%3Ali%3Aactivity%3A7209941818900131840?commentUrn=urn%3Ali%3Acomment%3A%28activity%3A7209941818900131840%2C7209948662280458240%29
2024-06-22 05:49:52,LIKE,https://www.linkedin.com/feed/update/urn%3Ali%3Aactivity%3A7209941818900131840?commentUrn=urn%3Ali%3Acomment%3A%28activity%3A7209941818900131840%2C7209942570850766848%29
2024-06-22 05:49:41,LIKE,https://www.linkedin.com/feed/update/urn%3Ali%3Aactivity%3A7209941818900131840?commentUrn=urn%3Ali%3Acomment%3A%28activity%3A7209941818900131840%2C7209950124809101313%29
2024-06-22 05:49:37,LIKE,https://www.linkedin.com/feed/update/urn%3Ali%3Aactivity%3A7209941818900131840?commentUrn=urn%3Ali%3Acomment%3A%28activity%3A7209941818900131840%2C7209989844435947522%29
2024-06-22 05:49:33,LIKE,https://www.linkedin.com/feed/update/urn%3Ali%3Aactivity%3A7209941818900131840?commentUrn=urn%3Ali%3Acomment%3A%28activity%3A7209941818900131840%2C7210009902017048576%29
2024-06-22 05:49:29,LIKE,https://www.linkedin.com/feed/update/urn%3Ali%3Aactivity%3A7209941818900131840?commentUrn=urn%3Ali%3Acomment%3A%28activity%3A7209941818900131840%2C7209942592514310145%29
2024-06-22 05:49:24,LIKE,https://www.linkedin.com/feed/update/urn%3Ali%3Aactivity%3A7209941818900131840?commentUrn=urn%3Ali%3Acomment%3A%28activity%3A7209941818900131840%2C7210016940545773569%29
2024-06-22 05:49:21,LIKE,https://www.linkedin.com/feed/update/urn%3Ali%3Aactivity%3A7209941818900131840?commentUrn=urn%3Ali%3Acomment%3A%28activity%3A7209941818900131840%2C7209954370094825474%29
2024-06-22 05:49:17,LIKE,https://www.linkedin.com/feed/update/urn%3Ali%3Aactivity%3A7209941818900131840?commentUrn=urn%3Ali%3Acomment%3A%28activity%3A7209941818900131840%2C7209950309266128896%29
2024-06-22 05:49:09,LIKE,https://www.linkedin.com/feed/update/urn%3Ali%3Aactivity%3A7209941818900131840?commentUrn=urn%3Ali%3Acomment%3A%28activity%3A7209941818900131840%2C7209946240417992704%29
2024-06-22 05:49:02,LIKE,https://www.linkedin.com/feed/update/urn%3Ali%3Aactivity%3A7209941818900131840?commentUrn=urn%3Ali%3Acomment%3A%28activity%3A7209941818900131840%2C7209959921541398528%29
2024-06-21 09:55:22,LIKE,https://www.linkedin.com/feed/update/urn%3Ali%3Aactivity%3A7049420294926594048
2024-06-08 22:23:20,LIKE,https://www.linkedin.com/feed/update/urn%3Ali%3Aactivity%3A7204452014037114880
2024-05-30 13:21:15,PRAISE,https://www.linkedin.com/feed/update/urn%3Ali%3AugcPost%3A7201930587635396609
2024-05-30 13:17:01,LIKE,https://www.linkedin.com/feed/update/urn%3Ali%3Aactivity%3A7201930433171775488
2024-05-29 06:35:54,LIKE,https://www.linkedin.com/feed/update/urn%3Ali%3Aactivity%3A7201084781197996032
2024-05-26 18:29:55,LIKE,https://www.linkedin.com/feed/update/urn%3Ali%3Aactivity%3A7200509127784058880
2024-05-26 02:01:49,LIKE,https://www.linkedin.com/feed/update/urn%3Ali%3Aactivity%3A7200263217258926080?commentUrn=urn%3Ali%3Acomment%3A%28activity%3A7200263217258926080%2C7200263812908814336%29
2024-05-24 06:04:06,LIKE,https://www.linkedin.com/feed/update/urn%3Ali%3Aactivity%3A7199378144426946560?commentUrn=urn%3Ali%3Acomment%3A%28activity%3A7199378144426946560%2C7199382459862437888%29
2024-05-24 00:33:58,LIKE,https://www.linkedin.com/feed/update/urn%3Ali%3Aactivity%3A7199519701834633216
2024-05-23 05:45:48,LIKE,https://www.linkedin.com/feed/update/urn%3Ali%3AugcPost%3A7199085847231569921
2024-05-23 05:45:01,LIKE,https://www.linkedin.com/feed/update/urn%3Ali%3Aactivity%3A7199061484079915008
2024-05-16 15:49:05,LIKE,https://www.linkedin.com/feed/update/urn%3Ali%3Aactivity%3A7193286022804180994
2024-05-16 15:32:11,LIKE,https://www.linkedin.com/feed/update/urn%3Ali%3AugcPost%3A7196877352801304577
2024-05-15 16:21:08,PRAISE,https://www.linkedin.com/feed/update/urn%3Ali%3AugcPost%3A7193697384197967873
2024-05-14 21:48:59,LIKE,https://www.linkedin.com/feed/update/urn%3Ali%3AugcPost%3A7196149038478442499
2024-05-14 21:48:39,LIKE,https://www.linkedin.com/feed/update/urn%3Ali%3AugcPost%3A7196256194217320448
2024-05-13 19:40:35,LIKE,https://www.linkedin.com/feed/update/urn%3Ali%3AugcPost%3A7195837973077106688
2024-05-12 09:36:30,LIKE,https://www.linkedin.com/feed/update/urn%3Ali%3AugcPost%3A7194008164940328961
2024-05-12 09:35:45,LIKE,https://www.linkedin.com/feed/update/urn%3Ali%3Aactivity%3A7194010599687647232
2024-05-06 12:48:55,LIKE,https://www.linkedin.com/feed/update/urn%3Ali%3AugcPost%3A7193189116744740865
2024-04-20 11:31:17,LIKE,https://www.linkedin.com/feed/update/urn%3Ali%3Aactivity%3A7187406683575308288
2024-04-20 11:30:36,LIKE,https://www.linkedin.com/feed/update/urn%3Ali%3AugcPost%3A7187406001183084544
2024-04-16 02:12:10,LIKE,https://www.linkedin.com/feed/update/urn%3Ali%3Aactivity%3A7085333766189015040
2024-04-16 02:11:22,LIKE,https://www.linkedin.com/feed/update/urn%3Ali%3AugcPost%3A7184652041850376192
2024-04-16 02:02:30,LIKE,https://www.linkedin.com/feed/update/urn%3Ali%3Aactivity%3A7049463891390607361
2024-04-16 02:01:19,LIKE,https://www.linkedin.com/feed/update/urn%3Ali%3Aactivity%3A7155687942630346754
2024-04-16 02:00:29,LIKE,https://www.linkedin.com/feed/update/urn%3Ali%3Aactivity%3A7181322271381176320
2024-04-16 00:17:54,LIKE,https://www.linkedin.com/feed/update/urn%3Ali%3Aactivity%3A7150562759699492864
2024-04-16 00:16:03,LIKE,https://www.linkedin.com/feed/update/urn%3Ali%3Aactivity%3A7183203659709566976
2024-04-15 17:40:49,LIKE,https://www.linkedin.com/feed/update/urn%3Ali%3AugcPost%3A7016035981774475265
2024-04-15 17:23:17,LIKE,https://www.linkedin.com/feed/update/urn%3Ali%3Aactivity%3A6663396285300645888
2024-04-15 00:19:56,LIKE,https://www.linkedin.com/feed/update/urn%3Ali%3Aactivity%3A6950825011255406592
2024-04-15 00:13:44,LIKE,https://www.linkedin.com/feed/update/urn%3Ali%3Aactivity%3A7042884289192955904
2024-04-15 00:12:28,LIKE,https://www.linkedin.com/feed/update/urn%3Ali%3AugcPost%3A7180905098158465024
2024-04-15 00:11:05,LIKE,https://www.linkedin.com/feed/update/urn%3Ali%3Aactivity%3A7184582368878358528
2024-04-15 00:09:52,LIKE,https://www.linkedin.com/feed/update/urn%3Ali%3Aactivity%3A7006683261812830208
2024-04-14 18:03:17,LIKE,https://www.linkedin.com/feed/update/urn%3Ali%3Aactivity%3A7180962490082639875
2024-04-14 18:00:54,LIKE,https://www.linkedin.com/feed/update/urn%3Ali%3AugcPost%3A7057465329131646976
2024-04-14 18:00:40,LIKE,https://www.linkedin.com/feed/update/urn%3Ali%3Aactivity%3A7181638036537929728
2024-04-14 17:58:00,LIKE,https://www.linkedin.com/feed/update/urn%3Ali%3AugcPost%3A7180240035705753600
2024-04-14 17:56:22,LIKE,https://www.linkedin.com/feed/update/urn%3Ali%3AugcPost%3A7180628377416925184
2024-04-14 17:53:07,LIKE,https://www.linkedin.com/feed/update/urn%3Ali%3AugcPost%3A7172160626641891328
2024-04-14 17:52:05,LIKE,https://www.linkedin.com/feed/update/urn%3Ali%3Aactivity%3A7181614335729750017
2024-04-14 17:50:45,LIKE,https://www.linkedin.com/feed/update/urn%3Ali%3Aactivity%3A7097212633203777536
2024-04-14 17:49:43,LIKE,https://www.linkedin.com/feed/update/urn%3Ali%3AugcPost%3A6380964982938566656
2024-04-14 17:44:54,LIKE,https://www.linkedin.com/feed/update/urn%3Ali%3Aactivity%3A7171884338693844994
2024-04-14 17:43:44,LIKE,https://www.linkedin.com/feed/update/urn%3Ali%3Aactivity%3A7181011294097977345
2024-04-14 17:42:39,LIKE,https://www.linkedin.com/feed/update/urn%3Ali%3Aactivity%3A7045992176089980928
2024-04-14 17:41:44,LIKE,https://www.linkedin.com/feed/update/urn%3Ali%3Aactivity%3A7108057828073840642
2024-04-14 17:40:40,LIKE,https://www.linkedin.com/feed/update/urn%3Ali%3Aactivity%3A7173748321314840577
2024-04-14 17:35:55,LIKE,https://www.linkedin.com/feed/update/urn%3Ali%3Aactivity%3A7183419698582102019
2024-04-14 17:34:07,LIKE,https://www.linkedin.com/feed/update/urn%3Ali%3AugcPost%3A7102046084159447041
2024-04-14 17:32:51,LIKE,https://www.linkedin.com/feed/update/urn%3Ali%3Aactivity%3A7180990836053098496
2024-04-14 17:30:33,LIKE,https://www.linkedin.com/feed/update/urn%3Ali%3Aactivity%3A7172994430684098560
2024-04-14 17:22:45,LIKE,https://www.linkedin.com/feed/update/urn%3Ali%3Aactivity%3A6914573153532846081
2024-04-14 17:22:02,LIKE,https://www.linkedin.com/feed/update/urn%3Ali%3Aactivity%3A7180269413764415489
2024-04-14 17:20:04,LIKE,https://www.linkedin.com/feed/update/urn%3Ali%3Aactivity%3A7107144428179357696
2024-04-14 17:18:59,LIKE,https://www.linkedin.com/feed/update/urn%3Ali%3Aactivity%3A7181517455691821056
2024-04-14 17:17:44,LIKE,https://www.linkedin.com/feed/update/urn%3Ali%3Aactivity%3A7178565537650593792
2024-04-13 17:50:21,LIKE,https://www.linkedin.com/feed/update/urn%3Ali%3AugcPost%3A7184186269244010496
2024-04-13 17:41:42,LIKE,https://www.linkedin.com/feed/update/urn%3Ali%3Aactivity%3A6923346197604679680
2024-04-13 17:40:51,LIKE,https://www.linkedin.com/feed/update/urn%3Ali%3Aactivity%3A6987847055075336192
2024-04-13 17:39:52,LIKE,https://www.linkedin.com/feed/update/urn%3Ali%3Aactivity%3A7032133740462039040
2024-04-13 17:34:12,LIKE,https://www.linkedin.com/feed/update/urn%3Ali%3Aactivity%3A7022749386677833728
2024-04-13 17:33:20,LIKE,https://www.linkedin.com/feed/update/urn%3Ali%3Aactivity%3A7178460958061654017
2024-04-13 17:31:42,LIKE,https://www.linkedin.com/feed/update/urn%3Ali%3AugcPost%3A7181671693025730561
2024-04-13 17:29:40,LIKE,https://www.linkedin.com/feed/update/urn%3Ali%3Aactivity%3A6922192335577505793
2024-04-13 17:24:16,LIKE,https://www.linkedin.com/feed/update/urn%3Ali%3Aactivity%3A7184312009054638080
2024-04-13 17:22:59,LIKE,https://www.linkedin.com/feed/update/urn%3Ali%3Aactivity%3A7130237985010184192
2024-04-13 17:19:45,LIKE,https://www.linkedin.com/feed/update/urn%3Ali%3Aactivity%3A6798016056758824960
2024-04-13 17:12:23,LIKE,https://www.linkedin.com/feed/update/urn%3Ali%3Aactivity%3A7138319118163726336
2024-04-13 17:11:27,LIKE,https://www.linkedin.com/feed/update/urn%3Ali%3Aactivity%3A7168414923234996224
2024-04-13 17:10:29,LIKE,https://www.linkedin.com/feed/update/urn%3Ali%3AugcPost%3A7157722611198623744
2024-04-13 17:01:58,LIKE,https://www.linkedin.com/feed/update/urn%3Ali%3Aactivity%3A7179454098239320064
2024-04-13 17:00:45,LIKE,https://www.linkedin.com/feed/update/urn%3Ali%3Aactivity%3A6673022216780754944
2024-04-13 16:53:03,LIKE,https://www.linkedin.com/feed/update/urn%3Ali%3Aactivity%3A7181439480036225024
2024-04-13 16:50:35,LIKE,https://www.linkedin.com/feed/update/urn%3Ali%3AugcPost%3A7171816143714824193
2024-04-12 21:17:45,LIKE,https://www.linkedin.com/feed/update/urn%3Ali%3Aactivity%3A7156328239043383296
2024-04-12 21:16:40,LIKE,https://www.linkedin.com/feed/update/urn%3Ali%3Aactivity%3A7008111882913935361
2024-04-12 21:14:31,LIKE,https://www.linkedin.com/feed/update/urn%3Ali%3Aactivity%3A7172969669845204993
2024-04-12 21:13:07,LIKE,https://www.linkedin.com/feed/update/urn%3Ali%3Aactivity%3A7161781963282993152
2024-04-12 21:11:07,LIKE,https://www.linkedin.com/feed/update/urn%3Ali%3Aactivity%3A6856212606613524480
2024-04-12 20:49:54,LIKE,https://www.linkedin.com/feed/update/urn%3Ali%3Aactivity%3A7184531818182766593
2024-04-12 17:05:52,LIKE,https://www.linkedin.com/feed/update/urn%3Ali%3Aactivity%3A7184575383877402625
2024-04-11 16:20:19,LIKE,https://www.linkedin.com/feed/update/urn%3Ali%3Aactivity%3A7183868274999238659
2024-04-10 18:47:32,LIKE,https://www.linkedin.com/feed/update/urn%3Ali%3AugcPost%3A7183854725409251329
2024-04-10 02:54:29,LIKE,https://www.linkedin.com/feed/update/urn%3Ali%3Aactivity%3A7076680511166763008
2024-04-10 02:53:24,LIKE,https://www.linkedin.com/feed/update/urn%3Ali%3Aactivity%3A7182123035901014016
2024-04-10 02:50:39,LIKE,https://www.linkedin.com/feed/update/urn%3Ali%3Aactivity%3A7176245574084505601
2024-04-10 02:47:59,LIKE,https://www.linkedin.com/feed/update/urn%3Ali%3Aactivity%3A6983183423905419264
2024-04-10 02:46:36,LIKE,https://www.linkedin.com/feed/update/urn%3Ali%3Aactivity%3A7181646235651440640
2024-04-10 02:44:38,LIKE,https://www.linkedin.com/feed/update/urn%3Ali%3Aactivity%3A7179519566937501696
2024-04-10 02:42:43,LIKE,https://www.linkedin.com/feed/update/urn%3Ali%3Aactivity%3A7181052557018980353
2024-04-10 02:39:56,LIKE,https://www.linkedin.com/feed/update/urn%3Ali%3Aactivity%3A7161023951899385858
2024-04-10 02:33:51,LIKE,https://www.linkedin.com/feed/update/urn%3Ali%3Aactivity%3A6810574475713638400
2024-04-10 02:32:48,LIKE,https://www.linkedin.com/feed/update/urn%3Ali%3Aactivity%3A6167385516284076032
2024-04-10 02:31:55,LIKE,https://www.linkedin.com/feed/update/urn%3Ali%3Aactivity%3A6931751061556776960
2024-04-10 02:30:59,LIKE,https://www.linkedin.com/feed/update/urn%3Ali%3Aactivity%3A7180215749674725376
2024-04-10 02:30:52,LIKE,https://www.linkedin.com/feed/update/urn%3Ali%3Aactivity%3A7072603500374863872
2024-04-10 02:29:26,LIKE,https://www.linkedin.com/feed/update/urn%3Ali%3Aactivity%3A7142982337637580800
2024-04-09 01:42:31,LIKE,https://www.linkedin.com/feed/update/urn%3Ali%3Aactivity%3A7168998058368704514
2024-04-09 01:41:11,LIKE,https://www.linkedin.com/feed/update/urn%3Ali%3Aactivity%3A7055131303469305857
2024-04-09 01:40:25,LIKE,https://www.linkedin.com/feed/update/urn%3Ali%3Aactivity%3A7169780563908780032
2024-04-09 01:31:21,LIKE,https://www.linkedin.com/feed/update/urn%3Ali%3Aactivity%3A7129875653486645248
2024-04-09 01:30:11,LIKE,https://www.linkedin.com/feed/update/urn%3Ali%3Aactivity%3A7179520257869393920
2024-04-09 01:30:00,LIKE,https://www.linkedin.com/feed/update/urn%3Ali%3Aactivity%3A7142571046682902528
2024-04-09 01:28:45,LIKE,https://www.linkedin.com/feed/update/urn%3Ali%3Aactivity%3A7105162566305271810
2024-04-09 01:10:01,LIKE,https://www.linkedin.com/feed/update/urn%3Ali%3Aactivity%3A7178055269682216961
2024-04-09 01:00:43,LIKE,https://www.linkedin.com/feed/update/urn%3Ali%3Aactivity%3A7170470725483520000
2024-04-09 00:55:28,LIKE,https://www.linkedin.com/feed/update/urn%3Ali%3Aactivity%3A7182078643328675840
2024-04-09 00:54:19,LIKE,https://www.linkedin.com/feed/update/urn%3Ali%3AgroupPost%3A4702266-7128889557923557376
2024-04-09 00:52:37,LIKE,https://www.linkedin.com/feed/update/urn%3Ali%3Aactivity%3A6781395003617894400
2024-04-09 00:51:46,LIKE,https://www.linkedin.com/feed/update/urn%3Ali%3Aactivity%3A7176286168060170240
2024-04-09 00:50:40,LIKE,https://www.linkedin.com/feed/update/urn%3Ali%3Aactivity%3A7172269886335803392
2024-04-09 00:47:30,LIKE,https://www.linkedin.com/feed/update/urn%3Ali%3Aactivity%3A7127754631585136640
2024-04-09 00:45:30,LIKE,https://www.linkedin.com/feed/update/urn%3Ali%3AugcPost%3A7163002115026632704
2024-04-09 00:44:22,LIKE,https://www.linkedin.com/feed/update/urn%3Ali%3Aactivity%3A6876599733478064129
2024-04-09 00:43:04,LIKE,https://www.linkedin.com/feed/update/urn%3Ali%3AugcPost%3A7173022312252837890
2024-04-09 00:41:46,LIKE,https://www.linkedin.com/feed/update/urn%3Ali%3Aactivity%3A5847469023528660992
2024-04-09 00:14:23,LIKE,https://www.linkedin.com/feed/update/urn%3Ali%3AugcPost%3A7148355150535880704
2024-04-09 00:11:45,LIKE,https://www.linkedin.com/feed/update/urn%3Ali%3Aactivity%3A6930305444666085376
2024-04-08 17:51:38,LIKE,https://www.linkedin.com/feed/update/urn%3Ali%3Aactivity%3A6853746240434315264
2024-04-08 17:50:26,LIKE,https://www.linkedin.com/feed/update/urn%3Ali%3Aactivity%3A7146962806976757761
2024-04-04 20:30:10,LIKE,https://www.linkedin.com/feed/update/urn%3Ali%3Aactivity%3A7178188890002874368
2024-04-04 17:20:12,LIKE,https://www.linkedin.com/feed/update/urn%3Ali%3AugcPost%3A7128142276714778624
2024-04-02 17:45:58,LIKE,https://www.linkedin.com/feed/update/urn%3Ali%3AugcPost%3A7143307325330587648
2024-04-02 17:44:09,LIKE,https://www.linkedin.com/feed/update/urn%3Ali%3Aactivity%3A7174152765110165504
2024-04-02 17:42:58,LIKE,https://www.linkedin.com/feed/update/urn%3Ali%3Aactivity%3A7172979606671577088
2024-04-02 17:41:11,LIKE,https://www.linkedin.com/feed/update/urn%3Ali%3Aactivity%3A7175651851726467072
2024-04-01 17:02:01,LIKE,https://www.linkedin.com/feed/update/urn%3Ali%3Aactivity%3A7168355646352936961
2024-04-01 17:00:27,LIKE,https://www.linkedin.com/feed/update/urn%3Ali%3Aactivity%3A7179526501627760640
2024-04-01 16:54:10,LIKE,https://www.linkedin.com/feed/update/urn%3Ali%3Aactivity%3A7128108024623185920
2024-04-01 16:52:42,LIKE,https://www.linkedin.com/feed/update/urn%3Ali%3Aactivity%3A7179341523254222848
2024-04-01 16:51:23,LIKE,https://www.linkedin.com/feed/update/urn%3Ali%3AugcPost%3A7135388280904155137
2024-03-31 19:58:35,LIKE,https://www.linkedin.com/feed/update/urn%3Ali%3Aactivity%3A7160688022378668032
2024-03-31 19:57:00,LIKE,https://www.linkedin.com/feed/update/urn%3Ali%3AugcPost%3A7173343189423128576
2024-03-31 19:54:54,LIKE,https://www.linkedin.com/feed/update/urn%3Ali%3Aactivity%3A7110971235152355329
2024-03-31 19:53:55,LIKE,https://www.linkedin.com/feed/update/urn%3Ali%3Aactivity%3A7170786072619106304
2024-03-31 19:52:37,LIKE,https://www.linkedin.com/feed/update/urn%3Ali%3Aactivity%3A7151325996552454144
2024-03-31 19:50:48,LIKE,https://www.linkedin.com/feed/update/urn%3Ali%3AugcPost%3A7132956890480746496
2024-03-31 19:46:37,LIKE,https://www.linkedin.com/feed/update/urn%3Ali%3Aactivity%3A7179441791060840449
2024-03-30 21:20:49,LIKE,https://www.linkedin.com/feed/update/urn%3Ali%3AugcPost%3A7178063885160124420
2024-03-30 21:10:13,LIKE,https://www.linkedin.com/feed/update/urn%3Ali%3Aactivity%3A7091046541573980160
2024-03-29 17:40:07,LIKE,https://www.linkedin.com/feed/update/urn%3Ali%3Aactivity%3A7179522806617894913
2024-03-29 03:51:38,LIKE,https://www.linkedin.com/feed/update/urn%3Ali%3Aactivity%3A7179154858388656128?commentUrn=urn%3Ali%3Acomment%3A%28activity%3A7179154858388656128%2C7179175604934569985%29
2024-03-20 06:57:27,LIKE,https://www.linkedin.com/feed/update/urn%3Ali%3Aactivity%3A7175912975256416257
2024-03-14 15:00:52,LIKE,https://www.linkedin.com/feed/update/urn%3Ali%3AugcPost%3A7173697146989297664
2024-03-14 14:59:45,LIKE,https://www.linkedin.com/feed/update/urn%3Ali%3Aactivity%3A7174053111953530881
2024-03-14 02:43:02,LIKE,https://www.linkedin.com/feed/update/urn%3Ali%3Aactivity%3A7113634873080254464
2024-03-12 09:45:56,LIKE,https://www.linkedin.com/feed/update/urn%3Ali%3Aactivity%3A7173223366907117568
2024-03-12 08:04:17,LIKE,https://www.linkedin.com/feed/update/urn%3Ali%3Aactivity%3A7172056251038720001?commentUrn=urn%3Ali%3Acomment%3A%28activity%3A7172056251038720001%2C7172422453778927616%29
2024-03-12 07:35:01,LIKE,https://www.linkedin.com/feed/update/urn%3Ali%3Aactivity%3A7063584468162277376
2024-03-12 07:33:05,LIKE,https://www.linkedin.com/feed/update/urn%3Ali%3Aactivity%3A7173165802169327616
2024-03-10 08:51:49,LIKE,https://www.linkedin.com/feed/update/urn%3Ali%3Aactivity%3A6933302036817997824
2024-03-09 11:53:40,LIKE,https://www.linkedin.com/feed/update/urn%3Ali%3Aactivity%3A7166176048634552320
2024-03-06 12:00:31,LIKE,https://www.linkedin.com/feed/update/urn%3Ali%3Aactivity%3A7169359642748211202
2024-03-06 07:34:23,LIKE,https://www.linkedin.com/feed/update/urn%3Ali%3Aactivity%3A7170780117089050625
2024-03-05 11:18:11,LIKE,https://www.linkedin.com/feed/update/urn%3Ali%3AugcPost%3A7153879995516424193
2024-03-05 06:52:33,LIKE,https://www.linkedin.com/feed/update/urn%3Ali%3Aactivity%3A7170615215603081218
2024-03-03 03:59:53,LIKE,https://www.linkedin.com/feed/update/urn%3Ali%3Aactivity%3A7169828660168892416
2024-02-09 21:25:34,LIKE,https://www.linkedin.com/feed/update/urn%3Ali%3Aactivity%3A7161573966300594176
2024-02-07 23:15:52,LIKE,https://www.linkedin.com/feed/update/urn%3Ali%3Aactivity%3A7160674805573173250
2024-02-07 17:37:34,LIKE,https://www.linkedin.com/feed/update/urn%3Ali%3Aactivity%3A7160983089656008704
2024-02-03 10:23:20,LIKE,https://www.linkedin.com/feed/update/urn%3Ali%3Aactivity%3A7158866633678049280
2024-01-30 12:49:40,LIKE,https://www.linkedin.com/feed/update/urn%3Ali%3Aactivity%3A7158066907248484354?commentUrn=urn%3Ali%3Acomment%3A%28activity%3A7158066907248484354%2C7158077672139440129%29
2024-01-24 21:54:57,LIKE,https://www.linkedin.com/feed/update/urn%3Ali%3Aactivity%3A7156021990418436096
2024-01-24 21:26:55,LIKE,https://www.linkedin.com/feed/update/urn%3Ali%3Aactivity%3A7156011945815384066
2024-01-22 12:23:34,LIKE,https://www.linkedin.com/feed/update/urn%3Ali%3AugcPost%3A7155101630042918913
2024-01-20 00:44:25,LIKE,https://www.linkedin.com/feed/update/urn%3Ali%3Aactivity%3A7154178298074329089
2024-01-18 02:05:31,LIKE,https://www.linkedin.com/feed/update/urn%3Ali%3AugcPost%3A7153131206048399360
2024-01-17 17:40:53,LIKE,https://www.linkedin.com/feed/update/urn%3Ali%3Aactivity%3A7153107675017302016
2024-01-17 16:56:52,LIKE,https://www.linkedin.com/feed/update/urn%3Ali%3Aactivity%3A7153424819701567489
2024-01-17 16:56:30,LIKE,https://www.linkedin.com/feed/update/urn%3Ali%3Aactivity%3A7153415015834787840
2024-01-15 16:41:37,LIKE,https://www.linkedin.com/feed/update/urn%3Ali%3Aactivity%3A7151403818629451776
2024-01-13 00:29:37,LIKE,https://www.linkedin.com/feed/update/urn%3Ali%3AugcPost%3A7151235274973282304
2024-01-10 21:24:10,LIKE,https://www.linkedin.com/feed/update/urn%3Ali%3Aactivity%3A7150951153634082816
2024-01-07 03:10:26,LIKE,https://www.linkedin.com/feed/update/urn%3Ali%3Aactivity%3A7149449970960539648
2024-01-05 16:20:06,LIKE,https://www.linkedin.com/feed/update/urn%3Ali%3Aactivity%3A7148925108202508289
2024-01-05 11:35:18,LIKE,https://www.linkedin.com/feed/update/urn%3Ali%3Aactivity%3A7148946236274892800
2024-01-04 02:57:12,LIKE,https://www.linkedin.com/feed/update/urn%3Ali%3Aactivity%3A6993043118891700224
2024-01-03 23:02:40,LIKE,https://www.linkedin.com/feed/update/urn%3Ali%3Aactivity%3A7148357050392084480
2024-01-01 10:28:52,LIKE,https://www.linkedin.com/feed/update/urn%3Ali%3AugcPost%3A7146897193906429952
2024-01-01 10:28:33,LIKE,https://www.linkedin.com/feed/update/urn%3Ali%3Aactivity%3A7146953366772826113
2023-12-31 02:08:47,LIKE,https://www.linkedin.com/feed/update/urn%3Ali%3Aactivity%3A7146613861310152704
2023-12-30 11:22:40,LIKE,https://www.linkedin.com/feed/update/urn%3Ali%3Aactivity%3A7146809003526791168
2023-12-29 10:23:10,LIKE,https://www.linkedin.com/feed/update/urn%3Ali%3Aactivity%3A7146207609816023040
2023-12-29 08:36:51,LIKE,https://www.linkedin.com/feed/update/urn%3Ali%3Aactivity%3A7146257986305339394
2023-12-29 08:03:43,LIKE,https://www.linkedin.com/feed/update/urn%3Ali%3Aactivity%3A7145996068877479936
2023-12-29 07:26:45,LIKE,https://www.linkedin.com/feed/update/urn%3Ali%3Aactivity%3A7146158220183568384
2023-12-27 07:00:21,LIKE,https://www.linkedin.com/feed/update/urn%3Ali%3AugcPost%3A7145504968937050113
2023-12-27 04:29:33,LIKE,https://www.linkedin.com/feed/update/urn%3Ali%3AugcPost%3A7145475756662427648
2023-12-26 15:55:23,LIKE,https://www.linkedin.com/feed/update/urn%3Ali%3Aactivity%3A7145428049767890944
2023-12-26 13:37:53,LIKE,https://www.linkedin.com/feed/update/urn%3Ali%3Aactivity%3A7145383864478146560
2023-12-26 12:08:43,LIKE,https://www.linkedin.com/feed/update/urn%3Ali%3Aactivity%3A7142521608409075712
2023-12-26 12:06:11,LIKE,https://www.linkedin.com/feed/update/urn%3Ali%3Aactivity%3A7140845730277093376
2023-12-26 09:59:28,LIKE,https://www.linkedin.com/feed/update/urn%3Ali%3Aactivity%3A7143585101761695744
2023-12-26 03:52:57,LIKE,https://www.linkedin.com/feed/update/urn%3Ali%3AugcPost%3A7142968482324770817
2023-12-25 11:34:46,LIKE,https://www.linkedin.com/feed/update/urn%3Ali%3Aactivity%3A7140173439096594433
2023-12-22 03:13:15,LIKE,https://www.linkedin.com/feed/update/urn%3Ali%3Aactivity%3A7143284337973600256
2023-12-20 23:58:18,LIKE,https://www.linkedin.com/feed/update/urn%3Ali%3Aactivity%3A7142258897318260736
2023-12-20 08:00:54,LIKE,https://www.linkedin.com/feed/update/urn%3Ali%3Aactivity%3A7143078799516000256
2023-12-20 07:23:15,LIKE,https://www.linkedin.com/feed/update/urn%3Ali%3Aactivity%3A7142891380493754368
2023-12-17 13:18:59,LIKE,https://www.linkedin.com/feed/update/urn%3Ali%3AugcPost%3A7142029649739485184
2023-12-06 16:08:16,LIKE,https://www.linkedin.com/feed/update/urn%3Ali%3Aactivity%3A7138149628964696064
2023-12-01 15:18:59,LIKE,https://www.linkedin.com/feed/update/urn%3Ali%3Aactivity%3A7136073414435356672?commentUrn=urn%3Ali%3Acomment%3A%28activity%3A7136073414435356672%2C7136078331732533248%29
2023-12-01 15:18:49,LIKE,https://www.linkedin.com/feed/update/urn%3Ali%3Aactivity%3A7136073414435356672?commentUrn=urn%3Ali%3Acomment%3A%28activity%3A7136073414435356672%2C7136296703921418240%29
2023-12-01 15:17:12,LIKE,https://www.linkedin.com/feed/update/urn%3Ali%3Aactivity%3A7136168033038831616
2023-11-30 04:55:13,LIKE,https://www.linkedin.com/feed/update/urn%3Ali%3Aactivity%3A7135687813861187584
2023-11-29 15:10:46,LIKE,https://www.linkedin.com/feed/update/urn%3Ali%3Aactivity%3A7135459499254956033
2023-11-29 04:20:53,LIKE,https://www.linkedin.com/feed/update/urn%3Ali%3Aactivity%3A7135404011058319360
2023-11-29 04:20:30,LIKE,https://www.linkedin.com/feed/update/urn%3Ali%3Aactivity%3A7135473969540861953
2023-11-29 03:09:03,LIKE,https://www.linkedin.com/feed/update/urn%3Ali%3Aactivity%3A7135399131505692673
2023-11-29 02:49:10,LIKE,https://www.linkedin.com/feed/update/urn%3Ali%3Aactivity%3A7135406503565410304
2023-11-29 01:31:34,LIKE,https://www.linkedin.com/feed/update/urn%3Ali%3Aactivity%3A7135285328155705344
2023-11-22 21:52:43,LIKE,https://www.linkedin.com/feed/update/urn%3Ali%3Aactivity%3A7133106899142488064
2023-11-21 01:10:09,LIKE,https://www.linkedin.com/feed/update/urn%3Ali%3Aactivity%3A7132512956109488128
2023-11-18 00:26:46,LIKE,https://www.linkedin.com/feed/update/urn%3Ali%3Aactivity%3A7131404230841552896
2023-11-13 18:45:56,LIKE,https://www.linkedin.com/feed/update/urn%3Ali%3Aactivity%3A7108503989717004289
2023-11-04 02:43:19,LIKE,https://www.linkedin.com/feed/update/urn%3Ali%3Aactivity%3A7125942438052933632
2023-10-31 12:02:56,LIKE,https://www.linkedin.com/feed/update/urn%3Ali%3Aactivity%3A7122236892128968705
2023-10-07 03:16:07,LIKE,https://www.linkedin.com/feed/update/urn%3Ali%3Aactivity%3A7116029497467904000
2023-10-07 01:29:02,LIKE,https://www.linkedin.com/feed/update/urn%3Ali%3AugcPost%3A7116131464223629313
2023-10-06 02:00:26,LIKE,https://www.linkedin.com/feed/update/urn%3Ali%3Aactivity%3A7115876883866550273
2023-10-03 12:28:58,LIKE,https://www.linkedin.com/feed/update/urn%3Ali%3Aactivity%3A7114814384626946049
2023-09-26 22:39:53,LIKE,https://www.linkedin.com/feed/update/urn%3Ali%3Aactivity%3A7112177216616071169
2023-09-25 20:04:56,LIKE,https://www.linkedin.com/feed/update/urn%3Ali%3AugcPost%3A7112159435443097603
2023-09-25 09:37:43,LIKE,https://www.linkedin.com/feed/update/urn%3Ali%3AugcPost%3A7109161125153275905
2023-09-25 00:06:38,LIKE,https://www.linkedin.com/feed/update/urn%3Ali%3Aactivity%3A7111323629224615936
2023-09-22 06:56:55,LIKE,https://www.linkedin.com/feed/update/urn%3Ali%3AugcPost%3A7110328580013776896
2023-09-12 10:03:31,LIKE,https://www.linkedin.com/feed/update/urn%3Ali%3Aactivity%3A7107004092035563520
2023-09-08 04:55:47,LIKE,https://www.linkedin.com/feed/update/urn%3Ali%3AugcPost%3A7105714611403833345
2023-09-07 17:47:22,LIKE,https://www.linkedin.com/feed/update/urn%3Ali%3Aactivity%3A7105523991380926464
2023-09-07 17:46:03,LIKE,https://www.linkedin.com/feed/update/urn%3Ali%3AugcPost%3A7105601295465533441
2023-09-06 08:50:17,LIKE,https://www.linkedin.com/feed/update/urn%3Ali%3Aactivity%3A7104852171703160833
2023-08-24 05:13:22,LIKE,https://www.linkedin.com/feed/update/urn%3Ali%3AugcPost%3A7099397066153476096
2023-08-18 12:02:27,LIKE,https://www.linkedin.com/feed/update/urn%3Ali%3AugcPost%3A7095462573508067328?commentUrn=urn%3Ali%3Acomment%3A%28ugcPost%3A7095462573508067328%2C7096256362673774592%29
2023-08-18 12:02:03,LIKE,https://www.linkedin.com/feed/update/urn%3Ali%3AugcPost%3A7095462573508067328
2023-07-30 02:34:51,LIKE,https://www.linkedin.com/feed/update/urn%3Ali%3Aactivity%3A7089985418229678080
2023-07-17 21:05:28,LIKE,https://www.linkedin.com/feed/update/urn%3Ali%3AugcPost%3A7086754056085372928
2023-07-16 01:13:16,LIKE,https://www.linkedin.com/feed/update/urn%3Ali%3AugcPost%3A7086145583337410560
2023-07-12 21:18:47,LIKE,https://www.linkedin.com/feed/update/urn%3Ali%3Aactivity%3A7083916000353533952
2023-06-14 22:59:56,LIKE,https://www.linkedin.com/feed/update/urn%3Ali%3Aactivity%3A7072968823280128001
2023-06-14 03:54:43,LIKE,https://www.linkedin.com/feed/update/urn%3Ali%3Aactivity%3A7069826308280631296
2023-06-14 03:52:46,LIKE,https://www.linkedin.com/feed/update/urn%3Ali%3AugcPost%3A7072600285394657280
2023-06-10 09:17:48,LIKE,https://www.linkedin.com/feed/update/urn%3Ali%3AugcPost%3A7073040232597614592
2023-05-23 11:47:29,LIKE,https://www.linkedin.com/feed/update/urn%3Ali%3Aactivity%3A7066389750990974976
2023-05-23 11:47:25,LIKE,https://www.linkedin.com/feed/update/urn%3Ali%3Aactivity%3A7065052628153479168
2023-05-23 11:15:23,LIKE,https://www.linkedin.com/feed/update/urn%3Ali%3Aactivity%3A7063861959439351809
2023-05-23 07:33:19,LIKE,https://www.linkedin.com/feed/update/urn%3Ali%3Aactivity%3A7066504265044799488
2023-05-04 14:33:43,LIKE,https://www.linkedin.com/feed/update/urn%3Ali%3AugcPost%3A7059862745751396352
2023-04-25 02:41:36,LIKE,https://www.linkedin.com/feed/update/urn%3Ali%3AugcPost%3A7056453050680446976
2023-04-25 00:12:46,LIKE,https://www.linkedin.com/feed/update/urn%3Ali%3Aactivity%3A7056309231376814080
2023-04-20 19:21:09,LIKE,https://www.linkedin.com/feed/update/urn%3Ali%3Aactivity%3A7037087934990188544
2023-04-18 11:30:30,LIKE,https://www.linkedin.com/feed/update/urn%3Ali%3Aactivity%3A7053469395947315201
2023-04-16 01:31:11,LIKE,https://www.linkedin.com/feed/update/urn%3Ali%3Aactivity%3A7053131592268935169
2023-04-14 17:51:34,LIKE,https://www.linkedin.com/feed/update/urn%3Ali%3Aactivity%3A7052665440409448448
2023-04-14 15:18:54,LIKE,https://www.linkedin.com/feed/update/urn%3Ali%3Aactivity%3A7052572786224943105
2023-04-14 06:28:11,LIKE,https://www.linkedin.com/feed/update/urn%3Ali%3Aactivity%3A7052287630666854402
2023-04-14 06:25:47,LIKE,https://www.linkedin.com/feed/update/urn%3Ali%3Aactivity%3A7051894427375529985?commentUrn=urn%3Ali%3Acomment%3A%28activity%3A7051894427375529985%2C7052069328480829440%29
2023-04-11 05:57:44,LIKE,https://www.linkedin.com/feed/update/urn%3Ali%3Aactivity%3A7051182053236641793
2023-04-11 05:55:08,LIKE,https://www.linkedin.com/feed/update/urn%3Ali%3Aactivity%3A7051177004057927680
2023-04-11 05:44:06,LIKE,https://www.linkedin.com/feed/update/urn%3Ali%3Aactivity%3A7051168034496892928
2023-04-11 05:42:17,LIKE,https://www.linkedin.com/feed/update/urn%3Ali%3Aactivity%3A7051191743878234112
2023-04-10 16:38:31,LIKE,https://www.linkedin.com/feed/update/urn%3Ali%3Aactivity%3A7051177023767015424
2023-04-10 09:25:19,LIKE,https://www.linkedin.com/feed/update/urn%3Ali%3AugcPost%3A7048939212414341120
2023-04-10 09:16:29,LIKE,https://www.linkedin.com/feed/update/urn%3Ali%3Aactivity%3A7050862122792034304
2023-04-10 08:48:38,LIKE,https://www.linkedin.com/feed/update/urn%3Ali%3Aactivity%3A7049712543795208194
2023-04-09 22:10:28,LIKE,https://www.linkedin.com/feed/update/urn%3Ali%3Aactivity%3A7050837006104354816?commentUrn=urn%3Ali%3Acomment%3A%28activity%3A7050837006104354816%2C7050858825897164800%29
2023-04-09 22:09:15,LIKE,https://www.linkedin.com/feed/update/urn%3Ali%3Aactivity%3A7050837006104354816?commentUrn=urn%3Ali%3Acomment%3A%28activity%3A7050837006104354816%2C7050882344097865728%29
2023-04-09 19:36:41,LIKE,https://www.linkedin.com/feed/update/urn%3Ali%3Aactivity%3A7049828613386375169?commentUrn=urn%3Ali%3Acomment%3A%28activity%3A7049828613386375169%2C7049847661440417792%29
2023-04-09 08:27:30,LIKE,https://www.linkedin.com/feed/update/urn%3Ali%3Aactivity%3A7008435201190084609
2023-04-09 03:06:15,LIKE,https://www.linkedin.com/feed/update/urn%3Ali%3Aactivity%3A7047620126023503872
2023-04-09 01:23:05,LIKE,https://www.linkedin.com/feed/update/urn%3Ali%3Aactivity%3A7049244267738755072
2023-04-09 00:49:06,LIKE,https://www.linkedin.com/feed/update/urn%3Ali%3Aactivity%3A7050594834616651776
2023-04-08 14:43:40,LIKE,https://www.linkedin.com/feed/update/urn%3Ali%3Aactivity%3A7043659346039238656
2023-04-08 10:34:58,LIKE,https://www.linkedin.com/feed/update/urn%3Ali%3Aactivity%3A7050135207034646528?commentUrn=urn%3Ali%3Acomment%3A%28activity%3A7050135207034646528%2C7050390571583983616%29
2023-04-08 10:33:21,LIKE,https://www.linkedin.com/feed/update/urn%3Ali%3Aactivity%3A7050135207034646528
2023-04-06 09:59:27,LIKE,https://www.linkedin.com/feed/update/urn%3Ali%3Aactivity%3A7048684591729041409
2023-04-05 21:44:10,LIKE,https://www.linkedin.com/feed/update/urn%3Ali%3Aactivity%3A7049425965386522626
2023-04-05 07:50:18,LIKE,https://www.linkedin.com/feed/update/urn%3Ali%3AugcPost%3A7048986015264366592
2023-04-03 20:03:07,LIKE,https://www.linkedin.com/feed/update/urn%3Ali%3AugcPost%3A7048715968348372992
2023-04-03 19:57:59,LIKE,https://www.linkedin.com/feed/update/urn%3Ali%3Aactivity%3A7048654082579857408?commentUrn=urn%3Ali%3Acomment%3A%28activity%3A7048654082579857408%2C7048741614659231744%29
2023-04-03 09:16:02,LIKE,https://www.linkedin.com/feed/update/urn%3Ali%3Aactivity%3A7048298269625462784
2023-04-03 08:25:28,LIKE,https://www.linkedin.com/feed/update/urn%3Ali%3AugcPost%3A7046064125424058368
2023-04-02 18:53:20,LIKE,https://www.linkedin.com/feed/update/urn%3Ali%3AugcPost%3A7042739333555994624
2023-04-02 00:03:47,LIKE,https://www.linkedin.com/feed/update/urn%3Ali%3Aactivity%3A7047435754834198529
2023-04-01 07:12:12,LIKE,https://www.linkedin.com/feed/update/urn%3Ali%3AugcPost%3A7046118735971020800
2023-04-01 07:06:07,LIKE,https://www.linkedin.com/feed/update/urn%3Ali%3Aactivity%3A7047787540380090368
2023-04-01 07:05:54,LIKE,https://www.linkedin.com/feed/update/urn%3Ali%3AugcPost%3A7045047834953318400
2023-04-01 07:02:40,LIKE,https://www.linkedin.com/feed/update/urn%3Ali%3AugcPost%3A7046522542861275136
2023-04-01 06:59:26,LIKE,https://www.linkedin.com/feed/update/urn%3Ali%3Aactivity%3A7046561643421462528
2023-04-01 06:58:12,LIKE,https://www.linkedin.com/feed/update/urn%3Ali%3Aactivity%3A7047571372167819265
2023-04-01 06:52:47,LIKE,https://www.linkedin.com/feed/update/urn%3Ali%3Aactivity%3A7044722407416197121
2023-04-01 06:51:52,LIKE,https://www.linkedin.com/feed/update/urn%3Ali%3AugcPost%3A7047806599964348416
2023-04-01 03:58:33,PRAISE,https://www.linkedin.com/feed/update/urn%3Ali%3Aactivity%3A7047674856988930048
2023-04-01 03:57:24,LIKE,https://www.linkedin.com/feed/update/urn%3Ali%3Aactivity%3A7047680560604803073
2023-03-31 23:30:03,LIKE,https://www.linkedin.com/feed/update/urn%3Ali%3Aactivity%3A7047617780711370752
2023-03-31 22:04:06,LIKE,https://www.linkedin.com/feed/update/urn%3Ali%3AugcPost%3A7047659786481344512
2023-03-30 20:39:01,LIKE,https://www.linkedin.com/feed/update/urn%3Ali%3AugcPost%3A7046931654409375744
2023-03-29 20:02:16,LIKE,https://www.linkedin.com/feed/update/urn%3Ali%3Aactivity%3A7046579463463010304
2023-03-29 19:40:07,LIKE,https://www.linkedin.com/feed/update/urn%3Ali%3Aactivity%3A7046481163300786176?commentUrn=urn%3Ali%3Acomment%3A%28activity%3A7046481163300786176%2C7046864677523402754%29
2023-03-29 19:39:47,LIKE,https://www.linkedin.com/feed/update/urn%3Ali%3Aactivity%3A7046481163300786176?commentUrn=urn%3Ali%3Acomment%3A%28activity%3A7046481163300786176%2C7046626002441039872%29
2023-03-29 19:19:04,LIKE,https://www.linkedin.com/feed/update/urn%3Ali%3Aactivity%3A7046481163300786176
2023-03-29 18:18:52,LIKE,https://www.linkedin.com/feed/update/urn%3Ali%3Aactivity%3A7046893082398654464
2023-03-29 18:16:46,LIKE,https://www.linkedin.com/feed/update/urn%3Ali%3Aactivity%3A7046546185427283968
2023-03-28 22:35:58,LIKE,https://www.linkedin.com/feed/update/urn%3Ali%3Aactivity%3A7046517309716258816
2023-03-28 09:27:53,LIKE,https://www.linkedin.com/feed/update/urn%3Ali%3Aactivity%3A7042582859257180160
2023-03-28 05:41:32,LIKE,https://www.linkedin.com/feed/update/urn%3Ali%3Aactivity%3A7046118813930569728
2023-03-28 05:17:07,LIKE,https://www.linkedin.com/feed/update/urn%3Ali%3Aactivity%3A7046309736601833472
2023-03-26 07:21:22,LIKE,https://www.linkedin.com/feed/update/urn%3Ali%3Aactivity%3A7045391156808990720
2023-03-25 19:11:39,LIKE,https://www.linkedin.com/feed/update/urn%3Ali%3Aactivity%3A7045415648218214400
2023-03-23 23:20:32,LIKE,https://www.linkedin.com/feed/update/urn%3Ali%3Aactivity%3A7044706461217693696
2023-03-21 11:06:50,LIKE,https://www.linkedin.com/feed/update/urn%3Ali%3Aactivity%3A7043585206175322113
2023-03-19 20:16:03,LIKE,https://www.linkedin.com/feed/update/urn%3Ali%3Aactivity%3A7041133878660505600
2023-03-19 05:02:32,LIKE,https://www.linkedin.com/feed/update/urn%3Ali%3Aactivity%3A7042942876397256704
2023-03-19 02:55:28,LIKE,https://www.linkedin.com/feed/update/urn%3Ali%3Aactivity%3A7042591951249948673
2023-03-19 01:04:36,LIKE,https://www.linkedin.com/feed/update/urn%3Ali%3Aactivity%3A7032439303968366593
2023-03-17 19:21:39,LIKE,https://www.linkedin.com/feed/update/urn%3Ali%3Aactivity%3A7042532639483785216
2023-03-17 00:37:30,LIKE,https://www.linkedin.com/feed/update/urn%3Ali%3Aactivity%3A7042128300395151360
2023-03-16 23:33:42,LIKE,https://www.linkedin.com/feed/update/urn%3Ali%3Aactivity%3A7042154309165142016
2023-03-07 18:39:19,LIKE,https://www.linkedin.com/feed/update/urn%3Ali%3Aactivity%3A7038935751505440769
2023-03-07 18:39:11,LIKE,https://www.linkedin.com/feed/update/urn%3Ali%3Aactivity%3A7038896418794721281
2023-03-07 07:27:26,LIKE,https://www.linkedin.com/feed/update/urn%3Ali%3Aactivity%3A7033739469673385986
2023-03-07 07:18:37,LIKE,https://www.linkedin.com/feed/update/urn%3Ali%3Aactivity%3A7038588663655538688
2023-03-07 06:33:22,LIKE,https://www.linkedin.com/feed/update/urn%3Ali%3Aactivity%3A7038752097873379328
2023-03-07 04:52:37,LIKE,https://www.linkedin.com/feed/update/urn%3Ali%3Aactivity%3A7035969015948673024
2023-03-05 23:11:33,LIKE,https://www.linkedin.com/feed/update/urn%3Ali%3Aactivity%3A7037069667538006017
2023-03-05 17:29:27,LIKE,https://www.linkedin.com/feed/update/urn%3Ali%3Aactivity%3A7031689560233308161
2023-03-05 11:27:13,LIKE,https://www.linkedin.com/feed/update/urn%3Ali%3Aactivity%3A7035637873701752832
2023-03-04 20:17:59,LIKE,https://www.linkedin.com/feed/update/urn%3Ali%3Aactivity%3A7037467314664968192
2023-03-04 05:35:01,LIKE,https://www.linkedin.com/feed/update/urn%3Ali%3Aactivity%3A7037531058749263874?commentUrn=urn%3Ali%3Acomment%3A%28activity%3A7037531058749263874%2C7037568678355247104%29
2023-03-04 05:34:15,LIKE,https://www.linkedin.com/feed/update/urn%3Ali%3AugcPost%3A7037627012508745728
2023-03-03 21:13:58,LIKE,https://www.linkedin.com/feed/update/urn%3Ali%3Aactivity%3A7037428450130878464
2023-03-03 09:55:31,LIKE,https://www.linkedin.com/feed/update/urn%3Ali%3AugcPost%3A7037080449487171584
2023-03-03 09:55:16,LIKE,https://www.linkedin.com/feed/update/urn%3Ali%3Aactivity%3A7037047400045117440
2023-03-01 16:40:03,LIKE,https://www.linkedin.com/feed/update/urn%3Ali%3AugcPost%3A6998674949884239872
2023-03-01 16:39:36,LIKE,https://www.linkedin.com/feed/update/urn%3Ali%3AugcPost%3A7036729503158571009
2023-03-01 04:52:48,LIKE,https://www.linkedin.com/feed/update/urn%3Ali%3Aactivity%3A7036447155363991553
2023-02-28 18:36:23,LIKE,https://www.linkedin.com/feed/update/urn%3Ali%3Aactivity%3A7036357532235223040
2023-02-28 17:30:53,LIKE,https://www.linkedin.com/feed/update/urn%3Ali%3Aactivity%3A7036357177699164160
2023-02-27 16:10:52,LIKE,https://www.linkedin.com/feed/update/urn%3Ali%3Aactivity%3A7035643027029200896
2023-02-26 10:21:33,LIKE,https://www.linkedin.com/feed/update/urn%3Ali%3AugcPost%3A7034822346947358720
2023-02-25 19:01:49,LIKE,https://www.linkedin.com/feed/update/urn%3Ali%3AugcPost%3A7035296171661086720
2023-02-25 12:40:32,LIKE,https://www.linkedin.com/feed/update/urn%3Ali%3AugcPost%3A7034574502281846784
2023-02-25 10:42:50,LIKE,https://www.linkedin.com/feed/update/urn%3Ali%3Aactivity%3A7034884661742858242
2023-02-25 10:23:31,LIKE,https://www.linkedin.com/feed/update/urn%3Ali%3AugcPost%3A7032685438901391360
2023-02-23 20:24:10,LIKE,https://www.linkedin.com/feed/update/urn%3Ali%3AugcPost%3A7034572318261583873
2023-02-23 04:12:28,LIKE,https://www.linkedin.com/feed/update/urn%3Ali%3Aactivity%3A7034170597144174592
2023-02-23 03:07:00,LIKE,https://www.linkedin.com/feed/update/urn%3Ali%3Aactivity%3A7034192652577169408
2023-02-22 22:30:59,LIKE,https://www.linkedin.com/feed/update/urn%3Ali%3Aactivity%3A7023557580350230528
2023-02-22 22:30:54,LIKE,https://www.linkedin.com/feed/update/urn%3Ali%3Aactivity%3A7033994423864614912
2023-02-22 22:30:50,LIKE,https://www.linkedin.com/feed/update/urn%3Ali%3Aactivity%3A7033771667906555905
2023-02-22 22:30:44,LIKE,https://www.linkedin.com/feed/update/urn%3Ali%3AugcPost%3A7034253390528339969
2023-02-22 22:30:36,LIKE,https://www.linkedin.com/feed/update/urn%3Ali%3AugcPost%3A7032004925823799297
2023-02-22 22:30:22,LIKE,https://www.linkedin.com/feed/update/urn%3Ali%3Aactivity%3A7034176746014797825
2023-02-22 20:48:29,LIKE,https://www.linkedin.com/feed/update/urn%3Ali%3Aactivity%3A7034151720486105088
2023-02-21 23:25:35,LIKE,https://www.linkedin.com/feed/update/urn%3Ali%3AugcPost%3A7033820891943763968
2023-02-20 21:20:39,LIKE,https://www.linkedin.com/feed/update/urn%3Ali%3AugcPost%3A7033536723070373888
2023-02-20 20:42:33,LIKE,https://www.linkedin.com/feed/update/urn%3Ali%3Aactivity%3A7033520635431555072
2023-02-20 20:42:27,LIKE,https://www.linkedin.com/feed/update/urn%3Ali%3Aactivity%3A7032467634239545344
2023-02-20 19:22:19,LIKE,https://www.linkedin.com/feed/update/urn%3Ali%3Aactivity%3A7032665114746998784
2023-02-20 16:21:57,LIKE,https://www.linkedin.com/feed/update/urn%3Ali%3Aactivity%3A7033465293930696704
2023-02-20 16:20:56,LIKE,https://www.linkedin.com/feed/update/urn%3Ali%3Aactivity%3A7033459668769275904
2023-02-13 10:10:45,LIKE,https://www.linkedin.com/feed/update/urn%3Ali%3Aactivity%3A7030260725369425920
2023-02-13 10:10:29,LIKE,https://www.linkedin.com/feed/update/urn%3Ali%3Aactivity%3A7029527838252752897
2023-02-13 10:09:56,LIKE,https://www.linkedin.com/feed/update/urn%3Ali%3Aactivity%3A7029630542727839744
2023-02-13 10:09:48,LIKE,https://www.linkedin.com/feed/update/urn%3Ali%3Aactivity%3A7028869341626454016
2023-02-13 10:09:12,LIKE,https://www.linkedin.com/feed/update/urn%3Ali%3Aactivity%3A7026179053879513088
2023-02-13 10:08:38,LIKE,https://www.linkedin.com/feed/update/urn%3Ali%3Aactivity%3A7028359741126938624
2023-02-13 10:06:29,LIKE,https://www.linkedin.com/feed/update/urn%3Ali%3Aactivity%3A7030558650268073986
2023-02-13 07:15:49,LIKE,https://www.linkedin.com/feed/update/urn%3Ali%3Aactivity%3A7030202560300949504
2023-02-10 03:29:18,LIKE,https://www.linkedin.com/feed/update/urn%3Ali%3Aactivity%3A7029543831985352710
2023-02-07 15:57:24,LIKE,https://www.linkedin.com/feed/update/urn%3Ali%3Aactivity%3A7025896863857864704
2023-02-02 20:57:31,LIKE,https://www.linkedin.com/feed/update/urn%3Ali%3AugcPost%3A7027011675954245635
2023-02-02 20:54:50,LIKE,https://www.linkedin.com/feed/update/urn%3Ali%3Aactivity%3A7026958004415545344
2023-02-02 20:54:42,LIKE,https://www.linkedin.com/feed/update/urn%3Ali%3Aactivity%3A7027012238276218880
2023-02-02 18:18:52,LIKE,https://www.linkedin.com/feed/update/urn%3Ali%3Aactivity%3A7026817566727634944
2023-01-27 06:39:13,LIKE,https://www.linkedin.com/feed/update/urn%3Ali%3Aactivity%3A7023608365243101184?commentUrn=urn%3Ali%3Acomment%3A%28activity%3A7023608365243101184%2C7023648544112709632%29
2023-01-27 06:37:58,LIKE,https://www.linkedin.com/feed/update/urn%3Ali%3Aactivity%3A7024413347945091073
2023-01-24 14:18:10,LIKE,https://www.linkedin.com/feed/update/urn%3Ali%3Aactivity%3A7023612948350709760
2023-01-23 23:07:34,LIKE,https://www.linkedin.com/feed/update/urn%3Ali%3Aactivity%3A7023277059737047041?commentUrn=urn%3Ali%3Acomment%3A%28activity%3A7023277059737047041%2C7023322208760393729%29
2023-01-23 23:07:21,LIKE,https://www.linkedin.com/feed/update/urn%3Ali%3Aactivity%3A7021960144569675776
2023-01-23 22:59:15,LIKE,https://www.linkedin.com/feed/update/urn%3Ali%3Aactivity%3A7023306309777203201?commentUrn=urn%3Ali%3Acomment%3A%28activity%3A7023306309777203201%2C7023397039803691008%29
2023-01-23 22:58:21,LIKE,https://www.linkedin.com/feed/update/urn%3Ali%3Aactivity%3A7023306309777203201
2023-01-23 05:09:51,LIKE,https://www.linkedin.com/feed/update/urn%3Ali%3Aactivity%3A7021161818144272385
2023-01-23 00:52:48,LIKE,https://www.linkedin.com/feed/update/urn%3Ali%3Aactivity%3A7023087537212583937
2023-01-22 17:48:08,LIKE,https://www.linkedin.com/feed/update/urn%3Ali%3Aactivity%3A7022291709233434624
2023-01-22 15:59:52,LIKE,https://www.linkedin.com/feed/update/urn%3Ali%3Aactivity%3A7022359665225146368
2022-12-29 20:38:33,LIKE,https://www.linkedin.com/feed/update/urn%3Ali%3Aactivity%3A7014318454862143488
2022-11-04 21:09:21,LIKE,https://www.linkedin.com/feed/update/urn%3Ali%3Aactivity%3A6994389006440427522
2022-10-18 09:56:08,LIKE,https://www.linkedin.com/feed/update/urn%3Ali%3Aactivity%3A6987887981005086720
2022-10-13 03:40:36,LIKE,https://www.linkedin.com/feed/update/urn%3Ali%3Aactivity%3A6981312920479559681
2022-10-13 03:39:50,LIKE,https://www.linkedin.com/feed/update/urn%3Ali%3Aactivity%3A6985677445727211520
2022-10-13 03:38:52,LIKE,https://www.linkedin.com/feed/update/urn%3Ali%3Aactivity%3A6983093316514983936
2022-10-12 17:49:08,LIKE,https://www.linkedin.com/feed/update/urn%3Ali%3Aactivity%3A6986015467446427648
2022-10-12 15:14:57,LIKE,https://www.linkedin.com/feed/update/urn%3Ali%3Aactivity%3A6985474214417883136
2022-10-11 04:27:46,LIKE,https://www.linkedin.com/feed/update/urn%3Ali%3Aactivity%3A6985299747255320576
2022-10-11 04:27:20,LIKE,https://www.linkedin.com/feed/update/urn%3Ali%3Aactivity%3A6985331008334168064
2022-10-10 04:47:55,LIKE,https://www.linkedin.com/feed/update/urn%3Ali%3AugcPost%3A6983973030372806656
2022-09-27 01:55:35,LIKE,https://www.linkedin.com/feed/update/urn%3Ali%3Aactivity%3A6979495473598390272
2022-09-26 23:29:03,LIKE,https://www.linkedin.com/feed/update/urn%3Ali%3Aactivity%3A6977808626820276224
2022-09-26 23:28:52,LIKE,https://www.linkedin.com/feed/update/urn%3Ali%3Aactivity%3A6979934633136177152
2022-09-12 02:45:25,LIKE,https://www.linkedin.com/feed/update/urn%3Ali%3Aactivity%3A6974500086592532480?commentUrn=urn%3Ali%3Acomment%3A%28activity%3A6974500086592532480%2C6974547015900819456%29
2022-09-12 02:45:18,LIKE,https://www.linkedin.com/feed/update/urn%3Ali%3Aactivity%3A6974500086592532480
2022-09-12 02:40:57,LIKE,https://www.linkedin.com/feed/update/urn%3Ali%3Aactivity%3A6974040409551314944
2022-09-07 20:07:13,LIKE,https://www.linkedin.com/feed/update/urn%3Ali%3Aactivity%3A6973325740276670465
2022-09-07 20:06:10,LIKE,https://www.linkedin.com/feed/update/urn%3Ali%3Aactivity%3A6973328958666801152
2022-09-07 02:25:58,LIKE,https://www.linkedin.com/feed/update/urn%3Ali%3Aactivity%3A6972894038769213440
2022-09-06 23:37:20,LIKE,https://www.linkedin.com/feed/update/urn%3Ali%3AugcPost%3A6972989366939828224
2022-09-06 23:37:09,LIKE,https://www.linkedin.com/feed/update/urn%3Ali%3Aactivity%3A6972912819105124352
2022-09-06 08:21:46,LIKE,https://www.linkedin.com/feed/update/urn%3Ali%3AugcPost%3A6969768430715420672
2022-09-06 08:21:27,LIKE,https://www.linkedin.com/feed/update/urn%3Ali%3Aactivity%3A6971143385357189120
2022-09-06 04:33:42,LIKE,https://www.linkedin.com/feed/update/urn%3Ali%3Aactivity%3A6971532374668910592
2022-09-06 04:32:27,LIKE,https://www.linkedin.com/feed/update/urn%3Ali%3AugcPost%3A6969029795833643008
2022-09-06 04:31:56,LIKE,https://www.linkedin.com/feed/update/urn%3Ali%3Aactivity%3A6972647239584251904
2022-09-06 04:31:36,LIKE,https://www.linkedin.com/feed/update/urn%3Ali%3Aactivity%3A6970349921635901441
2022-09-06 03:22:00,LIKE,https://www.linkedin.com/feed/update/urn%3Ali%3Aactivity%3A6971865182268518400
2022-09-06 00:42:44,LIKE,https://www.linkedin.com/feed/update/urn%3Ali%3Aactivity%3A6972558872389554176
2022-09-06 00:41:41,LIKE,https://www.linkedin.com/feed/update/urn%3Ali%3Aactivity%3A6971444211380355072
2022-09-06 00:29:43,LIKE,https://www.linkedin.com/feed/update/urn%3Ali%3Aactivity%3A6972632737891459073
2022-09-05 22:48:55,LIKE,https://www.linkedin.com/feed/update/urn%3Ali%3Aactivity%3A6972686149630799873
2022-09-05 21:24:08,LIKE,https://www.linkedin.com/feed/update/urn%3Ali%3Aactivity%3A6967621887036170240
2022-09-05 20:44:46,LIKE,https://www.linkedin.com/feed/update/urn%3Ali%3Aactivity%3A6971928949530451968
2022-09-05 20:44:36,LIKE,https://www.linkedin.com/feed/update/urn%3Ali%3Aactivity%3A6967833449042706432
2022-09-05 19:27:59,LIKE,https://www.linkedin.com/feed/update/urn%3Ali%3Aactivity%3A6969056297103093760
2022-09-05 19:19:00,LIKE,https://www.linkedin.com/feed/update/urn%3Ali%3Aactivity%3A6972629925082054657
2022-09-04 23:46:27,LIKE,https://www.linkedin.com/feed/update/urn%3Ali%3AlyndaCourse%3A2862035
2022-09-04 23:45:53,LIKE,https://www.linkedin.com/feed/update/urn%3Ali%3Aactivity%3A6968903852750188544
2022-09-04 23:45:31,LIKE,https://www.linkedin.com/feed/update/urn%3Ali%3Aactivity%3A6971144787139710977
2022-09-03 22:17:44,LIKE,https://www.linkedin.com/feed/update/urn%3Ali%3Aactivity%3A6971640854184689664
2022-09-02 23:01:45,LIKE,https://www.linkedin.com/feed/update/urn%3Ali%3Aactivity%3A6971571578534817792?commentUrn=urn%3Ali%3Acomment%3A%28activity%3A6971571578534817792%2C6971572897458855940%29
2022-09-02 23:01:41,LIKE,https://www.linkedin.com/feed/update/urn%3Ali%3Aactivity%3A6971571578534817792
2022-09-02 19:11:45,LIKE,https://www.linkedin.com/feed/update/urn%3Ali%3Aactivity%3A6971540256567234560
2022-09-02 17:07:07,LIKE,https://www.linkedin.com/feed/update/urn%3Ali%3Aactivity%3A6971458426321203201
2022-09-02 17:03:41,LIKE,https://www.linkedin.com/feed/update/urn%3Ali%3Aactivity%3A6968808379293061120?commentUrn=urn%3Ali%3Acomment%3A%28activity%3A6968808379293061120%2C6968812754136625153%29
2022-09-02 17:00:56,LIKE,https://www.linkedin.com/feed/update/urn%3Ali%3Aactivity%3A6970506765784289281
2022-09-02 15:52:59,LIKE,https://www.linkedin.com/feed/update/urn%3Ali%3Aactivity%3A6971067517775577088
2022-09-02 15:51:56,LIKE,https://www.linkedin.com/feed/update/urn%3Ali%3AugcPost%3A6971462984074149888
2022-09-02 15:51:19,LIKE,https://www.linkedin.com/feed/update/urn%3Ali%3Aactivity%3A6967783028446113792
2022-09-02 15:50:52,LIKE,https://www.linkedin.com/feed/update/urn%3Ali%3Aactivity%3A6971440761640738816
2022-09-02 15:50:30,LIKE,https://www.linkedin.com/feed/update/urn%3Ali%3Aactivity%3A6971140815008018432
2022-09-02 15:50:06,LIKE,https://www.linkedin.com/feed/update/urn%3Ali%3Aactivity%3A6970206863531409409
2022-09-02 00:35:22,LIKE,https://www.linkedin.com/feed/update/urn%3Ali%3Aactivity%3A6967923012738187264
2022-09-01 20:28:25,LIKE,https://www.linkedin.com/feed/update/urn%3Ali%3Aactivity%3A6971165486159982592
2022-09-01 13:04:37,LIKE,https://www.linkedin.com/feed/update/urn%3Ali%3Aactivity%3A6970412289912938498
2022-09-01 13:04:11,LIKE,https://www.linkedin.com/feed/update/urn%3Ali%3Aactivity%3A6970749100552073216
2022-09-01 02:15:01,LIKE,https://www.linkedin.com/feed/update/urn%3Ali%3Aactivity%3A6970410468838428672
2022-08-31 20:59:19,LIKE,https://www.linkedin.com/feed/update/urn%3Ali%3Aactivity%3A6970807849232867329?commentUrn=urn%3Ali%3Acomment%3A%28activity%3A6970807849232867329%2C6970846864283746305%29
2022-08-31 20:59:12,LIKE,https://www.linkedin.com/feed/update/urn%3Ali%3Aactivity%3A6970807849232867329
2022-08-29 23:04:51,LIKE,https://www.linkedin.com/feed/update/urn%3Ali%3Aactivity%3A6969669964056207360
2022-08-29 19:21:18,LIKE,https://www.linkedin.com/feed/update/urn%3Ali%3Aactivity%3A6970049937241739266
2022-08-29 19:20:41,LIKE,https://www.linkedin.com/feed/update/urn%3Ali%3Aactivity%3A6970019287143002112
2022-08-29 16:28:00,LIKE,https://www.linkedin.com/feed/update/urn%3Ali%3Aactivity%3A6970046927149170689
2022-08-29 15:34:16,LIKE,https://www.linkedin.com/feed/update/urn%3Ali%3AugcPost%3A6970014646296612864
2022-08-28 21:17:16,LIKE,https://www.linkedin.com/feed/update/urn%3Ali%3Aactivity%3A6965291761279664128
2022-08-28 21:17:14,LIKE,https://www.linkedin.com/feed/update/urn%3Ali%3Aactivity%3A6966055703551631360
2022-08-27 15:10:48,LIKE,https://www.linkedin.com/feed/update/urn%3Ali%3Aactivity%3A6968711558453493760
2022-08-27 15:09:09,LIKE,https://www.linkedin.com/feed/update/urn%3Ali%3Aactivity%3A6968209531499675648
2022-08-27 15:06:20,LIKE,https://www.linkedin.com/feed/update/urn%3Ali%3Aactivity%3A6969024564857053185
2022-08-26 19:56:50,LIKE,https://www.linkedin.com/feed/update/urn%3Ali%3Aactivity%3A6968757955089379328
2022-08-25 17:14:08,LIKE,https://www.linkedin.com/feed/update/urn%3Ali%3Aactivity%3A6967539645362442240
2022-08-25 16:51:00,LIKE,https://www.linkedin.com/feed/update/urn%3Ali%3Aactivity%3A6968364220354633728
2022-08-25 16:29:22,LIKE,https://www.linkedin.com/feed/update/urn%3Ali%3Aactivity%3A6968603688244240384
2022-08-25 16:28:14,LIKE,https://www.linkedin.com/feed/update/urn%3Ali%3Aactivity%3A6968345123738849280
2022-08-22 18:26:15,LIKE,https://www.linkedin.com/feed/update/urn%3Ali%3Aactivity%3A6967497036698918912
2022-08-22 14:57:47,LIKE,https://www.linkedin.com/feed/update/urn%3Ali%3Aactivity%3A6967489424825745409
2022-08-19 17:54:01,LIKE,https://www.linkedin.com/feed/update/urn%3Ali%3Aactivity%3A6963863087560998912
2022-08-10 21:04:01,LIKE,https://www.linkedin.com/feed/update/urn%3Ali%3AugcPost%3A6963126828504948736
2022-08-10 20:43:13,LIKE,https://www.linkedin.com/feed/update/urn%3Ali%3Aactivity%3A6961422928714358785
2022-08-10 18:49:33,LIKE,https://www.linkedin.com/feed/update/urn%3Ali%3Aactivity%3A6960650968698937344
2022-07-30 14:10:35,LIKE,https://www.linkedin.com/feed/update/urn%3Ali%3Aactivity%3A6958770405574676480
2022-07-28 18:13:01,LIKE,https://www.linkedin.com/feed/update/urn%3Ali%3Aactivity%3A6954908072041467904
2022-07-28 02:24:08,LIKE,https://www.linkedin.com/feed/update/urn%3Ali%3Aactivity%3A6958028694607032320
2022-07-22 20:06:14,LIKE,https://www.linkedin.com/feed/update/urn%3Ali%3Aactivity%3A6955565525024329728
2022-07-22 03:56:59,LIKE,https://www.linkedin.com/feed/update/urn%3Ali%3AugcPost%3A6955911381464268800
2022-07-22 03:10:28,LIKE,https://www.linkedin.com/feed/update/urn%3Ali%3Aactivity%3A6955150962474786818?commentUrn=urn%3Ali%3Acomment%3A%28activity%3A6955150962474786818%2C6955318312100659200%29
2022-07-22 03:09:17,LIKE,https://www.linkedin.com/feed/update/urn%3Ali%3Aactivity%3A6955150962474786818?commentUrn=urn%3Ali%3Acomment%3A%28activity%3A6955150962474786818%2C6955194836786253825%29
2022-07-22 03:09:07,LIKE,https://www.linkedin.com/feed/update/urn%3Ali%3Aactivity%3A6955150962474786818?commentUrn=urn%3Ali%3Acomment%3A%28activity%3A6955150962474786818%2C6955155378024128512%29
2022-07-21 21:16:55,LIKE,https://www.linkedin.com/feed/update/urn%3Ali%3Aactivity%3A6955878609735532544
2022-07-21 20:42:00,LIKE,https://www.linkedin.com/feed/update/urn%3Ali%3Aactivity%3A6955905143905157120
2022-07-21 15:49:26,LIKE,https://www.linkedin.com/feed/update/urn%3Ali%3Aactivity%3A6954834232556863489
2022-07-21 01:32:50,LIKE,https://www.linkedin.com/feed/update/urn%3Ali%3Aactivity%3A6953977819982962688
2022-07-21 01:31:40,LIKE,https://www.linkedin.com/feed/update/urn%3Ali%3Aactivity%3A6955667659447304192
2022-07-21 01:31:18,LIKE,https://www.linkedin.com/feed/update/urn%3Ali%3Aactivity%3A6955640352057831424
2022-07-21 01:30:31,LIKE,https://www.linkedin.com/feed/update/urn%3Ali%3AugcPost%3A6955520188062609408
2022-07-18 18:19:47,LIKE,https://www.linkedin.com/feed/update/urn%3Ali%3Aactivity%3A6954811237939429376
2022-07-18 00:40:19,LIKE,https://www.linkedin.com/feed/update/urn%3Ali%3Aactivity%3A6953846269832306688
2022-07-18 00:36:17,LIKE,https://www.linkedin.com/feed/update/urn%3Ali%3Aactivity%3A6953082387920478208
2022-07-14 20:08:42,LIKE,https://www.linkedin.com/feed/update/urn%3Ali%3Aactivity%3A6953104131267940353
2022-07-13 19:49:34,LIKE,https://www.linkedin.com/feed/update/urn%3Ali%3Aactivity%3A6952526131963060224
2022-07-13 18:48:29,LIKE,https://www.linkedin.com/feed/update/urn%3Ali%3Aactivity%3A6953023841853988864
2022-07-11 10:46:27,LIKE,https://www.linkedin.com/feed/update/urn%3Ali%3Aactivity%3A6951952278996086784
2022-07-06 21:38:11,LIKE,https://www.linkedin.com/feed/update/urn%3Ali%3Aactivity%3A6950421091496464384
2022-07-06 15:17:56,LIKE,https://www.linkedin.com/feed/update/urn%3Ali%3Aactivity%3A6925453342852706304
2022-07-06 15:17:46,LIKE,https://www.linkedin.com/feed/update/urn%3Ali%3Aactivity%3A6949960544267247616
2022-07-02 14:51:31,LIKE,https://www.linkedin.com/feed/update/urn%3Ali%3Aactivity%3A6946100967843012608
2022-07-02 14:50:36,LIKE,https://www.linkedin.com/feed/update/urn%3Ali%3Aactivity%3A6948637607845105664
2022-06-30 19:08:36,LIKE,https://www.linkedin.com/feed/update/urn%3Ali%3Aactivity%3A6948292082709012480
2022-06-29 13:42:44,LIKE,https://www.linkedin.com/feed/update/urn%3Ali%3Aactivity%3A6947578594063769600
2022-06-29 13:42:36,LIKE,https://www.linkedin.com/feed/update/urn%3Ali%3Aactivity%3A6947669262903713793
2022-06-27 07:37:10,LIKE,https://www.linkedin.com/feed/update/urn%3Ali%3Aactivity%3A6944962734149054464
2022-06-27 06:46:36,LIKE,https://www.linkedin.com/feed/update/urn%3Ali%3Aactivity%3A6945910002079469568
2022-06-26 23:29:05,LIKE,https://www.linkedin.com/feed/update/urn%3Ali%3Aactivity%3A6945764234077085697
2022-06-26 23:28:49,LIKE,https://www.linkedin.com/feed/update/urn%3Ali%3Aactivity%3A6945476867114106881
2022-06-26 23:28:18,LIKE,https://www.linkedin.com/feed/update/urn%3Ali%3Aactivity%3A6946917698249404416
2022-06-26 02:30:03,LIKE,https://www.linkedin.com/feed/update/urn%3Ali%3Aactivity%3A6943610171747123200
2022-06-23 05:37:57,LIKE,https://www.linkedin.com/feed/update/urn%3Ali%3AugcPost%3A6945523748401803264
2022-06-23 01:40:44,LIKE,https://www.linkedin.com/feed/update/urn%3Ali%3Aactivity%3A6945026954920148992
2022-06-21 23:42:09,LIKE,https://www.linkedin.com/feed/update/urn%3Ali%3Aactivity%3A6945040123096952832
2022-06-21 19:52:35,LIKE,https://www.linkedin.com/feed/update/urn%3Ali%3Aactivity%3A6945013838291353600
2022-06-17 15:02:47,LIKE,https://www.linkedin.com/feed/update/urn%3Ali%3Aactivity%3A6941075817028358144
2022-06-17 15:01:46,LIKE,https://www.linkedin.com/feed/update/urn%3Ali%3Aactivity%3A6942819704361140224
2022-06-15 05:33:32,LIKE,https://www.linkedin.com/feed/update/urn%3Ali%3Aactivity%3A6942543691379093504
2022-06-14 19:42:36,LIKE,https://www.linkedin.com/feed/update/urn%3Ali%3AugcPost%3A6942463568269238272
2022-06-14 19:41:44,LIKE,https://www.linkedin.com/feed/update/urn%3Ali%3Aactivity%3A6942540090355179520
2022-06-13 16:44:34,LIKE,https://www.linkedin.com/feed/update/urn%3Ali%3Aactivity%3A6939676282980888576
2022-06-12 01:07:27,LIKE,https://www.linkedin.com/feed/update/urn%3Ali%3Aactivity%3A6940842991469178880
2022-06-12 01:07:13,LIKE,https://www.linkedin.com/feed/update/urn%3Ali%3Aactivity%3A6939717352863256577
2022-06-11 08:25:01,LIKE,https://www.linkedin.com/feed/update/urn%3Ali%3Aactivity%3A6940721291427536896
2022-06-10 17:58:56,LIKE,https://www.linkedin.com/feed/update/urn%3Ali%3Aactivity%3A6939973011873701888
2022-06-03 00:54:12,LIKE,https://www.linkedin.com/feed/update/urn%3Ali%3Aactivity%3A6938275081852788736
2022-05-25 10:28:36,LIKE,https://www.linkedin.com/feed/update/urn%3Ali%3Aactivity%3A6932127152171626496
2022-05-25 10:28:11,LIKE,https://www.linkedin.com/feed/update/urn%3Ali%3Aactivity%3A6934928265530761218
2022-05-25 10:28:05,LIKE,https://www.linkedin.com/feed/update/urn%3Ali%3Aactivity%3A6932344004831318016
2022-05-25 10:27:59,LIKE,https://www.linkedin.com/feed/update/urn%3Ali%3Aactivity%3A6934893580050202625
2022-05-25 10:25:17,LIKE,https://www.linkedin.com/feed/update/urn%3Ali%3Aactivity%3A6934983083716739072
2022-05-20 23:23:01,LIKE,https://www.linkedin.com/feed/update/urn%3Ali%3Aactivity%3A6933411213007622145
2022-05-19 22:38:48,LIKE,https://www.linkedin.com/feed/update/urn%3Ali%3Aactivity%3A6932379191682166784
2022-05-19 17:36:22,LIKE,https://www.linkedin.com/feed/update/urn%3Ali%3Aactivity%3A6932774722657021952
2022-05-17 22:13:14,LIKE,https://www.linkedin.com/feed/update/urn%3Ali%3Aactivity%3A6932339126084005888
2022-05-17 22:13:05,LIKE,https://www.linkedin.com/feed/update/urn%3Ali%3Aactivity%3A6930175765208600576
2022-05-17 22:12:52,LIKE,https://www.linkedin.com/feed/update/urn%3Ali%3Aactivity%3A6931659889932976128
2022-05-11 09:15:42,LIKE,https://www.linkedin.com/feed/update/urn%3Ali%3Aactivity%3A6927291437738774528
2022-05-11 08:55:05,LIKE,https://www.linkedin.com/feed/update/urn%3Ali%3Aactivity%3A6925901069956882432
2022-05-11 08:40:13,LIKE,https://www.linkedin.com/feed/update/urn%3Ali%3Aactivity%3A6929846356400361472
2022-05-10 00:52:35,LIKE,https://www.linkedin.com/feed/update/urn%3Ali%3Aactivity%3A6925570890327810049
2022-05-09 07:53:19,LIKE,https://www.linkedin.com/feed/update/urn%3Ali%3Aactivity%3A6928392682822131712
2022-05-09 04:21:12,LIKE,https://www.linkedin.com/feed/update/urn%3Ali%3Aactivity%3A6929088052472504320
2022-05-09 04:02:05,LIKE,https://www.linkedin.com/feed/update/urn%3Ali%3Aactivity%3A6927355242569248769
2022-05-09 04:01:49,LIKE,https://www.linkedin.com/feed/update/urn%3Ali%3Aactivity%3A6925460248560287744
2022-05-09 03:50:52,LIKE,https://www.linkedin.com/feed/update/urn%3Ali%3Aactivity%3A6927641961399021569
2022-05-06 01:13:09,LIKE,https://www.linkedin.com/feed/update/urn%3Ali%3Aactivity%3A6927346973108838401?commentUrn=urn%3Ali%3Acomment%3A%28activity%3A6927346973108838401%2C6927348420919652353%29
2022-05-04 03:08:19,LIKE,https://www.linkedin.com/feed/update/urn%3Ali%3Aactivity%3A6927011365949759489
2022-04-21 19:20:13,LIKE,https://www.linkedin.com/feed/update/urn%3Ali%3Aactivity%3A6922653122033065986?commentUrn=urn%3Ali%3Acomment%3A%28activity%3A6922653122033065986%2C6922665667041140736%29
2022-04-20 23:06:46,LIKE,https://www.linkedin.com/feed/update/urn%3Ali%3AugcPost%3A6922586387498110976
2022-04-20 17:30:32,LIKE,https://www.linkedin.com/feed/update/urn%3Ali%3Aactivity%3A6922566940527906816
2022-04-18 22:02:02,LIKE,https://www.linkedin.com/feed/update/urn%3Ali%3Aactivity%3A6921915101285339136
2022-04-18 14:36:28,LIKE,https://www.linkedin.com/feed/update/urn%3Ali%3Aactivity%3A6918196273435009025
2022-04-18 14:14:07,LIKE,https://www.linkedin.com/feed/update/urn%3Ali%3Aactivity%3A6921819930216542208
2022-04-18 06:18:43,LIKE,https://www.linkedin.com/feed/update/urn%3Ali%3Aactivity%3A6919668168097439744?commentUrn=urn%3Ali%3Acomment%3A%28activity%3A6919668168097439744%2C6919668453469487104%29
2022-04-18 06:18:28,LIKE,https://www.linkedin.com/feed/update/urn%3Ali%3Aactivity%3A6919668168097439744
2022-04-18 04:07:09,LIKE,https://www.linkedin.com/feed/update/urn%3Ali%3Aactivity%3A6920829750374543360
2022-04-18 04:06:54,LIKE,https://www.linkedin.com/feed/update/urn%3Ali%3AugcPost%3A6920856737986064384
2022-04-18 04:04:16,LIKE,https://www.linkedin.com/feed/update/urn%3Ali%3Aactivity%3A6921457715063988224
2022-04-17 08:53:01,LIKE,https://www.linkedin.com/feed/update/urn%3Ali%3Aactivity%3A6920071815180472320
2022-04-17 08:45:46,LIKE,https://www.linkedin.com/feed/update/urn%3Ali%3Aactivity%3A6920415013912330240
2022-04-17 08:32:08,LIKE,https://www.linkedin.com/feed/update/urn%3Ali%3AugcPost%3A6920002552243630080
2022-04-17 08:31:25,LIKE,https://www.linkedin.com/feed/update/urn%3Ali%3Aactivity%3A6919989241695326208
2022-04-15 02:59:23,LIKE,https://www.linkedin.com/feed/update/urn%3Ali%3Aactivity%3A6917948968521912320
2022-04-15 02:59:06,LIKE,https://www.linkedin.com/feed/update/urn%3Ali%3Aactivity%3A6920192952354963456
2022-04-14 18:04:49,LIKE,https://www.linkedin.com/feed/update/urn%3Ali%3Aactivity%3A6919756269041954816
2022-04-14 18:02:14,LIKE,https://www.linkedin.com/feed/update/urn%3Ali%3AugcPost%3A6919978210768097280
2022-04-14 17:51:47,LIKE,https://www.linkedin.com/feed/update/urn%3Ali%3AugcPost%3A6919975615827705856
2022-04-08 16:24:14,LIKE,https://www.linkedin.com/feed/update/urn%3Ali%3Aactivity%3A6917619692526284800
2022-03-30 00:24:23,LIKE,https://www.linkedin.com/feed/update/urn%3Ali%3AugcPost%3A6914330636073791489
2022-03-28 03:03:26,LIKE,https://www.linkedin.com/feed/update/urn%3Ali%3Aactivity%3A6913197249455939584
2022-03-26 00:47:34,LIKE,https://www.linkedin.com/feed/update/urn%3Ali%3Aactivity%3A6913249457291591680
2022-03-25 22:16:50,LIKE,https://www.linkedin.com/feed/update/urn%3Ali%3Aactivity%3A6912478451857862657
2022-03-25 20:42:26,LIKE,https://www.linkedin.com/feed/update/urn%3Ali%3Aactivity%3A6913119281987637248
2022-03-22 22:21:28,LIKE,https://www.linkedin.com/feed/update/urn%3Ali%3Aactivity%3A6911797511036792832
2022-03-22 20:37:05,LIKE,https://www.linkedin.com/feed/update/urn%3Ali%3Aactivity%3A6910692936674385920
2022-03-14 18:08:46,LIKE,https://www.linkedin.com/feed/update/urn%3Ali%3Aactivity%3A6907007539930918912
2022-03-08 18:12:34,LIKE,https://www.linkedin.com/feed/update/urn%3Ali%3Aactivity%3A6907015273350889472
2022-03-07 02:58:31,LIKE,https://www.linkedin.com/feed/update/urn%3Ali%3Aactivity%3A6906327466420637696
2022-03-07 02:58:02,LIKE,https://www.linkedin.com/feed/update/urn%3Ali%3Aactivity%3A6905185525049696256
2022-03-04 17:10:46,LIKE,https://www.linkedin.com/feed/update/urn%3Ali%3Aactivity%3A6905545107693785089
2022-03-04 16:04:23,LIKE,https://www.linkedin.com/feed/update/urn%3Ali%3Aactivity%3A6901861305863454720
2022-03-04 06:51:09,LIKE,https://www.linkedin.com/feed/update/urn%3Ali%3Aactivity%3A6905253860542173184?commentUrn=urn%3Ali%3Acomment%3A%28activity%3A6905253860542173184%2C6905366530469806080%29
2022-03-04 06:45:12,LIKE,https://www.linkedin.com/feed/update/urn%3Ali%3Aactivity%3A6905253860542173184?commentUrn=urn%3Ali%3Acomment%3A%28activity%3A6905253860542173184%2C6905384586025783296%29
2022-03-04 06:44:42,LIKE,https://www.linkedin.com/feed/update/urn%3Ali%3Aactivity%3A6905253860542173184?commentUrn=urn%3Ali%3Acomment%3A%28activity%3A6905253860542173184%2C6905387785016946688%29
2022-03-04 06:43:29,LIKE,https://www.linkedin.com/feed/update/urn%3Ali%3Aactivity%3A6905253860542173184?commentUrn=urn%3Ali%3Acomment%3A%28activity%3A6905253860542173184%2C6905341437559365632%29
2022-03-04 06:43:25,LIKE,https://www.linkedin.com/feed/update/urn%3Ali%3Aactivity%3A6905253860542173184?commentUrn=urn%3Ali%3Acomment%3A%28activity%3A6905253860542173184%2C6905336508346195969%29
2022-03-04 06:41:35,LIKE,https://www.linkedin.com/feed/update/urn%3Ali%3Aactivity%3A6905253860542173184
2022-03-04 06:40:38,LIKE,https://www.linkedin.com/feed/update/urn%3Ali%3AugcPost%3A6903799917211480064
2022-03-04 06:40:30,LIKE,https://www.linkedin.com/feed/update/urn%3Ali%3Aactivity%3A6902289350634389504?commentUrn=urn%3Ali%3Acomment%3A%28activity%3A6902289350634389504%2C6902323600641056768%29
2022-03-04 06:40:02,LIKE,https://www.linkedin.com/feed/update/urn%3Ali%3Aactivity%3A6903047770492481536
2022-03-03 17:16:05,LIKE,https://www.linkedin.com/feed/update/urn%3Ali%3AugcPost%3A6904073332271239168
2022-03-02 17:51:59,LIKE,https://www.linkedin.com/feed/update/urn%3Ali%3Aactivity%3A6904545946592432129?commentUrn=urn%3Ali%3Acomment%3A%28activity%3A6904545946592432129%2C6904558956740456448%29
2022-03-02 17:51:58,LIKE,https://www.linkedin.com/feed/update/urn%3Ali%3Aactivity%3A6904545946592432129?commentUrn=urn%3Ali%3Acomment%3A%28activity%3A6904545946592432129%2C6904569757518155776%29
2022-03-02 17:51:57,LIKE,https://www.linkedin.com/feed/update/urn%3Ali%3Aactivity%3A6904545946592432129?commentUrn=urn%3Ali%3Acomment%3A%28activity%3A6904545946592432129%2C6904574247403151360%29
2022-03-02 17:51:55,LIKE,https://www.linkedin.com/feed/update/urn%3Ali%3Aactivity%3A6904545946592432129?commentUrn=urn%3Ali%3Acomment%3A%28activity%3A6904545946592432129%2C6904550058063147008%29
2022-03-02 17:51:53,LIKE,https://www.linkedin.com/feed/update/urn%3Ali%3Aactivity%3A6904545946592432129?commentUrn=urn%3Ali%3Acomment%3A%28activity%3A6904545946592432129%2C6904559088861089792%29
2022-03-02 17:50:36,LIKE,https://www.linkedin.com/feed/update/urn%3Ali%3AugcPost%3A6904418600904376320
2022-03-01 20:09:46,LIKE,https://www.linkedin.com/feed/update/urn%3Ali%3Aactivity%3A6903907840285908992
2022-02-24 08:39:50,LIKE,https://www.linkedin.com/feed/update/urn%3Ali%3Aactivity%3A6899804398378463232?commentUrn=urn%3Ali%3Acomment%3A%28activity%3A6899804398378463232%2C6901770292264583168%29
2022-02-24 03:34:30,LIKE,https://www.linkedin.com/feed/update/urn%3Ali%3Aactivity%3A6899804398378463232?commentUrn=urn%3Ali%3Acomment%3A%28activity%3A6899804398378463232%2C6902450087038177280%29
2022-02-24 03:32:41,LIKE,https://www.linkedin.com/feed/update/urn%3Ali%3Aactivity%3A6899804398378463232
2022-02-23 07:37:37,LIKE,https://www.linkedin.com/feed/update/urn%3Ali%3Aactivity%3A6901946755211218944
2022-02-23 07:37:35,LIKE,https://www.linkedin.com/feed/update/urn%3Ali%3Aactivity%3A6901314271251423232
2022-02-23 07:37:31,LIKE,https://www.linkedin.com/feed/update/urn%3Ali%3Aactivity%3A6901952512354529281
2022-02-22 19:06:06,LIKE,https://www.linkedin.com/feed/update/urn%3Ali%3Aactivity%3A6899791078854144000
2022-02-21 06:37:18,LIKE,https://www.linkedin.com/feed/update/urn%3Ali%3AugcPost%3A6899358794506133504
2022-02-21 06:37:07,LIKE,https://www.linkedin.com/feed/update/urn%3Ali%3Aactivity%3A6900267588417331200
2022-02-18 22:53:31,LIKE,https://www.linkedin.com/feed/update/urn%3Ali%3Aactivity%3A6899552849269723136
2022-02-09 23:13:42,LIKE,https://www.linkedin.com/feed/update/urn%3Ali%3Aactivity%3A6896592158200082432?commentUrn=urn%3Ali%3Acomment%3A%28activity%3A6896592158200082432%2C6897017223324553216%29
2022-02-09 23:12:47,LIKE,https://www.linkedin.com/feed/update/urn%3Ali%3Aactivity%3A6897206462431551488
2022-02-09 23:12:34,LIKE,https://www.linkedin.com/feed/update/urn%3Ali%3Aactivity%3A6897241565236932608
2022-02-09 23:11:18,LIKE,https://www.linkedin.com/feed/update/urn%3Ali%3Aactivity%3A6896873134650212352
2022-02-09 23:11:07,LIKE,https://www.linkedin.com/feed/update/urn%3Ali%3Aactivity%3A6897291986249076736
2022-02-07 17:39:17,LIKE,https://www.linkedin.com/feed/update/urn%3Ali%3Aactivity%3A6895433974642999297
2022-02-05 02:25:15,LIKE,https://www.linkedin.com/feed/update/urn%3Ali%3Aactivity%3A6895449515751460865
2022-01-31 05:46:35,LIKE,https://www.linkedin.com/feed/update/urn%3Ali%3Aactivity%3A6892899319461109760
2022-01-31 05:26:02,LIKE,https://www.linkedin.com/feed/update/urn%3Ali%3Aactivity%3A6892510605098450945
2022-01-31 04:57:27,LIKE,https://www.linkedin.com/feed/update/urn%3Ali%3Aactivity%3A6892476467414908929
2022-01-26 18:43:54,LIKE,https://www.linkedin.com/feed/update/urn%3Ali%3Aactivity%3A6892170464522055681
2022-01-25 16:25:44,LIKE,https://www.linkedin.com/feed/update/urn%3Ali%3Aactivity%3A6889600012511129601
2022-01-25 16:25:33,LIKE,https://www.linkedin.com/feed/update/urn%3Ali%3Aactivity%3A6891524849131737088
2022-01-25 05:18:28,LIKE,https://www.linkedin.com/feed/update/urn%3Ali%3Aactivity%3A6891528862032109568
2022-01-25 05:17:56,LIKE,https://www.linkedin.com/feed/update/urn%3Ali%3Aactivity%3A6889252698621911042
2022-01-24 15:48:21,LIKE,https://www.linkedin.com/feed/update/urn%3Ali%3Aactivity%3A6890750122456707072
2022-01-24 00:00:17,LIKE,https://www.linkedin.com/feed/update/urn%3Ali%3Aactivity%3A6889553013011202048
2022-01-23 23:59:49,LIKE,https://www.linkedin.com/feed/update/urn%3Ali%3Aactivity%3A6890739744796397568
2022-01-23 23:59:39,LIKE,https://www.linkedin.com/feed/update/urn%3Ali%3Aactivity%3A6890318074608787456
2022-01-21 00:16:40,LIKE,https://www.linkedin.com/feed/update/urn%3Ali%3Aactivity%3A6886444667685220353
2022-01-21 00:16:34,LIKE,https://www.linkedin.com/feed/update/urn%3Ali%3Aactivity%3A6886423083272462336
2022-01-20 08:45:00,LIKE,https://www.linkedin.com/feed/update/urn%3Ali%3Aactivity%3A6885013759396507648
2022-01-20 08:43:47,LIKE,https://www.linkedin.com/feed/update/urn%3Ali%3Aactivity%3A6888884363707187200?commentUrn=urn%3Ali%3Acomment%3A%28activity%3A6888884363707187200%2C6889591356776349696%29
2022-01-20 08:43:14,LIKE,https://www.linkedin.com/feed/update/urn%3Ali%3Aactivity%3A6888884363707187200
2022-01-20 08:42:23,LIKE,https://www.linkedin.com/feed/update/urn%3Ali%3Aactivity%3A6889727421994598400
2022-01-20 08:38:56,LIKE,https://www.linkedin.com/feed/update/urn%3Ali%3Aactivity%3A6886753779270713344
2022-01-08 06:58:11,LIKE,https://www.linkedin.com/feed/update/urn%3Ali%3AugcPost%3A6885192119472988160
2021-12-26 06:51:04,LIKE,https://www.linkedin.com/feed/update/urn%3Ali%3Aactivity%3A6879465655612137472
2021-12-26 06:50:09,LIKE,https://www.linkedin.com/feed/update/urn%3Ali%3Aactivity%3A6879086351267053568
2021-12-26 06:12:44,LIKE,https://www.linkedin.com/feed/update/urn%3Ali%3Aactivity%3A6878786986048585728
2021-12-26 06:10:54,LIKE,https://www.linkedin.com/feed/update/urn%3Ali%3Aactivity%3A6879501120775954433
2021-12-26 06:10:04,LIKE,https://www.linkedin.com/feed/update/urn%3Ali%3Aactivity%3A6878838408958111745
2021-12-13 16:15:52,LIKE,https://www.linkedin.com/feed/update/urn%3Ali%3Aactivity%3A6875875859144810496
2021-12-11 22:11:55,LIKE,https://www.linkedin.com/feed/update/urn%3Ali%3Aactivity%3A6874001217748557824
2021-12-01 08:58:18,LIKE,https://www.linkedin.com/feed/update/urn%3Ali%3AugcPost%3A6870922080506929152
2021-12-01 08:41:28,LIKE,https://www.linkedin.com/feed/update/urn%3Ali%3AugcPost%3A6871522629916905472
2021-11-26 04:39:36,LIKE,https://www.linkedin.com/feed/update/urn%3Ali%3AugcPost%3A6869716788184264704?commentUrn=urn%3Ali%3Acomment%3A%28ugcPost%3A6869716788184264704%2C6869733373171048448%29
2021-11-26 04:37:42,LIKE,https://www.linkedin.com/feed/update/urn%3Ali%3AugcPost%3A6869716788184264704?commentUrn=urn%3Ali%3Acomment%3A%28ugcPost%3A6869716788184264704%2C6869727560918540288%29
2021-11-26 04:36:04,LIKE,https://www.linkedin.com/feed/update/urn%3Ali%3AugcPost%3A6869716788184264704?commentUrn=urn%3Ali%3Acomment%3A%28ugcPost%3A6869716788184264704%2C6869766556822441985%29
2021-11-26 04:34:07,LIKE,https://www.linkedin.com/feed/update/urn%3Ali%3AugcPost%3A6869716788184264704?commentUrn=urn%3Ali%3Acomment%3A%28ugcPost%3A6869716788184264704%2C6869742242979049472%29
2021-11-22 22:26:22,LIKE,https://www.linkedin.com/feed/update/urn%3Ali%3Aactivity%3A6868597376194531328?commentUrn=urn%3Ali%3Acomment%3A%28activity%3A6868597376194531328%2C6868634923536850944%29
2021-11-19 06:56:32,LIKE,https://www.linkedin.com/feed/update/urn%3Ali%3Aactivity%3A6865023051260661760
2021-11-19 05:39:23,LIKE,https://www.linkedin.com/feed/update/urn%3Ali%3Aactivity%3A6867224703711490048?commentUrn=urn%3Ali%3Acomment%3A%28activity%3A6867224703711490048%2C6867325932814811136%29
2021-11-18 23:29:32,LIKE,https://www.linkedin.com/feed/update/urn%3Ali%3Aactivity%3A6867188751878230016?commentUrn=urn%3Ali%3Acomment%3A%28activity%3A6867188751878230016%2C6867239721224036352%29
2021-11-18 23:29:25,LIKE,https://www.linkedin.com/feed/update/urn%3Ali%3Aactivity%3A6867188751878230016
2021-11-18 19:33:13,LIKE,https://www.linkedin.com/feed/update/urn%3Ali%3AugcPost%3A6867171556871811072
2021-11-18 19:15:42,LIKE,https://www.linkedin.com/feed/update/urn%3Ali%3Aactivity%3A6867156631772377088
2021-11-18 19:06:24,LIKE,https://www.linkedin.com/feed/update/urn%3Ali%3Aactivity%3A6867147645744365568
2021-11-18 19:06:12,LIKE,https://www.linkedin.com/feed/update/urn%3Ali%3Aactivity%3A6866742139150184448?commentUrn=urn%3Ali%3Acomment%3A%28activity%3A6866742139150184448%2C6867141801304834048%29
2021-11-17 16:21:56,PRAISE,https://www.linkedin.com/feed/update/urn%3Ali%3Aactivity%3A6866755669610033152
2021-11-15 17:44:13,LIKE,https://www.linkedin.com/feed/update/urn%3Ali%3Aactivity%3A6866029286940315648
2021-11-14 22:02:30,LIKE,https://www.linkedin.com/feed/update/urn%3Ali%3AugcPost%3A6865667877509451777?commentUrn=urn%3Ali%3Acomment%3A%28ugcPost%3A6865667877509451777%2C6865676900623269888%29
2021-11-13 04:16:08,LIKE,https://www.linkedin.com/feed/update/urn%3Ali%3Aactivity%3A6865005241771835392
2021-11-11 21:16:39,LIKE,https://www.linkedin.com/feed/update/urn%3Ali%3Aactivity%3A6864580617170886656
2021-11-11 20:22:05,LIKE,https://www.linkedin.com/feed/update/urn%3Ali%3Aactivity%3A6864543169070075904
2021-11-10 22:15:36,LIKE,https://www.linkedin.com/feed/update/urn%3Ali%3Aactivity%3A6863903942565265408
2021-11-10 04:23:42,LIKE,https://www.linkedin.com/feed/update/urn%3Ali%3Aactivity%3A6863610027282874369
2021-11-09 21:14:59,LIKE,https://www.linkedin.com/feed/update/urn%3Ali%3Aactivity%3A6863861963475218432
2021-11-08 21:38:52,LIKE,https://www.linkedin.com/feed/update/urn%3Ali%3Aactivity%3A6863568286924242944
2021-10-29 22:14:27,LIKE,https://www.linkedin.com/feed/update/urn%3Ali%3Aactivity%3A6859940961364017152
2021-10-20 01:14:51,LIKE,https://www.linkedin.com/feed/update/urn%3Ali%3Aactivity%3A6856221957361295360
2021-10-18 20:18:35,LIKE,https://www.linkedin.com/feed/update/urn%3Ali%3AugcPost%3A6855846605128511488
2021-10-18 20:17:39,LIKE,https://www.linkedin.com/feed/update/urn%3Ali%3Aactivity%3A6855283710602944512
2021-10-18 12:34:14,LIKE,https://www.linkedin.com/feed/update/urn%3Ali%3Aactivity%3A6854907151475986432
2021-10-18 12:26:47,LIKE,https://www.linkedin.com/feed/update/urn%3Ali%3Aactivity%3A6854123095821697024
2021-10-17 21:22:08,LIKE,https://www.linkedin.com/feed/update/urn%3Ali%3Aactivity%3A6849329671490809856
2021-10-15 22:41:19,LIKE,https://www.linkedin.com/feed/update/urn%3Ali%3Aactivity%3A6854261010166022144
2021-10-15 04:29:42,LIKE,https://www.linkedin.com/feed/update/urn%3Ali%3Aactivity%3A6854584188977446913
2021-10-14 19:18:05,LIKE,https://www.linkedin.com/feed/update/urn%3Ali%3AugcPost%3A6854058527871266816
2021-10-14 04:09:02,LIKE,https://www.linkedin.com/feed/update/urn%3Ali%3Aactivity%3A6851895716663705600
2021-10-14 04:08:30,LIKE,https://www.linkedin.com/feed/update/urn%3Ali%3Aactivity%3A6854241337437429760
2021-10-14 00:26:43,LIKE,https://www.linkedin.com/feed/update/urn%3Ali%3Aactivity%3A6852921895889719296
2021-10-14 00:25:29,LIKE,https://www.linkedin.com/feed/update/urn%3Ali%3Aactivity%3A6854178696765419520
2021-10-14 00:25:11,LIKE,https://www.linkedin.com/feed/update/urn%3Ali%3Aactivity%3A6853692733194944513
2021-10-13 20:16:25,LIKE,https://www.linkedin.com/feed/update/urn%3Ali%3Aactivity%3A6854133410122797056
2021-10-13 18:34:19,LIKE,https://www.linkedin.com/feed/update/urn%3Ali%3Aactivity%3A6853765533171539968
2021-10-13 18:34:01,LIKE,https://www.linkedin.com/feed/update/urn%3Ali%3Aactivity%3A6854105856791863296
2021-10-12 16:45:28,LIKE,https://www.linkedin.com/feed/update/urn%3Ali%3AugcPost%3A6851282122989203456?commentUrn=urn%3Ali%3Acomment%3A%28ugcPost%3A6851282122989203456%2C6851289514355290112%29
2021-10-03 22:49:13,LIKE,https://www.linkedin.com/feed/update/urn%3Ali%3Aactivity%3A6847226470121783296
2021-10-01 18:27:18,LIKE,https://www.linkedin.com/feed/update/urn%3Ali%3AugcPost%3A6849756687637839872
2021-10-01 18:26:15,LIKE,https://www.linkedin.com/feed/update/urn%3Ali%3Aactivity%3A6849742231985885184
2021-10-01 14:38:05,LIKE,https://www.linkedin.com/feed/update/urn%3Ali%3Aactivity%3A6849710996500697088
2021-10-01 07:40:41,LIKE,https://www.linkedin.com/feed/update/urn%3Ali%3Aactivity%3A6848315666659872769
2021-10-01 07:27:28,LIKE,https://www.linkedin.com/feed/update/urn%3Ali%3Aactivity%3A6848315666659872769?commentUrn=urn%3Ali%3Acomment%3A%28activity%3A6848315666659872769%2C6848372672632496128%29
2021-10-01 07:27:24,LIKE,https://www.linkedin.com/feed/update/urn%3Ali%3Aactivity%3A6848315666659872769?commentUrn=urn%3Ali%3Acomment%3A%28activity%3A6848315666659872769%2C6848368962636513282%29
2021-10-01 07:26:59,LIKE,https://www.linkedin.com/feed/update/urn%3Ali%3Aactivity%3A6848315666659872769?commentUrn=urn%3Ali%3Acomment%3A%28activity%3A6848315666659872769%2C6848350488849657856%29
2021-10-01 07:25:26,LIKE,https://www.linkedin.com/feed/update/urn%3Ali%3Aactivity%3A6846101718657232897
2021-10-01 03:42:31,LIKE,https://www.linkedin.com/feed/update/urn%3Ali%3Aactivity%3A6845810187534786560
2021-09-30 17:03:07,LIKE,https://www.linkedin.com/feed/update/urn%3Ali%3Aactivity%3A6849006598686355456
2021-09-30 17:01:52,LIKE,https://www.linkedin.com/feed/update/urn%3Ali%3Aactivity%3A6849148772665192448
2021-09-30 07:03:56,LIKE,https://www.linkedin.com/feed/update/urn%3Ali%3Aactivity%3A6848714114416549888
2021-09-30 07:02:58,LIKE,https://www.linkedin.com/feed/update/urn%3Ali%3Aactivity%3A6849081636978610176
2021-09-24 14:56:19,LIKE,https://www.linkedin.com/feed/update/urn%3Ali%3Aactivity%3A6844039754024017920
2021-09-24 14:55:43,LIKE,https://www.linkedin.com/feed/update/urn%3Ali%3Aactivity%3A6847175786470899712
2021-09-24 14:55:28,LIKE,https://www.linkedin.com/feed/update/urn%3Ali%3Aactivity%3A6844237613734481921
2021-09-24 14:55:15,LIKE,https://www.linkedin.com/feed/update/urn%3Ali%3Aarticle%3A8990584845882672566
2021-09-17 20:30:07,LIKE,https://www.linkedin.com/feed/update/urn%3Ali%3AugcPost%3A6844716091093110784
2021-09-15 21:05:51,LIKE,https://www.linkedin.com/feed/update/urn%3Ali%3AugcPost%3A6841184838372900865?commentUrn=urn%3Ali%3Acomment%3A%28ugcPost%3A6841184838372900865%2C6843914698409283584%29
2021-09-15 17:03:32,LIKE,https://www.linkedin.com/feed/update/urn%3Ali%3AugcPost%3A6843952304685772800
2021-09-15 16:17:00,LIKE,https://www.linkedin.com/feed/update/urn%3Ali%3Aactivity%3A6843667580872351744
2021-09-13 20:50:47,LIKE,https://www.linkedin.com/feed/update/urn%3Ali%3Aactivity%3A6843153520703746048
2021-09-13 20:07:04,LIKE,https://www.linkedin.com/feed/update/urn%3Ali%3AugcPost%3A6843272239513702400?commentUrn=urn%3Ali%3Acomment%3A%28ugcPost%3A6843272239513702400%2C6843273819176660992%29
2021-09-13 20:02:34,LIKE,https://www.linkedin.com/feed/update/urn%3Ali%3AugcPost%3A6843272239513702400?commentUrn=urn%3Ali%3Acomment%3A%28ugcPost%3A6843272239513702400%2C6843272639541231616%29
2021-09-13 20:02:33,LIKE,https://www.linkedin.com/feed/update/urn%3Ali%3AugcPost%3A6843272239513702400
2021-09-13 20:01:50,LIKE,https://www.linkedin.com/feed/update/urn%3Ali%3AugcPost%3A6843272239513702400?commentUrn=urn%3Ali%3Acomment%3A%28ugcPost%3A6843272239513702400%2C6843272476437360640%29
2021-09-11 23:35:12,LIKE,https://www.linkedin.com/feed/update/urn%3Ali%3Aactivity%3A6841429948159315968
2021-09-06 22:45:52,LIKE,https://www.linkedin.com/feed/update/urn%3Ali%3Aarticle%3A8057924599377596116
2021-09-06 21:03:22,LIKE,https://www.linkedin.com/feed/update/urn%3Ali%3Aactivity%3A6838982557334421504
2021-09-06 21:03:05,LIKE,https://www.linkedin.com/feed/update/urn%3Ali%3Aactivity%3A6836166928701112320
2021-09-06 19:54:40,LIKE,https://www.linkedin.com/feed/update/urn%3Ali%3Aactivity%3A6840668769199685632
2021-09-05 19:41:52,LIKE,https://www.linkedin.com/feed/update/urn%3Ali%3Aactivity%3A6836733633873752064
2021-09-05 18:14:29,LIKE,https://www.linkedin.com/feed/update/urn%3Ali%3Aactivity%3A6838909331770093568
2021-09-03 00:17:28,LIKE,https://www.linkedin.com/feed/update/urn%3Ali%3AugcPost%3A6838534134512590848
2021-09-02 22:56:47,LIKE,https://www.linkedin.com/feed/update/urn%3Ali%3Aactivity%3A6839201104283230208
2021-09-02 19:13:10,LIKE,https://www.linkedin.com/feed/update/urn%3Ali%3Aactivity%3A6838813463679135746
2021-09-02 19:03:04,LIKE,https://www.linkedin.com/feed/update/urn%3Ali%3Aactivity%3A6839233940469932035
2021-09-02 04:42:13,LIKE,https://www.linkedin.com/feed/update/urn%3Ali%3Aactivity%3A6838153479190671360
2021-09-01 03:49:23,LIKE,https://www.linkedin.com/feed/update/urn%3Ali%3Aactivity%3A6838156570271064064
2021-09-01 00:38:28,LIKE,https://www.linkedin.com/feed/update/urn%3Ali%3Aactivity%3A6838195661679194112
2021-08-29 18:15:51,LIKE,https://www.linkedin.com/feed/update/urn%3Ali%3Aactivity%3A6833718737909166080
2021-08-26 15:04:28,LIKE,https://www.linkedin.com/feed/update/urn%3Ali%3Aactivity%3A6836362262366814209
2021-08-26 01:51:18,LIKE,https://www.linkedin.com/feed/update/urn%3Ali%3Aactivity%3A6836310949788561408
2021-08-23 23:59:29,LIKE,https://www.linkedin.com/feed/update/urn%3Ali%3Aactivity%3A6834574640862646272
2021-08-17 05:00:16,LIKE,https://www.linkedin.com/feed/update/urn%3Ali%3Aactivity%3A6832676017522388993
2021-08-13 23:27:06,LIKE,https://www.linkedin.com/feed/update/urn%3Ali%3Aactivity%3A6830547039282049024
2021-08-13 15:05:38,LIKE,https://www.linkedin.com/feed/update/urn%3Ali%3Aactivity%3A6831378184861315072
2021-08-13 11:32:31,LIKE,https://www.linkedin.com/feed/update/urn%3Ali%3Aactivity%3A6831687026174156801
2021-08-12 06:30:20,LIKE,https://www.linkedin.com/feed/update/urn%3Ali%3Aactivity%3A6831414412750979072
2021-08-10 22:41:04,LIKE,https://www.linkedin.com/feed/update/urn%3Ali%3Aactivity%3A6830857003296940032
2021-08-04 13:22:00,LIKE,https://www.linkedin.com/feed/update/urn%3Ali%3Aactivity%3A6828332482841116672
2021-07-27 11:40:03,LIKE,https://www.linkedin.com/feed/update/urn%3Ali%3Aactivity%3A6825535726969462785
2021-07-21 18:26:08,LIKE,https://www.linkedin.com/feed/update/urn%3Ali%3Aactivity%3A6823609187025723392
2021-07-21 18:26:01,LIKE,https://www.linkedin.com/feed/update/urn%3Ali%3Aactivity%3A6823412443583180800
2021-07-21 18:08:47,LIKE,https://www.linkedin.com/feed/update/urn%3Ali%3Aactivity%3A6823603890232053760
2021-07-21 18:08:24,LIKE,https://www.linkedin.com/feed/update/urn%3Ali%3Aactivity%3A6823642691788787712
2021-07-21 12:40:39,LIKE,https://www.linkedin.com/feed/update/urn%3Ali%3Aactivity%3A6821932628443201536
2021-07-21 08:31:14,LIKE,https://www.linkedin.com/feed/update/urn%3Ali%3Aactivity%3A6820075300345524224
2021-07-21 08:30:54,LIKE,https://www.linkedin.com/feed/update/urn%3Ali%3Aactivity%3A6822867142556360704
2021-07-07 21:11:34,LIKE,https://www.linkedin.com/feed/update/urn%3Ali%3AugcPost%3A6818634190179966976
2021-06-22 11:06:10,LIKE,https://www.linkedin.com/feed/update/urn%3Ali%3Aactivity%3A6812434603966631936
2021-06-20 02:28:04,LIKE,https://www.linkedin.com/feed/update/urn%3Ali%3Aactivity%3A6812048131711213568
2021-06-20 02:27:57,LIKE,https://www.linkedin.com/feed/update/urn%3Ali%3Aactivity%3A6812106519530790912
2021-06-20 02:25:32,LIKE,https://www.linkedin.com/feed/update/urn%3Ali%3Aactivity%3A6812069280478236672
2021-06-19 15:31:26,LIKE,https://www.linkedin.com/feed/update/urn%3Ali%3Aactivity%3A6809794844186202112
2021-06-19 15:30:49,LIKE,https://www.linkedin.com/feed/update/urn%3Ali%3Aactivity%3A6811768545286860800
2021-06-19 15:29:29,LIKE,https://www.linkedin.com/feed/update/urn%3Ali%3Aactivity%3A6811981452998270976
2021-06-19 15:25:34,LIKE,https://www.linkedin.com/feed/update/urn%3Ali%3Aactivity%3A6811762562431107072
2021-06-18 15:30:56,LIKE,https://www.linkedin.com/feed/update/urn%3Ali%3Aactivity%3A6811271274300604416
2021-06-17 00:34:26,LIKE,https://www.linkedin.com/feed/update/urn%3Ali%3Aactivity%3A6811011617459974144
2021-06-16 19:27:41,LIKE,https://www.linkedin.com/feed/update/urn%3Ali%3Aactivity%3A6810950254284873729
2021-06-16 18:35:39,LIKE,https://www.linkedin.com/feed/update/urn%3Ali%3Aactivity%3A6810894461611069440?commentUrn=urn%3Ali%3Acomment%3A%28activity%3A6810894461611069440%2C6810899952160649216%29
2021-06-16 17:41:02,LIKE,https://www.linkedin.com/feed/update/urn%3Ali%3Aactivity%3A6810961920225611776
2021-06-15 19:15:40,LIKE,https://www.linkedin.com/feed/update/urn%3Ali%3Aactivity%3A6810572936638951424
2021-06-15 19:15:26,LIKE,https://www.linkedin.com/feed/update/urn%3Ali%3Aactivity%3A6810597804268892160
2021-06-15 19:15:21,LIKE,https://www.linkedin.com/feed/update/urn%3Ali%3Aactivity%3A6810535959034261504?commentUrn=urn%3Ali%3Acomment%3A%28activity%3A6810535959034261504%2C6810606524688404480%29
2021-06-15 19:15:08,LIKE,https://www.linkedin.com/feed/update/urn%3Ali%3Aactivity%3A6810586924655378432
2021-06-15 19:15:06,LIKE,https://www.linkedin.com/feed/update/urn%3Ali%3Aactivity%3A6810642127396175872
2021-06-15 19:15:03,LIKE,https://www.linkedin.com/feed/update/urn%3Ali%3Aactivity%3A6810572170721337344
2021-06-15 19:14:49,LIKE,https://www.linkedin.com/feed/update/urn%3Ali%3Aactivity%3A6809236446201942016
2021-06-15 19:14:38,LIKE,https://www.linkedin.com/feed/update/urn%3Ali%3Aactivity%3A6810536067784093696
2021-06-15 19:14:34,LIKE,https://www.linkedin.com/feed/update/urn%3Ali%3Aactivity%3A6810597990982651905
2021-06-15 19:14:29,LIKE,https://www.linkedin.com/feed/update/urn%3Ali%3Aactivity%3A6800353925439590400
2021-06-15 19:14:25,LIKE,https://www.linkedin.com/feed/update/urn%3Ali%3Aactivity%3A6810609302387130368
2021-06-15 15:23:24,LIKE,https://www.linkedin.com/feed/update/urn%3Ali%3Aactivity%3A6809871842363392000?commentUrn=urn%3Ali%3Acomment%3A%28activity%3A6809871842363392000%2C6810250932664758272%29
2021-06-15 15:23:16,LIKE,https://www.linkedin.com/feed/update/urn%3Ali%3Aactivity%3A6809871842363392000
2021-06-15 15:23:07,LIKE,https://www.linkedin.com/feed/update/urn%3Ali%3Aactivity%3A6810247881690226690
2021-06-15 15:22:44,LIKE,https://www.linkedin.com/feed/update/urn%3Ali%3Aactivity%3A6810533436688871424
2021-06-14 22:00:33,LIKE,https://www.linkedin.com/feed/update/urn%3Ali%3Aactivity%3A6808412076923600896?commentUrn=urn%3Ali%3Acomment%3A%28activity%3A6808412076923600896%2C6808552646933389312%29
2021-06-14 22:00:15,LIKE,https://www.linkedin.com/feed/update/urn%3Ali%3Aactivity%3A6810184424366333952
2021-06-14 17:41:48,LIKE,https://www.linkedin.com/feed/update/urn%3Ali%3Aactivity%3A6808816183370895360
2021-06-14 17:41:37,LIKE,https://www.linkedin.com/feed/update/urn%3Ali%3Aactivity%3A6810187763254624256
2021-06-14 10:05:46,LIKE,https://www.linkedin.com/feed/update/urn%3Ali%3Aactivity%3A6809631118925664256
2021-06-14 10:05:42,LIKE,https://www.linkedin.com/feed/update/urn%3Ali%3Aactivity%3A6808123692309204992
2021-06-14 03:05:55,LIKE,https://www.linkedin.com/feed/update/urn%3Ali%3Aactivity%3A6809840020468371457
2021-06-14 03:05:49,LIKE,https://www.linkedin.com/feed/update/urn%3Ali%3Aactivity%3A6809884515335512065
2021-06-14 03:05:44,LIKE,https://www.linkedin.com/feed/update/urn%3Ali%3Aactivity%3A6806342740255887360
2021-06-14 03:05:29,LIKE,https://www.linkedin.com/feed/update/urn%3Ali%3Aactivity%3A6809534294554497024
2021-06-14 03:05:25,LIKE,https://www.linkedin.com/feed/update/urn%3Ali%3Aactivity%3A6809599706067554304
2021-06-13 15:03:25,LIKE,https://www.linkedin.com/feed/update/urn%3Ali%3Aactivity%3A6808849045562417152
2021-06-11 04:32:31,LIKE,https://www.linkedin.com/feed/update/urn%3Ali%3Aactivity%3A6808387202381426688?commentUrn=urn%3Ali%3Acomment%3A%28activity%3A6808387202381426688%2C6808534948061040640%29
2021-06-11 04:32:18,LIKE,https://www.linkedin.com/feed/update/urn%3Ali%3Aactivity%3A6808967984204308480
2021-06-10 23:55:22,LIKE,https://www.linkedin.com/feed/update/urn%3Ali%3Aactivity%3A6808888229694099456
2021-06-10 15:11:00,LIKE,https://www.linkedin.com/feed/update/urn%3Ali%3Aactivity%3A6807790024566861824
2021-06-03 18:29:01,LIKE,https://www.linkedin.com/feed/update/urn%3Ali%3Aactivity%3A6806239314759041024
2021-06-03 18:28:52,LIKE,https://www.linkedin.com/feed/update/urn%3Ali%3Aactivity%3A6806060544471257088?commentUrn=urn%3Ali%3Acomment%3A%28activity%3A6806060544471257088%2C6806235698883043328%29
2021-06-03 18:28:43,LIKE,https://www.linkedin.com/feed/update/urn%3Ali%3Aactivity%3A6806060544471257088
2021-06-02 07:44:19,LIKE,https://www.linkedin.com/feed/update/urn%3Ali%3Aactivity%3A6805585933442813952
2021-06-02 07:44:13,LIKE,https://www.linkedin.com/feed/update/urn%3Ali%3Aactivity%3A6805541908467859456
2021-06-02 07:44:05,LIKE,https://www.linkedin.com/feed/update/urn%3Ali%3Aactivity%3A6805567178688090112
2021-06-02 01:51:12,LIKE,https://www.linkedin.com/feed/update/urn%3Ali%3Aactivity%3A6803662285526093825
2021-06-02 01:49:37,LIKE,https://www.linkedin.com/feed/update/urn%3Ali%3Aactivity%3A6805596062657597440
2021-06-02 01:49:27,LIKE,https://www.linkedin.com/feed/update/urn%3Ali%3Aactivity%3A6805648828944015361
2021-06-01 20:25:54,LIKE,https://www.linkedin.com/feed/update/urn%3Ali%3Aactivity%3A6805486032063098881
2021-06-01 20:25:46,LIKE,https://www.linkedin.com/feed/update/urn%3Ali%3Aactivity%3A6805574784500547584
2021-06-01 20:25:35,LIKE,https://www.linkedin.com/feed/update/urn%3Ali%3Aactivity%3A6805585251742560256
2021-06-01 20:25:30,LIKE,https://www.linkedin.com/feed/update/urn%3Ali%3Aactivity%3A6805459929214844928
2021-06-01 17:43:18,LIKE,https://www.linkedin.com/feed/update/urn%3Ali%3Aactivity%3A6805293416453353472
2021-06-01 17:35:44,LIKE,https://www.linkedin.com/feed/update/urn%3Ali%3Aactivity%3A6805512904264224768
2021-05-30 05:25:01,LIKE,https://www.linkedin.com/feed/update/urn%3Ali%3Aactivity%3A6804382577315729408
2021-05-30 05:24:40,LIKE,https://www.linkedin.com/feed/update/urn%3Ali%3Aactivity%3A6804541027404304384
2021-05-30 05:24:34,LIKE,https://www.linkedin.com/feed/update/urn%3Ali%3Aactivity%3A6802323823824822272
2021-05-30 05:24:30,LIKE,https://www.linkedin.com/feed/update/urn%3Ali%3Aactivity%3A6800978285233876992
2021-05-30 04:42:58,LIKE,https://www.linkedin.com/feed/update/urn%3Ali%3Aactivity%3A6804445165055438848
2021-05-30 04:42:35,LIKE,https://www.linkedin.com/feed/update/urn%3Ali%3Aactivity%3A6802986890036318208
2021-05-30 04:41:12,LIKE,https://www.linkedin.com/feed/update/urn%3Ali%3Aactivity%3A6803729244003430400?commentUrn=urn%3Ali%3Acomment%3A%28activity%3A6803729244003430400%2C6803839446778294272%29
2021-05-25 03:24:06,LIKE,https://www.linkedin.com/feed/update/urn%3Ali%3Aactivity%3A6802750279373635584
2021-05-24 22:53:30,LIKE,https://www.linkedin.com/feed/update/urn%3Ali%3Aactivity%3A6802649744511500288
2021-05-24 22:53:19,LIKE,https://www.linkedin.com/feed/update/urn%3Ali%3Aactivity%3A6802639607658819584
2021-05-24 22:50:44,LIKE,https://www.linkedin.com/feed/update/urn%3Ali%3Aactivity%3A6802682740539031552
2021-05-24 22:50:29,LIKE,https://www.linkedin.com/feed/update/urn%3Ali%3Aactivity%3A6801204531758735360
2021-05-24 22:49:49,LIKE,https://www.linkedin.com/feed/update/urn%3Ali%3Aactivity%3A6802627553216593920
2021-05-24 22:49:36,LIKE,https://www.linkedin.com/feed/update/urn%3Ali%3Aactivity%3A6802695245839634432
2021-05-16 02:30:30,LIKE,https://www.linkedin.com/feed/update/urn%3Ali%3Aactivity%3A6799324379860758528
2021-05-16 02:30:11,LIKE,https://www.linkedin.com/feed/update/urn%3Ali%3Aactivity%3A6799388625856532480
2021-05-16 02:29:59,LIKE,https://www.linkedin.com/feed/update/urn%3Ali%3Aactivity%3A6795759243430543360
2021-05-16 02:28:21,LIKE,https://www.linkedin.com/feed/update/urn%3Ali%3Aactivity%3A6799068841772101632
2021-05-13 22:18:16,LIKE,https://www.linkedin.com/feed/update/urn%3Ali%3Aactivity%3A6798665471236341761
2021-05-13 22:17:59,LIKE,https://www.linkedin.com/feed/update/urn%3Ali%3Aactivity%3A6798647477361807360
2021-05-13 22:17:49,LIKE,https://www.linkedin.com/feed/update/urn%3Ali%3Aactivity%3A6798668907138883584
2021-05-13 22:07:48,LIKE,https://www.linkedin.com/feed/update/urn%3Ali%3AugcPost%3A6798729633903849472
2021-05-13 18:10:13,LIKE,https://www.linkedin.com/feed/update/urn%3Ali%3Aactivity%3A6797454313183604738
2021-05-12 13:13:07,LIKE,https://www.linkedin.com/feed/update/urn%3Ali%3Aactivity%3A6797963026982166528
2021-05-12 13:12:47,LIKE,https://www.linkedin.com/feed/update/urn%3Ali%3Aactivity%3A6798215983258578944
2021-05-12 13:12:27,LIKE,https://www.linkedin.com/feed/update/urn%3Ali%3Aactivity%3A6795104859432476672
2021-05-10 02:55:45,LIKE,https://www.linkedin.com/feed/update/urn%3Ali%3Aactivity%3A6794971193335259136
2021-05-08 10:13:56,LIKE,https://www.linkedin.com/feed/update/urn%3Ali%3Aactivity%3A6796212831265144832
2021-05-08 10:13:51,LIKE,https://www.linkedin.com/feed/update/urn%3Ali%3Aactivity%3A6796548567910690816
2021-05-02 19:40:05,LIKE,https://www.linkedin.com/feed/update/urn%3Ali%3Aactivity%3A6794363464245673984
2021-04-30 03:13:40,LIKE,https://www.linkedin.com/feed/update/urn%3Ali%3Aactivity%3A6790377151377084416
2021-04-30 03:13:28,LIKE,https://www.linkedin.com/feed/update/urn%3Ali%3Aactivity%3A6793507611368144897
2021-04-30 03:13:16,LIKE,https://www.linkedin.com/feed/update/urn%3Ali%3Aactivity%3A6793522645095858176
2021-04-30 03:13:14,LIKE,https://www.linkedin.com/feed/update/urn%3Ali%3Aactivity%3A6793648792945135616
2021-04-30 03:13:11,LIKE,https://www.linkedin.com/feed/update/urn%3Ali%3Aactivity%3A6793711791978491904
2021-04-29 03:42:43,LIKE,https://www.linkedin.com/feed/update/urn%3Ali%3Aactivity%3A6793305076791291904
2021-04-28 14:42:42,LIKE,https://www.linkedin.com/feed/update/urn%3Ali%3Aactivity%3A6792902756681224192
2021-04-28 10:53:38,LIKE,https://www.linkedin.com/feed/update/urn%3Ali%3Aactivity%3A6792989615667101696
2021-04-28 03:01:52,LIKE,https://www.linkedin.com/feed/update/urn%3Ali%3Aactivity%3A6792828220887699456
2021-04-28 03:01:46,LIKE,https://www.linkedin.com/feed/update/urn%3Ali%3Aactivity%3A6792896219116036097
2021-04-28 03:01:11,LIKE,https://www.linkedin.com/feed/update/urn%3Ali%3AugcPost%3A6792957918422585344
2021-04-27 22:32:35,LIKE,https://www.linkedin.com/feed/update/urn%3Ali%3Aactivity%3A6792903424112418817
2021-04-27 08:41:20,LIKE,https://www.linkedin.com/feed/update/urn%3Ali%3Aactivity%3A6792594018997035008
2021-04-27 01:01:51,LIKE,https://www.linkedin.com/feed/update/urn%3Ali%3Aactivity%3A6792569749810229250
2021-04-27 01:01:14,LIKE,https://www.linkedin.com/feed/update/urn%3Ali%3Aactivity%3A6792486100519673856
2021-04-27 01:00:36,LIKE,https://www.linkedin.com/feed/update/urn%3Ali%3Aactivity%3A6792593151031865344
2021-04-26 21:02:01,LIKE,https://www.linkedin.com/feed/update/urn%3Ali%3Aactivity%3A6791430117387235328
2021-04-26 21:01:16,LIKE,https://www.linkedin.com/feed/update/urn%3Ali%3Aactivity%3A6792495172618989568
2021-04-26 21:01:07,LIKE,https://www.linkedin.com/feed/update/urn%3Ali%3Aactivity%3A6790733117624868864
2021-04-26 21:01:02,LIKE,https://www.linkedin.com/feed/update/urn%3Ali%3Aactivity%3A6785113505050705920
2021-04-26 21:00:58,LIKE,https://www.linkedin.com/feed/update/urn%3Ali%3Aactivity%3A6792485720427757568
2021-04-26 21:00:53,LIKE,https://www.linkedin.com/feed/update/urn%3Ali%3Aactivity%3A6792544764232269824
2021-04-26 21:00:49,LIKE,https://www.linkedin.com/feed/update/urn%3Ali%3Aactivity%3A6775140341424128001
2021-04-26 21:00:45,LIKE,https://www.linkedin.com/feed/update/urn%3Ali%3Aactivity%3A6792538780017528832
2021-04-26 20:16:55,LIKE,https://www.linkedin.com/feed/update/urn%3Ali%3Aactivity%3A6790996154990624769
2021-04-26 20:16:36,LIKE,https://www.linkedin.com/feed/update/urn%3Ali%3Aactivity%3A6791751822790012928
2021-04-26 20:16:19,LIKE,https://www.linkedin.com/feed/update/urn%3Ali%3Aactivity%3A6792476789580161024
2021-04-26 13:51:07,LIKE,https://www.linkedin.com/feed/update/urn%3Ali%3Aactivity%3A6790617537701838848
2021-04-26 13:51:02,LIKE,https://www.linkedin.com/feed/update/urn%3Ali%3Aactivity%3A6791391249803956224
2021-04-26 13:50:53,LIKE,https://www.linkedin.com/feed/update/urn%3Ali%3Aactivity%3A6792155199222943744
2021-04-24 15:21:17,LIKE,https://www.linkedin.com/feed/update/urn%3Ali%3Aactivity%3A6790084857021247488
2021-04-24 15:20:46,LIKE,https://www.linkedin.com/feed/update/urn%3Ali%3Aactivity%3A6791133978435969024?commentUrn=urn%3Ali%3Acomment%3A%28activity%3A6791133978435969024%2C6791163704097550337%29
2021-04-24 15:20:38,LIKE,https://www.linkedin.com/feed/update/urn%3Ali%3Aactivity%3A6791133978435969024
2021-04-22 21:21:10,LIKE,https://www.linkedin.com/feed/update/urn%3Ali%3Aactivity%3A6791065624018767872
2021-04-20 20:11:44,LIKE,https://www.linkedin.com/feed/update/urn%3Ali%3Aactivity%3A6790299570057334785
2021-04-20 07:49:58,LIKE,https://www.linkedin.com/feed/update/urn%3Ali%3Aactivity%3A6789911398915858432
2021-04-18 02:34:06,LIKE,https://www.linkedin.com/feed/update/urn%3Ali%3Aactivity%3A6788917607618686976
2021-04-18 02:34:02,LIKE,https://www.linkedin.com/feed/update/urn%3Ali%3Aactivity%3A6789015612267098112
2021-04-18 02:33:50,LIKE,https://www.linkedin.com/feed/update/urn%3Ali%3Aactivity%3A6788578604226871296
2021-04-16 17:52:45,LIKE,https://www.linkedin.com/feed/update/urn%3Ali%3Aactivity%3A6788830499491102720
2021-04-13 22:33:10,LIKE,https://www.linkedin.com/feed/update/urn%3Ali%3Aactivity%3A6787773326652698624
2021-04-13 22:25:28,LIKE,https://www.linkedin.com/feed/update/urn%3Ali%3Aactivity%3A6787485551189725184
2021-04-11 15:09:20,LIKE,https://www.linkedin.com/feed/update/urn%3Ali%3Aactivity%3A6783741121022500864
2021-04-11 02:07:48,LIKE,https://www.linkedin.com/feed/update/urn%3Ali%3Aactivity%3A6784651948390985728?commentUrn=urn%3Ali%3Acomment%3A%28activity%3A6784651948390985728%2C6784859350214287360%29
2021-04-11 02:07:43,LIKE,https://www.linkedin.com/feed/update/urn%3Ali%3Aactivity%3A6785634107654324224
2021-04-11 02:07:37,LIKE,https://www.linkedin.com/feed/update/urn%3Ali%3Aactivity%3A6784897562366369792
2021-04-11 02:07:33,LIKE,https://www.linkedin.com/feed/update/urn%3Ali%3Aactivity%3A6786293959707774977
2021-04-11 02:07:21,LIKE,https://www.linkedin.com/feed/update/urn%3Ali%3Aactivity%3A6786333261246275584
2021-04-11 02:06:59,LIKE,https://www.linkedin.com/feed/update/urn%3Ali%3Aactivity%3A6786367088865894400
2021-04-11 01:24:58,LIKE,https://www.linkedin.com/feed/update/urn%3Ali%3Aactivity%3A6785959832064290816
2021-04-10 02:21:59,LIKE,https://www.linkedin.com/feed/update/urn%3Ali%3Aactivity%3A6785957128428503040?commentUrn=urn%3Ali%3Acomment%3A%28activity%3A6785957128428503040%2C6786110411952422912%29
2021-04-09 15:36:49,LIKE,https://www.linkedin.com/feed/update/urn%3Ali%3Aactivity%3A6786021438295035904
2021-04-07 04:25:33,LIKE,https://www.linkedin.com/feed/update/urn%3Ali%3Aactivity%3A6784951937898029056
2021-04-07 04:25:29,LIKE,https://www.linkedin.com/feed/update/urn%3Ali%3Aactivity%3A6783175606470369280
2021-04-07 04:20:57,LIKE,https://www.linkedin.com/feed/update/urn%3Ali%3Aactivity%3A6783497004485017600
2021-04-07 04:20:38,LIKE,https://www.linkedin.com/feed/update/urn%3Ali%3Aactivity%3A6785037195616112640?commentUrn=urn%3Ali%3Acomment%3A%28activity%3A6785037195616112640%2C6785067925104680960%29
2021-04-07 04:20:34,LIKE,https://www.linkedin.com/feed/update/urn%3Ali%3Aactivity%3A6785037195616112640?commentUrn=urn%3Ali%3Acomment%3A%28activity%3A6785037195616112640%2C6785321628604739584%29
2021-04-07 04:20:25,LIKE,https://www.linkedin.com/feed/update/urn%3Ali%3Aactivity%3A6785037195616112640?commentUrn=urn%3Ali%3Acomment%3A%28activity%3A6785037195616112640%2C6785405929430114304%29
2021-04-07 04:20:10,LIKE,https://www.linkedin.com/feed/update/urn%3Ali%3Aactivity%3A6785037195616112640
2021-04-07 04:19:12,LIKE,https://www.linkedin.com/feed/update/urn%3Ali%3Aactivity%3A6784886808913285121
2021-04-07 04:19:04,LIKE,https://www.linkedin.com/feed/update/urn%3Ali%3AugcPost%3A6785359728831791104
2021-04-07 04:13:53,LIKE,https://www.linkedin.com/feed/update/urn%3Ali%3Aactivity%3A6783416613958930432
2021-04-07 04:13:50,LIKE,https://www.linkedin.com/feed/update/urn%3Ali%3Aactivity%3A6785266521368231936
2021-04-07 04:13:38,LIKE,https://www.linkedin.com/feed/update/urn%3Ali%3Aactivity%3A6785395890669531136
2021-04-07 04:13:35,LIKE,https://www.linkedin.com/feed/update/urn%3Ali%3Aactivity%3A6785347458835849216
2021-04-06 18:36:04,LIKE,https://www.linkedin.com/feed/update/urn%3Ali%3Aactivity%3A6784659112589369344
2021-04-06 18:35:30,LIKE,https://www.linkedin.com/feed/update/urn%3Ali%3Aactivity%3A6785234905895985153
2021-04-06 15:30:19,LIKE,https://www.linkedin.com/feed/update/urn%3Ali%3Aactivity%3A6783819514539851776
2021-04-06 15:30:07,LIKE,https://www.linkedin.com/feed/update/urn%3Ali%3Aactivity%3A6784925867752726528
2021-04-06 15:29:51,LIKE,https://www.linkedin.com/feed/update/urn%3Ali%3Aactivity%3A6785209198868361216
2021-04-01 21:56:18,LIKE,https://www.linkedin.com/feed/update/urn%3Ali%3AugcPost%3A6783394798498824192?commentUrn=urn%3Ali%3Acomment%3A%28ugcPost%3A6783394798498824192%2C6783437393551769600%29
2021-04-01 21:55:59,LIKE,https://www.linkedin.com/feed/update/urn%3Ali%3AugcPost%3A6783394798498824192?commentUrn=urn%3Ali%3Acomment%3A%28ugcPost%3A6783394798498824192%2C6783421043836026880%29
2021-04-01 17:48:01,LIKE,https://www.linkedin.com/feed/update/urn%3Ali%3Aactivity%3A6783103329250754560
2021-03-29 13:12:03,LIKE,https://www.linkedin.com/feed/update/urn%3Ali%3Aactivity%3A6781006822653472768
2021-03-25 10:36:31,LIKE,https://www.linkedin.com/feed/update/urn%3Ali%3Aactivity%3A6779755858743083008
2021-03-25 10:36:20,LIKE,https://www.linkedin.com/feed/update/urn%3Ali%3Aactivity%3A6780759520193851392
2021-03-25 10:35:51,LIKE,https://www.linkedin.com/feed/update/urn%3Ali%3AugcPost%3A6780442763013050368
2021-03-25 10:34:39,LIKE,https://www.linkedin.com/feed/update/urn%3Ali%3Aactivity%3A6777965991025614848?commentUrn=urn%3Ali%3Acomment%3A%28activity%3A6777965991025614848%2C6778729802611339264%29
2021-03-25 10:34:34,LIKE,https://www.linkedin.com/feed/update/urn%3Ali%3Aactivity%3A6777965991025614848
2021-03-25 10:34:08,LIKE,https://www.linkedin.com/feed/update/urn%3Ali%3Aactivity%3A6778001137510567936
2021-03-25 10:34:01,LIKE,https://www.linkedin.com/feed/update/urn%3Ali%3Aactivity%3A6780613481927454720
2021-03-25 10:33:42,LIKE,https://www.linkedin.com/feed/update/urn%3Ali%3Aactivity%3A6780149703620333568
2021-03-25 10:33:33,LIKE,https://www.linkedin.com/feed/update/urn%3Ali%3Aactivity%3A6780563553456926720
2021-03-23 00:28:28,LIKE,https://www.linkedin.com/feed/update/urn%3Ali%3Aactivity%3A6673933072821567488?commentUrn=urn%3Ali%3Acomment%3A%28activity%3A6673933072821567488%2C6673945409267871744%29
2021-03-21 22:46:39,LIKE,https://www.linkedin.com/feed/update/urn%3Ali%3Aactivity%3A6777246938908762112
2021-03-21 22:46:23,LIKE,https://www.linkedin.com/feed/update/urn%3Ali%3AugcPost%3A6767934801380024320
2021-03-21 22:46:18,LIKE,https://www.linkedin.com/feed/update/urn%3Ali%3Aactivity%3A6778017461162901504
2021-03-19 12:42:37,LIKE,https://www.linkedin.com/feed/update/urn%3Ali%3Aactivity%3A6778432072437653504
2021-03-18 00:25:25,LIKE,https://www.linkedin.com/feed/update/urn%3Ali%3Aactivity%3A6778007259332145152
2021-03-16 20:13:20,LIKE,https://www.linkedin.com/feed/update/urn%3Ali%3Aactivity%3A6777591338838953984
2021-03-15 22:46:09,LIKE,https://www.linkedin.com/feed/update/urn%3Ali%3Aactivity%3A6777302439486902272
2021-03-15 00:11:50,LIKE,https://www.linkedin.com/feed/update/urn%3Ali%3Aactivity%3A6776341723925889024
2021-03-14 07:11:59,LIKE,https://www.linkedin.com/feed/update/urn%3Ali%3Aactivity%3A6775480976941436928
2021-03-14 07:10:40,LIKE,https://www.linkedin.com/feed/update/urn%3Ali%3Aactivity%3A6776585095986917376
2021-03-14 01:05:14,LIKE,https://www.linkedin.com/feed/update/urn%3Ali%3Aactivity%3A6774716346484842496
2021-03-13 15:35:16,LIKE,https://www.linkedin.com/feed/update/urn%3Ali%3Aactivity%3A6775828346208055296
2021-03-12 12:39:13,LIKE,https://www.linkedin.com/feed/update/urn%3Ali%3Aactivity%3A6771081852913639424
2021-03-12 12:38:45,LIKE,https://www.linkedin.com/feed/update/urn%3Ali%3Aactivity%3A6775139365535543296
2021-03-12 12:38:40,LIKE,https://www.linkedin.com/feed/update/urn%3Ali%3Aactivity%3A6775798697906307072
2021-03-12 12:38:30,LIKE,https://www.linkedin.com/feed/update/urn%3Ali%3Aactivity%3A6775107233584857088
2021-03-12 12:38:24,LIKE,https://www.linkedin.com/feed/update/urn%3Ali%3Aactivity%3A6775104756005298176
2021-03-12 12:06:36,LIKE,https://www.linkedin.com/feed/update/urn%3Ali%3Aactivity%3A6775985627918938112
2021-03-02 23:45:07,LIKE,https://www.linkedin.com/feed/update/urn%3Ali%3Aactivity%3A6768026597925752832
2021-03-02 02:29:46,LIKE,https://www.linkedin.com/feed/update/urn%3Ali%3Aactivity%3A6770096129620238336
2021-03-01 22:26:36,LIKE,https://www.linkedin.com/feed/update/urn%3Ali%3Aactivity%3A6770492568884129792
2021-02-25 18:02:28,LIKE,https://www.linkedin.com/feed/update/urn%3Ali%3Aactivity%3A6770736856234651648
2021-02-23 20:56:50,LIKE,https://www.linkedin.com/feed/update/urn%3Ali%3Aactivity%3A6768758062007255040
2021-02-15 16:26:10,LIKE,https://www.linkedin.com/feed/update/urn%3Ali%3Aactivity%3A6766386589053669376
2021-02-10 17:19:53,LIKE,https://www.linkedin.com/feed/update/urn%3Ali%3AugcPost%3A6763825652568231936?commentUrn=urn%3Ali%3Acomment%3A%28ugcPost%3A6763825652568231936%2C6765318337523146752%29
2021-02-10 17:19:16,LIKE,https://www.linkedin.com/feed/update/urn%3Ali%3AugcPost%3A6763825652568231936?commentUrn=urn%3Ali%3Acomment%3A%28ugcPost%3A6763825652568231936%2C6765318193520091136%29
2021-02-08 16:36:44,LIKE,https://www.linkedin.com/feed/update/urn%3Ali%3Aactivity%3A6762826664947806208
2021-02-08 16:36:32,LIKE,https://www.linkedin.com/feed/update/urn%3Ali%3Aactivity%3A6762619692067655681
2021-02-08 16:36:23,LIKE,https://www.linkedin.com/feed/update/urn%3Ali%3Aactivity%3A6763115559627354112
2021-02-04 16:31:13,LIKE,https://www.linkedin.com/feed/update/urn%3Ali%3Aactivity%3A6762030596995870720
2021-02-02 16:01:53,LIKE,https://www.linkedin.com/feed/update/urn%3Ali%3Aactivity%3A6761326122727694336?commentUrn=urn%3Ali%3Acomment%3A%28activity%3A6761326122727694336%2C6761849553214947328%29
2021-02-02 16:01:44,LIKE,https://www.linkedin.com/feed/update/urn%3Ali%3Aactivity%3A6761326122727694336
2021-02-02 08:35:46,LIKE,https://www.linkedin.com/feed/update/urn%3Ali%3Aactivity%3A6762036779957780481
2021-02-02 00:23:03,LIKE,https://www.linkedin.com/feed/update/urn%3Ali%3AugcPost%3A6760571011130884096
2021-01-20 10:28:22,LIKE,https://www.linkedin.com/feed/update/urn%3Ali%3Aactivity%3A6755857812225687552
2021-01-20 10:28:06,LIKE,https://www.linkedin.com/feed/update/urn%3Ali%3Aactivity%3A6757506972733583360
2021-01-20 10:27:13,LIKE,https://www.linkedin.com/feed/update/urn%3Ali%3Aactivity%3A6755885168613052418
2021-01-20 10:27:03,LIKE,https://www.linkedin.com/feed/update/urn%3Ali%3AugcPost%3A6757426930108260353
2021-01-20 10:26:55,LIKE,https://www.linkedin.com/feed/update/urn%3Ali%3Aactivity%3A6757318468887969792
2021-01-19 22:27:12,LIKE,https://www.linkedin.com/feed/update/urn%3Ali%3Aactivity%3A6753735907943292928
2021-01-18 18:30:48,LIKE,https://www.linkedin.com/feed/update/urn%3Ali%3Aactivity%3A6755838502916640768
2021-01-17 22:29:37,LIKE,https://www.linkedin.com/feed/update/urn%3Ali%3Aactivity%3A6755666549228490752
2021-01-17 22:29:07,LIKE,https://www.linkedin.com/feed/update/urn%3Ali%3Aactivity%3A6755876429365436416
2021-01-15 09:08:19,LIKE,https://www.linkedin.com/feed/update/urn%3Ali%3Aactivity%3A6755348177819439104
2021-01-15 09:08:11,LIKE,https://www.linkedin.com/feed/update/urn%3Ali%3Aactivity%3A6754763873334759424
2021-01-15 08:45:20,LIKE,https://www.linkedin.com/feed/update/urn%3Ali%3Aactivity%3A6752211180653207552
2021-01-15 04:40:21,LIKE,https://www.linkedin.com/feed/update/urn%3Ali%3Aactivity%3A6755610918324838400
2021-01-15 00:52:13,LIKE,https://www.linkedin.com/feed/update/urn%3Ali%3Aactivity%3A6755158523182678016
2021-01-15 00:51:59,LIKE,https://www.linkedin.com/feed/update/urn%3Ali%3Aactivity%3A6755528280255950848
2021-01-14 19:56:26,LIKE,https://www.linkedin.com/feed/update/urn%3Ali%3Aactivity%3A6755474643001327616
2021-01-14 19:55:33,LIKE,https://www.linkedin.com/feed/update/urn%3Ali%3Aactivity%3A6755531122756648960
2021-01-14 18:48:55,LIKE,https://www.linkedin.com/feed/update/urn%3Ali%3Aactivity%3A6755339127060860928
2021-01-13 20:50:22,LIKE,https://www.linkedin.com/feed/update/urn%3Ali%3Aactivity%3A6755211546324021248
2021-01-13 17:25:11,LIKE,https://www.linkedin.com/feed/update/urn%3Ali%3Aactivity%3A6754810510333489153
2021-01-11 00:07:08,LIKE,https://www.linkedin.com/feed/update/urn%3Ali%3Aactivity%3A6752365357962534912
2021-01-11 00:07:01,LIKE,https://www.linkedin.com/feed/update/urn%3Ali%3Aactivity%3A6753329780399198208
2021-01-11 00:06:14,LIKE,https://www.linkedin.com/feed/update/urn%3Ali%3Aactivity%3A6753327284352094208
2021-01-06 11:20:59,LIKE,https://www.linkedin.com/feed/update/urn%3Ali%3Aactivity%3A6749306383071531009
2021-01-02 08:40:25,LIKE,https://www.linkedin.com/feed/update/urn%3Ali%3Aactivity%3A6747198999310200832
2021-01-02 08:37:28,LIKE,https://www.linkedin.com/feed/update/urn%3Ali%3Aactivity%3A6747648360532066304
2021-01-02 03:04:14,LIKE,https://www.linkedin.com/feed/update/urn%3Ali%3Aactivity%3A6749732287170064384
2020-12-26 08:59:45,LIKE,https://www.linkedin.com/feed/update/urn%3Ali%3Aactivity%3A6747207723332591616
2020-12-26 08:59:29,LIKE,https://www.linkedin.com/feed/update/urn%3Ali%3Aactivity%3A6747288478775590912
2020-12-22 21:43:06,LIKE,https://www.linkedin.com/feed/update/urn%3Ali%3Aactivity%3A6745785969590591488
2020-12-22 03:12:23,LIKE,https://www.linkedin.com/feed/update/urn%3Ali%3Aactivity%3A6745002114327613440
2020-12-20 11:46:41,LIKE,https://www.linkedin.com/feed/update/urn%3Ali%3Aactivity%3A6745725718094839808
2020-11-02 20:14:10,LIKE,https://www.linkedin.com/feed/update/urn%3Ali%3Aactivity%3A6727979226995261440
2020-11-01 07:13:06,LIKE,https://www.linkedin.com/feed/update/urn%3Ali%3Aactivity%3A6727712344182448128
2020-11-01 05:27:11,LIKE,https://www.linkedin.com/feed/update/urn%3Ali%3AugcPost%3A6728388588444143616
2020-11-01 04:06:32,LIKE,https://www.linkedin.com/feed/update/urn%3Ali%3Aactivity%3A6727427528463532032
2020-11-01 01:57:37,LIKE,https://www.linkedin.com/feed/update/urn%3Ali%3Aactivity%3A6726552357263417344
2020-10-30 22:18:32,LIKE,https://www.linkedin.com/feed/update/urn%3Ali%3Aactivity%3A6727266839895822336
2020-10-29 03:18:07,LIKE,https://www.linkedin.com/feed/update/urn%3Ali%3AugcPost%3A6726835843807363072
2020-10-28 00:05:33,LIKE,https://www.linkedin.com/feed/update/urn%3Ali%3AugcPost%3A6724834554667962368
2020-10-27 19:12:05,LIKE,https://www.linkedin.com/feed/update/urn%3Ali%3Aactivity%3A6726903501328404480
2020-10-22 00:05:04,LIKE,https://www.linkedin.com/feed/update/urn%3Ali%3Aactivity%3A6723945303852023808
2020-10-20 19:43:26,LIKE,https://www.linkedin.com/feed/update/urn%3Ali%3Aactivity%3A6724332440845979648
2020-10-14 18:56:44,LIKE,https://www.linkedin.com/feed/update/urn%3Ali%3AugcPost%3A6722152789490884608?commentUrn=urn%3Ali%3Acomment%3A%28ugcPost%3A6722152789490884608%2C6722193889056358400%29
2020-10-14 18:49:43,LIKE,https://www.linkedin.com/feed/update/urn%3Ali%3Aactivity%3A6722156318456729601
2020-10-14 17:00:14,LIKE,https://www.linkedin.com/feed/update/urn%3Ali%3Aactivity%3A6721823189942591488
2020-10-09 15:48:16,LIKE,https://www.linkedin.com/feed/update/urn%3Ali%3Aactivity%3A6719236140106424320
2020-10-09 15:47:57,LIKE,https://www.linkedin.com/feed/update/urn%3Ali%3Aactivity%3A6714586528858943488
2020-10-09 15:47:00,LIKE,https://www.linkedin.com/feed/update/urn%3Ali%3Aactivity%3A6719152932366905344
2020-10-09 15:46:49,LIKE,https://www.linkedin.com/feed/update/urn%3Ali%3Aactivity%3A6719100456150339584
2020-09-29 14:17:02,LIKE,https://www.linkedin.com/feed/update/urn%3Ali%3Aactivity%3A6716380162637803520
2020-09-21 23:23:11,LIKE,https://www.linkedin.com/feed/update/urn%3Ali%3Aactivity%3A6711381371543269376
2020-09-20 19:25:50,LIKE,https://www.linkedin.com/feed/update/urn%3Ali%3Aactivity%3A6712383165471735808
2020-09-10 19:58:42,LIKE,https://www.linkedin.com/feed/update/urn%3Ali%3Aactivity%3A6709459718370320384
2020-09-03 20:35:36,LIKE,https://www.linkedin.com/feed/update/urn%3Ali%3Aactivity%3A6706914883117625344
2020-09-03 15:03:59,LIKE,https://www.linkedin.com/feed/update/urn%3Ali%3Aactivity%3A6707267215265198080
2020-09-02 12:43:14,LIKE,https://www.linkedin.com/feed/update/urn%3Ali%3Aactivity%3A6706283411314671616
2020-09-02 12:41:35,LIKE,https://www.linkedin.com/feed/update/urn%3Ali%3Aactivity%3A6706285458042814464
2020-09-02 12:41:10,LIKE,https://www.linkedin.com/feed/update/urn%3Ali%3Aactivity%3A6706292866383257600
2020-09-02 12:40:58,LIKE,https://www.linkedin.com/feed/update/urn%3Ali%3Aactivity%3A6706580879784890368
2020-08-31 17:21:51,LIKE,https://www.linkedin.com/feed/update/urn%3Ali%3AugcPost%3A6705104638435299328
2020-08-31 17:21:28,LIKE,https://www.linkedin.com/feed/update/urn%3Ali%3Aactivity%3A6706210660403036161
2020-08-31 17:21:09,LIKE,https://www.linkedin.com/feed/update/urn%3Ali%3AlyndaCourse%3A2825405?commentUrn=urn%3Ali%3Acomment%3A%28lyndaCourse%3A2825405%2C6706184647774093312%29
2020-08-31 17:18:51,LIKE,https://www.linkedin.com/feed/update/urn%3Ali%3Aactivity%3A6704767495238123521
2020-08-31 17:18:48,LIKE,https://www.linkedin.com/feed/update/urn%3Ali%3Aactivity%3A6704077190402711552
2020-08-28 20:30:32,LIKE,https://www.linkedin.com/feed/update/urn%3Ali%3Aactivity%3A6704829657725882369
2020-08-25 13:36:29,LIKE,https://www.linkedin.com/feed/update/urn%3Ali%3AugcPost%3A6701543614184611840
2020-08-24 19:02:26,LIKE,https://www.linkedin.com/feed/update/urn%3Ali%3Aactivity%3A6703691827360477184
2020-08-21 04:13:43,LIKE,https://www.linkedin.com/feed/update/urn%3Ali%3Aactivity%3A6701504357206175744
2020-08-11 02:40:00,LIKE,https://www.linkedin.com/feed/update/urn%3Ali%3AugcPost%3A6696757609447460864
2020-08-10 21:16:19,LIKE,https://www.linkedin.com/feed/update/urn%3Ali%3Aactivity%3A6694642967157768192
2020-07-30 15:33:49,LIKE,https://www.linkedin.com/feed/update/urn%3Ali%3Aactivity%3A6693738208968220672
2020-07-30 14:48:13,LIKE,https://www.linkedin.com/feed/update/urn%3Ali%3Aactivity%3A6694602684084883457
2020-07-24 14:46:21,LIKE,https://www.linkedin.com/feed/update/urn%3Ali%3Aactivity%3A6692155210133065728
2020-07-22 14:12:30,LIKE,https://www.linkedin.com/feed/update/urn%3Ali%3Aactivity%3A6691515204573896704
2020-07-22 14:12:15,LIKE,https://www.linkedin.com/feed/update/urn%3Ali%3Aactivity%3A6691692690008096768
2020-07-22 14:11:15,LIKE,https://www.linkedin.com/feed/update/urn%3Ali%3Aactivity%3A6691539235251519488
2020-07-22 03:37:53,LIKE,https://www.linkedin.com/feed/update/urn%3Ali%3Aactivity%3A6691110682093465600
2020-07-21 17:57:28,LIKE,https://www.linkedin.com/feed/update/urn%3Ali%3AugcPost%3A6691371709670526976
2020-07-21 16:39:33,LIKE,https://www.linkedin.com/feed/update/urn%3Ali%3Aactivity%3A6689694239783227392
2020-07-20 19:24:58,LIKE,https://www.linkedin.com/feed/update/urn%3Ali%3Aactivity%3A6689982182162857984
2020-07-16 05:24:11,LIKE,https://www.linkedin.com/feed/update/urn%3Ali%3Aactivity%3A6689291917890609152
2020-07-15 21:42:31,LIKE,https://www.linkedin.com/feed/update/urn%3Ali%3Aactivity%3A6689267866904207360
2020-07-14 22:35:30,LIKE,https://www.linkedin.com/feed/update/urn%3Ali%3Aactivity%3A6688846560199094272
2020-07-14 22:35:01,LIKE,https://www.linkedin.com/feed/update/urn%3Ali%3Aactivity%3A6688821556635865088
2020-07-14 22:34:41,LIKE,https://www.linkedin.com/feed/update/urn%3Ali%3Aactivity%3A6688878749531877376
2020-07-08 14:01:13,LIKE,https://www.linkedin.com/feed/update/urn%3Ali%3Aactivity%3A6686622383962488832?commentUrn=urn%3Ali%3Acomment%3A%28activity%3A6686622383962488832%2C6686622885773225984%29
2020-07-08 14:00:21,LIKE,https://www.linkedin.com/feed/update/urn%3Ali%3Aactivity%3A6686622383962488832
2020-07-08 14:00:05,LIKE,https://www.linkedin.com/feed/update/urn%3Ali%3Aactivity%3A6686302492034121728
2020-07-08 13:59:35,LIKE,https://www.linkedin.com/feed/update/urn%3Ali%3Aactivity%3A6686617064792301568
2020-07-07 22:00:26,LIKE,https://www.linkedin.com/feed/update/urn%3Ali%3Aactivity%3A6686349449830260736
2020-07-06 21:06:45,LIKE,https://www.linkedin.com/feed/update/urn%3Ali%3Aactivity%3A6685919986357202944
2020-07-01 17:59:50,LIKE,https://www.linkedin.com/feed/update/urn%3Ali%3AugcPost%3A6683804388907122688
2020-06-29 21:27:23,LIKE,https://www.linkedin.com/feed/update/urn%3Ali%3Aactivity%3A6683444526104756224?commentUrn=urn%3Ali%3Acomment%3A%28activity%3A6683444526104756224%2C6683458796980981760%29
2020-06-29 14:17:48,LIKE,https://www.linkedin.com/feed/update/urn%3Ali%3AugcPost%3A6683027129447305216
2020-06-27 00:55:04,LIKE,https://www.linkedin.com/feed/update/urn%3Ali%3AugcPost%3A6682294369606795264
2020-06-26 14:17:57,LIKE,https://www.linkedin.com/feed/update/urn%3Ali%3Aactivity%3A6682272131255975936
2020-06-26 04:03:49,LIKE,https://www.linkedin.com/feed/update/urn%3Ali%3Aactivity%3A6681946981717348352
2020-06-26 04:03:49,LIKE,https://www.linkedin.com/feed/update/urn%3Ali%3Aactivity%3A6681946981717348352?commentUrn=urn%3Ali%3Acomment%3A%28activity%3A6681946981717348352%2C6681958739676864512%29
2020-06-23 20:02:15,LIKE,https://www.linkedin.com/feed/update/urn%3Ali%3Aactivity%3A6681227934302248960
2020-06-22 15:27:20,LIKE,https://www.linkedin.com/feed/update/urn%3Ali%3Aactivity%3A6680845079801806848
2020-06-22 15:25:58,LIKE,https://www.linkedin.com/feed/update/urn%3Ali%3Aactivity%3A6680814107794432001
2020-06-22 02:54:02,LIKE,https://www.linkedin.com/feed/update/urn%3Ali%3Aactivity%3A6680562055138861056
2020-06-19 19:10:21,LIKE,https://www.linkedin.com/feed/update/urn%3Ali%3Aactivity%3A6679012736124391424
2020-06-18 17:46:52,LIKE,https://www.linkedin.com/feed/update/urn%3Ali%3Aactivity%3A6679110954090950656
2020-06-16 21:18:10,LIKE,https://www.linkedin.com/feed/update/urn%3Ali%3Aactivity%3A6678363277325688833
2020-06-16 04:43:12,LIKE,https://www.linkedin.com/feed/update/urn%3Ali%3Aactivity%3A6678311945751416832
2020-06-15 19:56:06,LIKE,https://www.linkedin.com/feed/update/urn%3Ali%3Aactivity%3A6678335525717340160
2020-06-15 19:55:06,LIKE,https://www.linkedin.com/feed/update/urn%3Ali%3Aactivity%3A6678335171969728512
2020-06-15 16:54:40,LIKE,https://www.linkedin.com/feed/update/urn%3Ali%3AlyndaCourse%3A5010647
2020-06-14 23:49:40,LIKE,https://www.linkedin.com/feed/update/urn%3Ali%3Aarticle%3A7815942885850769392
2020-06-11 04:31:11,LIKE,https://www.linkedin.com/feed/update/urn%3Ali%3Aactivity%3A6676527963464335360
2020-06-11 03:49:46,LIKE,https://www.linkedin.com/feed/update/urn%3Ali%3Aactivity%3A6676512659178893313
2020-06-11 01:41:53,LIKE,https://www.linkedin.com/feed/update/urn%3Ali%3Aactivity%3A6676597685753004032
2020-06-11 01:02:15,LIKE,https://www.linkedin.com/feed/update/urn%3Ali%3AugcPost%3A6676611409331265536
2020-06-11 01:01:44,LIKE,https://www.linkedin.com/feed/update/urn%3Ali%3Aactivity%3A6676634663928246272
2020-06-10 19:41:27,LIKE,https://www.linkedin.com/feed/update/urn%3Ali%3Aactivity%3A6676559977861140480
2020-06-10 16:04:49,LIKE,https://www.linkedin.com/feed/update/urn%3Ali%3Aactivity%3A6676498014409953280
2020-06-09 20:51:13,LIKE,https://www.linkedin.com/feed/update/urn%3Ali%3Aactivity%3A6676193813603602432
2020-06-09 18:56:41,LIKE,https://www.linkedin.com/feed/update/urn%3Ali%3AugcPost%3A6676160452780806144
2020-06-09 07:52:07,LIKE,https://www.linkedin.com/feed/update/urn%3Ali%3AugcPost%3A6675857734384005120?commentUrn=urn%3Ali%3Acomment%3A%28ugcPost%3A6675857734384005120%2C6675870527350980608%29
2020-06-09 07:52:02,LIKE,https://www.linkedin.com/feed/update/urn%3Ali%3AugcPost%3A6675857734384005120?commentUrn=urn%3Ali%3Acomment%3A%28ugcPost%3A6675857734384005120%2C6675865325554151425%29
2020-06-09 07:51:57,LIKE,https://www.linkedin.com/feed/update/urn%3Ali%3AugcPost%3A6675857734384005120?commentUrn=urn%3Ali%3Acomment%3A%28ugcPost%3A6675857734384005120%2C6675894287982460928%29
2020-06-09 07:51:53,LIKE,https://www.linkedin.com/feed/update/urn%3Ali%3AugcPost%3A6675857734384005120?commentUrn=urn%3Ali%3Acomment%3A%28ugcPost%3A6675857734384005120%2C6675880454240931840%29
2020-06-09 07:51:12,LIKE,https://www.linkedin.com/feed/update/urn%3Ali%3AugcPost%3A6675857734384005120
2020-06-09 07:30:54,LIKE,https://www.linkedin.com/feed/update/urn%3Ali%3Aactivity%3A6675846483721494528?commentUrn=urn%3Ali%3Acomment%3A%28activity%3A6675846483721494528%2C6675858733823737856%29
2020-06-09 07:29:59,LIKE,https://www.linkedin.com/feed/update/urn%3Ali%3Aactivity%3A6675846483721494528?commentUrn=urn%3Ali%3Acomment%3A%28activity%3A6675846483721494528%2C6675906018804846592%29
2020-06-09 07:28:13,LIKE,https://www.linkedin.com/feed/update/urn%3Ali%3Aactivity%3A6675846483721494528?commentUrn=urn%3Ali%3Acomment%3A%28activity%3A6675846483721494528%2C6675964863791153154%29
2020-06-09 07:28:07,LIKE,https://www.linkedin.com/feed/update/urn%3Ali%3Aactivity%3A6675846483721494528?commentUrn=urn%3Ali%3Acomment%3A%28activity%3A6675846483721494528%2C6675951919648833536%29
2020-06-09 07:27:57,LIKE,https://www.linkedin.com/feed/update/urn%3Ali%3Aactivity%3A6675846483721494528?commentUrn=urn%3Ali%3Acomment%3A%28activity%3A6675846483721494528%2C6675924152391647232%29
2020-06-09 07:27:42,LIKE,https://www.linkedin.com/feed/update/urn%3Ali%3Aactivity%3A6675846483721494528?commentUrn=urn%3Ali%3Acomment%3A%28activity%3A6675846483721494528%2C6675891696292634624%29
2020-06-09 07:27:27,LIKE,https://www.linkedin.com/feed/update/urn%3Ali%3Aactivity%3A6675846483721494528
2020-06-06 07:23:01,LIKE,https://www.linkedin.com/feed/update/urn%3Ali%3Aactivity%3A6674505227946770432?commentUrn=urn%3Ali%3Acomment%3A%28activity%3A6674505227946770432%2C6674693144782753792%29
2020-06-06 07:23:00,LIKE,https://www.linkedin.com/feed/update/urn%3Ali%3Aactivity%3A6674505227946770432?commentUrn=urn%3Ali%3Acomment%3A%28activity%3A6674505227946770432%2C6674860328368660480%29
2020-06-06 07:22:33,LIKE,https://www.linkedin.com/feed/update/urn%3Ali%3Aactivity%3A6674770498460651520
2020-06-05 07:40:23,LIKE,https://www.linkedin.com/feed/update/urn%3Ali%3Aactivity%3A6674416274401034240
2020-06-05 04:07:29,LIKE,https://www.linkedin.com/feed/update/urn%3Ali%3Aactivity%3A6674505227946770432?commentUrn=urn%3Ali%3Acomment%3A%28activity%3A6674505227946770432%2C6674511646574026752%29
2020-06-04 16:59:05,LIKE,https://www.linkedin.com/feed/update/urn%3Ali%3Aactivity%3A6674319733564727296?commentUrn=urn%3Ali%3Acomment%3A%28activity%3A6674319733564727296%2C6674344316325953536%29
2020-06-04 16:57:33,LIKE,https://www.linkedin.com/feed/update/urn%3Ali%3Aactivity%3A6674291462617804800
2020-06-04 16:39:00,LIKE,https://www.linkedin.com/feed/update/urn%3Ali%3Aactivity%3A6674318959988342784
2020-06-03 05:32:14,LIKE,https://www.linkedin.com/feed/update/urn%3Ali%3Aactivity%3A6673756464999391232
2020-06-02 19:15:27,LIKE,https://www.linkedin.com/feed/update/urn%3Ali%3Aactivity%3A6673652793330561024
2020-05-31 21:08:14,LIKE,https://www.linkedin.com/feed/update/urn%3Ali%3Aactivity%3A6672900090564292608
2020-05-28 20:41:47,LIKE,https://www.linkedin.com/feed/update/urn%3Ali%3Aactivity%3A6671781960282628096?commentUrn=urn%3Ali%3Acomment%3A%28activity%3A6671781960282628096%2C6671826364460490752%29
2020-05-28 14:55:18,LIKE,https://www.linkedin.com/feed/update/urn%3Ali%3Aactivity%3A6671415216766545920
2020-05-28 03:40:25,LIKE,https://www.linkedin.com/feed/update/urn%3Ali%3Aactivity%3A6671483906597916672
2020-05-28 02:14:57,LIKE,https://www.linkedin.com/feed/update/urn%3Ali%3AlyndaCourse%3A672244
2020-05-27 03:16:00,LIKE,https://www.linkedin.com/feed/update/urn%3Ali%3Aactivity%3A6671180456400175104
2020-05-26 20:48:11,LIKE,https://www.linkedin.com/feed/update/urn%3Ali%3Aactivity%3A6671127914773274624
2020-05-26 18:18:55,LIKE,https://www.linkedin.com/feed/update/urn%3Ali%3Aactivity%3A6671091680114020352
2020-05-26 18:18:44,LIKE,https://www.linkedin.com/feed/update/urn%3Ali%3Aactivity%3A6671056942091382784?commentUrn=urn%3Ali%3Acomment%3A%28activity%3A6671056942091382784%2C6671062238675120128%29
2020-05-26 13:47:11,LIKE,https://www.linkedin.com/feed/update/urn%3Ali%3AugcPost%3A6669341668191416320
2020-05-26 13:35:07,LIKE,https://www.linkedin.com/feed/update/urn%3Ali%3Aactivity%3A6670772789374451712?commentUrn=urn%3Ali%3Acomment%3A%28activity%3A6670772789374451712%2C6670781301760552960%29
2020-05-26 13:34:51,LIKE,https://www.linkedin.com/feed/update/urn%3Ali%3Aactivity%3A6670772789374451712
2020-05-25 19:01:09,LIKE,https://www.linkedin.com/feed/update/urn%3Ali%3Aactivity%3A6670675261484359680
2020-05-25 19:00:45,LIKE,https://www.linkedin.com/feed/update/urn%3Ali%3Aactivity%3A6668531846898360320
2020-05-25 15:33:46,LIKE,https://www.linkedin.com/feed/update/urn%3Ali%3Aactivity%3A6668282297789276160
2020-05-24 07:05:00,LIKE,https://www.linkedin.com/feed/update/urn%3Ali%3Aactivity%3A6669704839531900928
2020-05-24 05:40:02,LIKE,https://www.linkedin.com/feed/update/urn%3Ali%3Aactivity%3A6669662118100434944
2020-05-21 16:51:25,LIKE,https://www.linkedin.com/feed/update/urn%3Ali%3Aactivity%3A6669265844293419008
2020-05-21 05:08:48,LIKE,https://www.linkedin.com/feed/update/urn%3Ali%3Aactivity%3A6669080252309942272
2020-05-20 19:26:34,LIKE,https://www.linkedin.com/feed/update/urn%3Ali%3Aactivity%3A6668925489559814144
2020-05-20 15:33:26,LIKE,https://www.linkedin.com/feed/update/urn%3Ali%3Aactivity%3A6668881733347352576
2020-05-20 15:21:02,LIKE,https://www.linkedin.com/feed/update/urn%3Ali%3Aactivity%3A6668686761117462528
2020-05-18 19:24:32,LIKE,https://www.linkedin.com/feed/update/urn%3Ali%3Aactivity%3A6668212369837092864
2020-05-18 19:24:18,LIKE,https://www.linkedin.com/feed/update/urn%3Ali%3Aactivity%3A6668152264173076481
2020-05-18 19:24:11,LIKE,https://www.linkedin.com/feed/update/urn%3Ali%3Aactivity%3A6668151878938849280
2020-05-18 05:52:51,LIKE,https://www.linkedin.com/feed/update/urn%3Ali%3Aactivity%3A6667937264624123904
2020-05-14 05:30:09,LIKE,https://www.linkedin.com/feed/update/urn%3Ali%3Aactivity%3A6665645194383278080
2020-05-14 03:20:14,LIKE,https://www.linkedin.com/feed/update/urn%3Ali%3Aactivity%3A6665646958700568576
2020-05-14 02:24:16,LIKE,https://www.linkedin.com/feed/update/urn%3Ali%3Aactivity%3A6665742292067983361
2020-05-14 00:57:35,LIKE,https://www.linkedin.com/feed/update/urn%3Ali%3AugcPost%3A6666012354670575616
2020-05-13 19:16:57,LIKE,https://www.linkedin.com/feed/update/urn%3Ali%3Aactivity%3A6665724022849851392
2020-05-13 19:16:22,LIKE,https://www.linkedin.com/feed/update/urn%3Ali%3Aactivity%3A6666402874383306754
2020-05-13 19:04:36,LIKE,https://www.linkedin.com/feed/update/urn%3Ali%3Aactivity%3A6666388808356945920
2020-05-12 17:17:45,LIKE,https://www.linkedin.com/feed/update/urn%3Ali%3Aactivity%3A6665747997151768576
2020-05-12 17:17:23,LIKE,https://www.linkedin.com/feed/update/urn%3Ali%3Aactivity%3A6665611704786833408
2020-05-12 17:16:54,LIKE,https://www.linkedin.com/feed/update/urn%3Ali%3Aactivity%3A6665782994336382976
2020-05-11 20:00:06,LIKE,https://www.linkedin.com/feed/update/urn%3Ali%3Aactivity%3A6665208785012948992
2020-05-11 13:25:19,LIKE,https://www.linkedin.com/feed/update/urn%3Ali%3Aactivity%3A6665409801100541953
2020-05-11 13:24:31,LIKE,https://www.linkedin.com/feed/update/urn%3Ali%3Aactivity%3A6664239720849125376
2020-05-07 19:24:10,LIKE,https://www.linkedin.com/feed/update/urn%3Ali%3Aactivity%3A6663125286084767744
2020-05-07 17:36:29,LIKE,https://www.linkedin.com/feed/update/urn%3Ali%3Aactivity%3A6664205370006872064
2020-05-07 16:36:27,LIKE,https://www.linkedin.com/feed/update/urn%3Ali%3Aactivity%3A6664186573338345472
2020-05-06 21:10:23,LIKE,https://www.linkedin.com/feed/update/urn%3Ali%3Aactivity%3A6663863214608134144
2020-05-06 21:10:16,LIKE,https://www.linkedin.com/feed/update/urn%3Ali%3Aactivity%3A6663839171406372864
2020-05-01 21:02:16,LIKE,https://www.linkedin.com/feed/update/urn%3Ali%3Aactivity%3A6662059815382118400
2020-05-01 20:56:49,LIKE,https://www.linkedin.com/feed/update/urn%3Ali%3Aactivity%3A6661637266361982977
2020-05-01 20:56:46,LIKE,https://www.linkedin.com/feed/update/urn%3Ali%3AugcPost%3A6661703730712453120
2020-05-01 20:56:42,LIKE,https://www.linkedin.com/feed/update/urn%3Ali%3Aactivity%3A6661394650621894657
2020-04-30 19:40:17,LIKE,https://www.linkedin.com/feed/update/urn%3Ali%3Aactivity%3A6661016415220359168
2020-04-28 20:57:45,LIKE,https://www.linkedin.com/feed/update/urn%3Ali%3Aactivity%3A6660646676836962304
2020-04-28 20:57:16,LIKE,https://www.linkedin.com/feed/update/urn%3Ali%3Aactivity%3A6660936188255354880
2020-04-28 20:57:04,LIKE,https://www.linkedin.com/feed/update/urn%3Ali%3Aactivity%3A6660911448610476032
2020-04-28 20:56:29,LIKE,https://www.linkedin.com/feed/update/urn%3Ali%3Aactivity%3A6660941516539863040
2020-04-28 18:24:43,LIKE,https://www.linkedin.com/feed/update/urn%3Ali%3Aactivity%3A6660579359386144768
2020-04-28 04:52:31,LIKE,https://www.linkedin.com/feed/update/urn%3Ali%3Aactivity%3A6660624257611022336
2020-04-28 04:52:17,LIKE,https://www.linkedin.com/feed/update/urn%3Ali%3Aactivity%3A6660738379493310464
2020-04-28 04:52:12,LIKE,https://www.linkedin.com/feed/update/urn%3Ali%3Aactivity%3A6660571315080093696
2020-04-28 04:51:47,LIKE,https://www.linkedin.com/feed/update/urn%3Ali%3AugcPost%3A6660642375892774913
2020-04-28 04:51:41,LIKE,https://www.linkedin.com/feed/update/urn%3Ali%3Aactivity%3A6660558486566428674
2020-04-28 04:51:29,LIKE,https://www.linkedin.com/feed/update/urn%3Ali%3Aactivity%3A6660577366177312768
2020-04-28 04:51:12,LIKE,https://www.linkedin.com/feed/update/urn%3Ali%3Aactivity%3A6660564305194430465
2020-04-28 04:51:08,LIKE,https://www.linkedin.com/feed/update/urn%3Ali%3Aactivity%3A6660584178406473728
2020-04-28 04:51:03,LIKE,https://www.linkedin.com/feed/update/urn%3Ali%3AugcPost%3A6660750242310434816
2020-04-28 04:50:54,LIKE,https://www.linkedin.com/feed/update/urn%3Ali%3Aactivity%3A6659931779106951168
2020-04-28 04:50:10,LIKE,https://www.linkedin.com/feed/update/urn%3Ali%3Aactivity%3A6660536187620474880
2020-04-28 04:49:57,LIKE,https://www.linkedin.com/feed/update/urn%3Ali%3AugcPost%3A6660595637190475776
2020-04-28 04:49:44,LIKE,https://www.linkedin.com/feed/update/urn%3Ali%3Aactivity%3A6660620380820029441
2020-04-28 04:31:42,LIKE,https://www.linkedin.com/feed/update/urn%3Ali%3AugcPost%3A6660617566165225472
2020-04-28 04:31:14,LIKE,https://www.linkedin.com/feed/update/urn%3Ali%3Aactivity%3A6660538881886216192?commentUrn=urn%3Ali%3Acomment%3A%28activity%3A6660538881886216192%2C6660614984759857153%29
2020-04-28 04:31:09,LIKE,https://www.linkedin.com/feed/update/urn%3Ali%3Aactivity%3A6660538881886216192
2020-04-28 04:30:56,LIKE,https://www.linkedin.com/feed/update/urn%3Ali%3Aactivity%3A6660341996525273088
2020-04-28 04:19:12,LIKE,https://www.linkedin.com/feed/update/urn%3Ali%3Aactivity%3A6660663153803821056
2020-04-28 04:18:49,LIKE,https://www.linkedin.com/feed/update/urn%3Ali%3Aactivity%3A6660617893375471616
2020-04-28 04:18:46,LIKE,https://www.linkedin.com/feed/update/urn%3Ali%3AugcPost%3A6660603093350170624
2020-04-28 04:18:42,LIKE,https://www.linkedin.com/feed/update/urn%3Ali%3Aactivity%3A6660606379541311488
2020-04-28 04:18:09,LIKE,https://www.linkedin.com/feed/update/urn%3Ali%3Aactivity%3A6660608787025575936
2020-04-28 04:18:01,LIKE,https://www.linkedin.com/feed/update/urn%3Ali%3Aactivity%3A6660589822744367104
2020-04-28 03:25:18,LIKE,https://www.linkedin.com/feed/update/urn%3Ali%3Aactivity%3A6659471138525192192
2020-04-27 16:33:38,LIKE,https://www.linkedin.com/feed/update/urn%3Ali%3Aactivity%3A6659615458112622592
2020-04-24 23:10:12,LIKE,https://www.linkedin.com/feed/update/urn%3Ali%3Aactivity%3A6658718186764029952?commentUrn=urn%3Ali%3Acomment%3A%28activity%3A6658718186764029952%2C6658756958696325120%29
2020-04-24 23:09:57,LIKE,https://www.linkedin.com/feed/update/urn%3Ali%3Aactivity%3A6658718186764029952?commentUrn=urn%3Ali%3Acomment%3A%28activity%3A6658718186764029952%2C6658778744678862848%29
2020-04-24 23:09:51,LIKE,https://www.linkedin.com/feed/update/urn%3Ali%3Aactivity%3A6658718186764029952?commentUrn=urn%3Ali%3Acomment%3A%28activity%3A6658718186764029952%2C6659254174296928256%29
2020-04-24 23:09:45,LIKE,https://www.linkedin.com/feed/update/urn%3Ali%3Aactivity%3A6658718186764029952?commentUrn=urn%3Ali%3Acomment%3A%28activity%3A6658718186764029952%2C6658721145333788672%29
2020-04-24 16:54:47,LIKE,https://www.linkedin.com/feed/update/urn%3Ali%3Aactivity%3A6659461549792604160
2020-04-24 16:24:29,LIKE,https://www.linkedin.com/feed/update/urn%3Ali%3Aactivity%3A6658718186764029952
2020-04-24 16:24:17,LIKE,https://www.linkedin.com/feed/update/urn%3Ali%3Aactivity%3A6658887353182093312
2020-04-24 04:39:27,LIKE,https://www.linkedin.com/feed/update/urn%3Ali%3Aactivity%3A6658753098783223811
2020-04-24 04:33:19,LIKE,https://www.linkedin.com/feed/update/urn%3Ali%3Aactivity%3A6659109155774832641
2020-04-24 02:27:15,LIKE,https://www.linkedin.com/feed/update/urn%3Ali%3Aactivity%3A6659101062772989953
2020-04-23 21:38:57,LIKE,https://www.linkedin.com/feed/update/urn%3Ali%3AugcPost%3A6658754722972999680
2020-04-21 02:09:00,LIKE,https://www.linkedin.com/feed/update/urn%3Ali%3Aactivity%3A6658080363283267584
2020-04-20 19:03:09,LIKE,https://www.linkedin.com/feed/update/urn%3Ali%3Aactivity%3A6658064324323610625
2020-04-20 18:58:25,LIKE,https://www.linkedin.com/feed/update/urn%3Ali%3Aactivity%3A6658049120168742912
2020-04-20 18:02:31,LIKE,https://www.linkedin.com/feed/update/urn%3Ali%3Aactivity%3A6658050490347122688
2020-04-20 17:50:58,LIKE,https://www.linkedin.com/feed/update/urn%3Ali%3Aactivity%3A6657990434968662017
2020-04-19 23:11:48,LIKE,https://www.linkedin.com/feed/update/urn%3Ali%3Aactivity%3A6657672027966705664
2020-04-19 01:43:01,LIKE,https://www.linkedin.com/feed/update/urn%3Ali%3Aactivity%3A6656599377131384832
2020-04-19 00:09:39,LIKE,https://www.linkedin.com/feed/update/urn%3Ali%3Aactivity%3A6656919216064614401
2020-04-18 19:10:57,LIKE,https://www.linkedin.com/feed/update/urn%3Ali%3AugcPost%3A6657062040881946624
2020-04-18 17:04:16,LIKE,https://www.linkedin.com/feed/update/urn%3Ali%3Aactivity%3A6657002788377243648
2020-04-18 02:02:56,LIKE,https://www.linkedin.com/feed/update/urn%3Ali%3Aactivity%3A6656699886039298048
2020-04-16 02:36:39,LIKE,https://www.linkedin.com/feed/update/urn%3Ali%3Aactivity%3A6655834269174366210
2020-04-10 18:13:58,LIKE,https://www.linkedin.com/feed/update/urn%3Ali%3Aactivity%3A6654429475566166016
2020-04-09 20:03:25,LIKE,https://www.linkedin.com/feed/update/urn%3Ali%3Aactivity%3A6652974809523253249
2020-04-06 14:16:06,LIKE,https://www.linkedin.com/feed/update/urn%3Ali%3Aarticle%3A7651250043566828215
2020-04-06 14:16:01,LIKE,https://www.linkedin.com/feed/update/urn%3Ali%3Aactivity%3A6652719293811302400
2020-04-06 14:15:34,LIKE,https://www.linkedin.com/feed/update/urn%3Ali%3Aactivity%3A6652621986008825856
2020-04-06 14:15:15,LIKE,https://www.linkedin.com/feed/update/urn%3Ali%3Aactivity%3A6652235950170742784
2020-04-06 14:14:33,LIKE,https://www.linkedin.com/feed/update/urn%3Ali%3Aarticle%3A8353142568357446190
2020-04-02 23:54:18,LIKE,https://www.linkedin.com/feed/update/urn%3Ali%3AugcPost%3A6651588128333266944
2020-04-02 18:28:13,LIKE,https://www.linkedin.com/feed/update/urn%3Ali%3Aactivity%3A6651495200302653440
2020-04-02 01:20:01,LIKE,https://www.linkedin.com/feed/update/urn%3Ali%3Aactivity%3A6650743156314828800
2020-03-31 13:18:45,LIKE,https://www.linkedin.com/feed/update/urn%3Ali%3Aactivity%3A6650436835283648513
2020-03-31 13:18:36,LIKE,https://www.linkedin.com/feed/update/urn%3Ali%3Aactivity%3A6650531050382467072
2020-03-30 21:49:26,LIKE,https://www.linkedin.com/feed/update/urn%3Ali%3Aarticle%3A8326073781954790500
2020-03-29 20:26:16,LIKE,https://www.linkedin.com/feed/update/urn%3Ali%3Aactivity%3A6649741156261462016
2020-03-29 16:02:17,LIKE,https://www.linkedin.com/feed/update/urn%3Ali%3Aactivity%3A6649318890570563584
2020-03-29 15:43:55,LIKE,https://www.linkedin.com/feed/update/urn%3Ali%3AugcPost%3A6649707781442146305
2020-03-29 15:42:03,LIKE,https://www.linkedin.com/feed/update/urn%3Ali%3Aactivity%3A6649699211912839169
2020-03-28 15:15:06,LIKE,https://www.linkedin.com/feed/update/urn%3Ali%3Aactivity%3A6649484383264784385
2020-03-28 00:30:51,LIKE,https://www.linkedin.com/feed/update/urn%3Ali%3Aactivity%3A6649426806476800001
2020-03-27 23:35:25,LIKE,https://www.linkedin.com/feed/update/urn%3Ali%3Aarticle%3A8750200233189662140
2020-03-27 20:39:32,LIKE,https://www.linkedin.com/feed/update/urn%3Ali%3Aactivity%3A6649340444620713984
2020-03-27 14:33:43,LIKE,https://www.linkedin.com/feed/update/urn%3Ali%3AugcPost%3A6649188459271462913
2020-03-26 03:14:17,LIKE,https://www.linkedin.com/feed/update/urn%3Ali%3Aactivity%3A6648671986346139650
2020-03-26 03:14:00,LIKE,https://www.linkedin.com/feed/update/urn%3Ali%3Aactivity%3A6648668255902842880
2020-03-26 02:45:18,LIKE,https://www.linkedin.com/feed/update/urn%3Ali%3Aactivity%3A6648671620560932864
2020-03-25 20:45:13,LIKE,https://www.linkedin.com/feed/update/urn%3Ali%3Aactivity%3A6648609204003307520
2020-03-25 03:01:05,LIKE,https://www.linkedin.com/feed/update/urn%3Ali%3Aactivity%3A6648314210134695936
2020-03-25 03:01:01,LIKE,https://www.linkedin.com/feed/update/urn%3Ali%3Aarticle%3A7177460400523615530
2020-03-25 03:00:56,LIKE,https://www.linkedin.com/feed/update/urn%3Ali%3Aarticle%3A8633338025601705941
2020-03-25 03:00:46,LIKE,https://www.linkedin.com/feed/update/urn%3Ali%3Aarticle%3A7098957998909303350
2020-03-25 01:18:58,LIKE,https://www.linkedin.com/feed/update/urn%3Ali%3AugcPost%3A6648345725178560512?commentUrn=urn%3Ali%3Acomment%3A%28ugcPost%3A6648345725178560512%2C6648368260377038848%29
2020-03-24 22:32:14,LIKE,https://www.linkedin.com/feed/update/urn%3Ali%3AugcPost%3A6647952828704919552
2020-03-23 20:44:28,LIKE,https://www.linkedin.com/feed/update/urn%3Ali%3Aarticle%3A7578519145106544780
2020-03-23 00:25:09,LIKE,https://www.linkedin.com/feed/update/urn%3Ali%3Aactivity%3A6645541531484852224
2020-03-23 00:25:00,LIKE,https://www.linkedin.com/feed/update/urn%3Ali%3Aactivity%3A6647243162148577280
2020-03-23 00:24:33,LIKE,https://www.linkedin.com/feed/update/urn%3Ali%3Aactivity%3A6645656705428406272
2020-03-22 16:46:07,LIKE,https://www.linkedin.com/feed/update/urn%3Ali%3Aactivity%3A6646821368186970112
2020-03-22 16:45:56,LIKE,https://www.linkedin.com/feed/update/urn%3Ali%3Aactivity%3A6646817863556562944
2020-03-19 21:36:41,LIKE,https://www.linkedin.com/feed/update/urn%3Ali%3Aactivity%3A6646497639565185024
2020-03-18 16:49:34,LIKE,https://www.linkedin.com/feed/update/urn%3Ali%3Aarticle%3A8157124413436864375
2020-03-18 16:48:52,LIKE,https://www.linkedin.com/feed/update/urn%3Ali%3Aactivity%3A6645783225593659392
2020-03-18 16:48:45,LIKE,https://www.linkedin.com/feed/update/urn%3Ali%3Aactivity%3A6645732466827108353
2020-03-18 15:59:04,LIKE,https://www.linkedin.com/feed/update/urn%3Ali%3Aactivity%3A6645732466827108353?commentUrn=urn%3Ali%3Acomment%3A%28activity%3A6645732466827108353%2C6645885862984892416%29
2020-03-17 17:20:33,LIKE,https://www.linkedin.com/feed/update/urn%3Ali%3Aactivity%3A6645377553165021184
2020-03-16 15:22:42,LIKE,https://www.linkedin.com/feed/update/urn%3Ali%3Aactivity%3A6645330945614450688
2020-03-14 01:24:54,LIKE,https://www.linkedin.com/feed/update/urn%3Ali%3Aactivity%3A6644335748910850048
2020-03-13 22:54:43,LIKE,https://www.linkedin.com/feed/update/urn%3Ali%3Aactivity%3A6644314459294756864
2020-03-13 21:47:58,LIKE,https://www.linkedin.com/feed/update/urn%3Ali%3Aarticle%3A9066350549095331911
2020-03-13 16:56:42,LIKE,https://www.linkedin.com/feed/update/urn%3Ali%3Aarticle%3A8275308582968187589
2020-03-12 15:56:50,LIKE,https://www.linkedin.com/feed/update/urn%3Ali%3Aactivity%3A6643880489000198144
2020-03-11 23:42:10,LIKE,https://www.linkedin.com/feed/update/urn%3Ali%3Aactivity%3A6643613412117098496
2020-03-11 22:36:30,LIKE,https://www.linkedin.com/feed/update/urn%3Ali%3Aactivity%3A6643305118328590336
2020-03-11 22:36:21,LIKE,https://www.linkedin.com/feed/update/urn%3Ali%3Aactivity%3A6643331350092922886
2020-03-11 22:35:39,LIKE,https://www.linkedin.com/feed/update/urn%3Ali%3AugcPost%3A6643448351595560961
2020-03-11 22:35:33,LIKE,https://www.linkedin.com/feed/update/urn%3Ali%3Aactivity%3A6643248047612665856
2020-03-11 22:35:20,LIKE,https://www.linkedin.com/feed/update/urn%3Ali%3Aarticle%3A7532571543587096922
2020-03-11 22:34:20,LIKE,https://www.linkedin.com/feed/update/urn%3Ali%3Aactivity%3A6643474086859206656
2020-03-11 22:33:31,LIKE,https://www.linkedin.com/feed/update/urn%3Ali%3Aactivity%3A6643251024180105216
2020-03-10 14:46:05,LIKE,https://www.linkedin.com/feed/update/urn%3Ali%3Aactivity%3A6642890170251251712
2020-03-10 14:01:14,LIKE,https://www.linkedin.com/feed/update/urn%3Ali%3Aactivity%3A6643112255535796224
2020-03-09 16:38:28,LIKE,https://www.linkedin.com/feed/update/urn%3Ali%3Aarticle%3A7855024060502741599
2020-03-07 02:04:50,LIKE,https://www.linkedin.com/feed/update/urn%3Ali%3Aactivity%3A6641820125513203713
2020-03-04 15:50:11,LIKE,https://www.linkedin.com/feed/update/urn%3Ali%3Aactivity%3A6640973319468388352
2020-03-04 00:59:02,LIKE,https://www.linkedin.com/feed/update/urn%3Ali%3Aactivity%3A6640751501495140353
2020-03-04 00:20:37,LIKE,https://www.linkedin.com/feed/update/urn%3Ali%3Aactivity%3A6640753902016880640
2020-03-04 00:20:17,LIKE,https://www.linkedin.com/feed/update/urn%3Ali%3Aactivity%3A6640754627904176128
2020-03-03 23:59:43,LIKE,https://www.linkedin.com/feed/update/urn%3Ali%3Aactivity%3A6640292038954803200
2020-03-03 21:33:49,LIKE,https://www.linkedin.com/feed/update/urn%3Ali%3Aactivity%3A6640621455954493440
2020-03-02 23:46:56,LIKE,https://www.linkedin.com/feed/update/urn%3Ali%3Aactivity%3A6639656943260573697
2020-03-01 06:34:41,LIKE,https://www.linkedin.com/feed/update/urn%3Ali%3Aactivity%3A6638876751130955776
2020-03-01 06:34:28,LIKE,https://www.linkedin.com/feed/update/urn%3Ali%3Aactivity%3A6639589498290352128
2020-02-29 23:27:05,LIKE,https://www.linkedin.com/feed/update/urn%3Ali%3AugcPost%3A6639210285578149889
2020-02-29 23:26:23,LIKE,https://www.linkedin.com/feed/update/urn%3Ali%3Aarticle%3A8090421746216009408
2020-02-28 12:23:13,LIKE,https://www.linkedin.com/feed/update/urn%3Ali%3Aarticle%3A8627611111684927153
2020-02-27 04:34:43,LIKE,https://www.linkedin.com/feed/update/urn%3Ali%3Aactivity%3A6638536344773672962
2020-02-26 10:42:51,LIKE,https://www.linkedin.com/feed/update/urn%3Ali%3Aactivity%3A6638195752759808000
2020-02-26 09:59:27,LIKE,https://www.linkedin.com/feed/update/urn%3Ali%3Aactivity%3A6638098859660718080
2020-02-25 05:18:38,LIKE,https://www.linkedin.com/feed/update/urn%3Ali%3Aactivity%3A6637442783269441536
2020-02-24 00:29:29,LIKE,https://www.linkedin.com/feed/update/urn%3Ali%3Aactivity%3A6636769863593533440
2020-02-24 00:29:23,LIKE,https://www.linkedin.com/feed/update/urn%3Ali%3Aactivity%3A6637418604285476864
2020-02-24 00:29:17,LIKE,https://www.linkedin.com/feed/update/urn%3Ali%3AugcPost%3A6637418715786817536
2020-02-23 05:08:03,LIKE,https://www.linkedin.com/feed/update/urn%3Ali%3Aactivity%3A6637090742546296832
2020-02-21 05:27:06,LIKE,https://www.linkedin.com/feed/update/urn%3Ali%3Aactivity%3A6636258002678747136
2020-02-19 15:08:33,LIKE,https://www.linkedin.com/feed/update/urn%3Ali%3Aactivity%3A6635306022829465600
2020-02-18 19:14:59,LIKE,https://www.linkedin.com/feed/update/urn%3Ali%3Aactivity%3A6635591602184294401
2020-02-17 22:34:49,LIKE,https://www.linkedin.com/feed/update/urn%3Ali%3Aactivity%3A6635277241561464833
2020-02-17 21:15:32,LIKE,https://www.linkedin.com/feed/update/urn%3Ali%3Aactivity%3A6635253611574231040
2020-02-17 17:50:39,LIKE,https://www.linkedin.com/feed/update/urn%3Ali%3Aactivity%3A6635170831502839808
2020-02-17 17:50:11,LIKE,https://www.linkedin.com/feed/update/urn%3Ali%3Aarticle%3A8507503989901469567
2020-02-17 17:50:07,LIKE,https://www.linkedin.com/feed/update/urn%3Ali%3Aactivity%3A6635202325633867776
2020-02-17 10:04:02,LIKE,https://www.linkedin.com/feed/update/urn%3Ali%3Aactivity%3A6634928560731762688
2020-02-14 22:50:39,LIKE,https://www.linkedin.com/feed/update/urn%3Ali%3Aactivity%3A6633904081914122240
2020-02-14 15:13:50,LIKE,https://www.linkedin.com/feed/update/urn%3Ali%3Aactivity%3A6633838138655674368
2020-02-14 13:29:30,LIKE,https://www.linkedin.com/feed/update/urn%3Ali%3Aarticle%3A9038804513226888516
2020-02-14 13:28:28,LIKE,https://www.linkedin.com/feed/update/urn%3Ali%3Aactivity%3A6633832768818286592
2020-02-13 21:16:04,LIKE,https://www.linkedin.com/feed/update/urn%3Ali%3Aactivity%3A6633822082373419008
2020-02-13 04:22:20,LIKE,https://www.linkedin.com/feed/update/urn%3Ali%3Aactivity%3A6633452174603100160?commentUrn=urn%3Ali%3Acomment%3A%28activity%3A6633452174603100160%2C6633537417800404992%29
2020-02-13 01:38:41,LIKE,https://www.linkedin.com/feed/update/urn%3Ali%3AugcPost%3A6633467367785664512
2020-02-13 01:31:22,LIKE,https://www.linkedin.com/feed/update/urn%3Ali%3Aactivity%3A6633110515109425152?commentUrn=urn%3Ali%3Acomment%3A%28activity%3A6633110515109425152%2C6633484386069209088%29
2020-02-13 01:31:19,LIKE,https://www.linkedin.com/feed/update/urn%3Ali%3Aactivity%3A6633110515109425152?commentUrn=urn%3Ali%3Acomment%3A%28activity%3A6633110515109425152%2C6633114308257603584%29
2020-02-13 01:31:17,LIKE,https://www.linkedin.com/feed/update/urn%3Ali%3Aactivity%3A6633110515109425152?commentUrn=urn%3Ali%3Acomment%3A%28activity%3A6633110515109425152%2C6633147800358006784%29
2020-02-11 16:11:34,LIKE,https://www.linkedin.com/feed/update/urn%3Ali%3Aactivity%3A6632772599355060224
2020-02-11 16:11:10,LIKE,https://www.linkedin.com/feed/update/urn%3Ali%3Aactivity%3A6632707686536482816
2020-02-09 21:14:27,LIKE,https://www.linkedin.com/feed/update/urn%3Ali%3Aactivity%3A6631916390649597952
2020-02-09 21:14:21,LIKE,https://www.linkedin.com/feed/update/urn%3Ali%3Aactivity%3A6631699508344557569
2020-02-09 21:14:14,LIKE,https://www.linkedin.com/feed/update/urn%3Ali%3Aactivity%3A6631656877690368000
2020-02-09 21:13:25,LIKE,https://www.linkedin.com/feed/update/urn%3Ali%3Aactivity%3A6631547961002340353
2020-02-09 16:06:06,LIKE,https://www.linkedin.com/feed/update/urn%3Ali%3Aactivity%3A6631605706896351232
2020-02-09 02:32:58,LIKE,https://www.linkedin.com/feed/update/urn%3Ali%3Aactivity%3A6632060579932704768
2020-02-09 01:46:41,LIKE,https://www.linkedin.com/feed/update/urn%3Ali%3Aactivity%3A6631745511806300161
2020-02-07 17:52:15,LIKE,https://www.linkedin.com/feed/update/urn%3Ali%3Aactivity%3A6631368297797562368
2020-02-07 17:46:33,LIKE,https://www.linkedin.com/feed/update/urn%3Ali%3Aactivity%3A6631356930508099584
2020-02-07 16:52:49,LIKE,https://www.linkedin.com/feed/update/urn%3Ali%3Aactivity%3A6631424748075261952
2020-02-07 16:52:18,LIKE,https://www.linkedin.com/feed/update/urn%3Ali%3Aactivity%3A6631326982569238528
2020-02-07 13:44:52,LIKE,https://www.linkedin.com/feed/update/urn%3Ali%3Aactivity%3A6631322153742544896
2020-02-07 13:44:29,LIKE,https://www.linkedin.com/feed/update/urn%3Ali%3AugcPost%3A6631365099900801024
2020-02-06 22:23:15,LIKE,https://www.linkedin.com/feed/update/urn%3Ali%3Aactivity%3A6631015745989951488
2020-02-06 02:25:31,LIKE,https://www.linkedin.com/feed/update/urn%3Ali%3Aactivity%3A6630969716162781184
2020-02-05 20:48:03,LIKE,https://www.linkedin.com/feed/update/urn%3Ali%3Aactivity%3A6630871624851746816
2020-02-05 03:01:01,LIKE,https://www.linkedin.com/feed/update/urn%3Ali%3Aactivity%3A6630623495254532096
2020-02-04 23:17:50,LIKE,https://www.linkedin.com/feed/update/urn%3Ali%3Aactivity%3A6630596957465378816
2020-02-04 23:17:35,LIKE,https://www.linkedin.com/feed/update/urn%3Ali%3AugcPost%3A6630553287307378688
2020-02-04 23:17:17,LIKE,https://www.linkedin.com/feed/update/urn%3Ali%3Aarticle%3A8372947517983374425
2020-02-03 18:13:12,LIKE,https://www.linkedin.com/feed/update/urn%3Ali%3Aactivity%3A6629751434520985601
2020-02-03 18:13:07,LIKE,https://www.linkedin.com/feed/update/urn%3Ali%3Aactivity%3A6629532528573325312
2020-02-03 18:12:39,LIKE,https://www.linkedin.com/feed/update/urn%3Ali%3Aarticle%3A7183841865462182082
2020-02-03 18:12:31,LIKE,https://www.linkedin.com/feed/update/urn%3Ali%3AugcPost%3A6630081904378994688
2020-02-03 12:58:24,LIKE,https://www.linkedin.com/feed/update/urn%3Ali%3AugcPost%3A6629888263324860416
2020-02-02 06:22:17,LIKE,https://www.linkedin.com/feed/update/urn%3Ali%3Aactivity%3A6629398794117095424
2020-02-02 06:22:13,LIKE,https://www.linkedin.com/feed/update/urn%3Ali%3Aarticle%3A8422025688418198050
2020-02-02 03:51:36,LIKE,https://www.linkedin.com/feed/update/urn%3Ali%3Aactivity%3A6629563810971742208
2020-02-02 03:32:39,LIKE,https://www.linkedin.com/feed/update/urn%3Ali%3Aactivity%3A6629405997922336769
2020-02-02 03:32:36,LIKE,https://www.linkedin.com/feed/update/urn%3Ali%3Aactivity%3A6629232258781900800
2020-02-02 03:32:23,LIKE,https://www.linkedin.com/feed/update/urn%3Ali%3Aactivity%3A6629562328067162112
2020-02-02 02:20:09,LIKE,https://www.linkedin.com/feed/update/urn%3Ali%3Aarticle%3A7582419148978926966
2020-02-01 21:51:23,LIKE,https://www.linkedin.com/feed/update/urn%3Ali%3Aactivity%3A6629385894866616320
2020-02-01 17:06:21,LIKE,https://www.linkedin.com/feed/update/urn%3Ali%3Aactivity%3A6629072538557263872
2020-02-01 17:06:09,LIKE,https://www.linkedin.com/feed/update/urn%3Ali%3Aactivity%3A6629016763797516290
2020-01-31 04:13:51,LIKE,https://www.linkedin.com/feed/update/urn%3Ali%3Aactivity%3A6628767761914970112
2020-01-30 21:31:17,LIKE,https://www.linkedin.com/feed/update/urn%3Ali%3Aactivity%3A6628696521019838465
2020-01-30 14:25:29,LIKE,https://www.linkedin.com/feed/update/urn%3Ali%3Aactivity%3A6628406923093954560
2020-01-30 14:25:15,LIKE,https://www.linkedin.com/feed/update/urn%3Ali%3Aactivity%3A6628359116370833408
2020-01-30 03:56:01,LIKE,https://www.linkedin.com/feed/update/urn%3Ali%3Aactivity%3A6628388480634408961
2020-01-30 00:01:39,LIKE,https://www.linkedin.com/feed/update/urn%3Ali%3Aactivity%3A6627698088091926528
2020-01-29 18:22:55,LIKE,https://www.linkedin.com/feed/update/urn%3Ali%3Aactivity%3A6628014611830571008
2020-01-28 05:04:30,LIKE,https://www.linkedin.com/feed/update/urn%3Ali%3Aactivity%3A6627685810357448704
2020-01-28 04:03:39,LIKE,https://www.linkedin.com/feed/update/urn%3Ali%3Aactivity%3A6627681038955003904
2020-01-28 00:00:57,LIKE,https://www.linkedin.com/feed/update/urn%3Ali%3Aactivity%3A6627619114397515776
2020-01-27 22:02:20,LIKE,https://www.linkedin.com/feed/update/urn%3Ali%3Aactivity%3A6627291110140071936
2020-01-27 21:02:14,LIKE,https://www.linkedin.com/feed/update/urn%3Ali%3Aactivity%3A6627593769413935105
2020-01-27 16:56:17,LIKE,https://www.linkedin.com/feed/update/urn%3Ali%3Aactivity%3A6627565282145652737
2020-01-27 12:57:27,LIKE,https://www.linkedin.com/feed/update/urn%3Ali%3Aactivity%3A6627202290342252544
2020-01-27 12:13:02,LIKE,https://www.linkedin.com/feed/update/urn%3Ali%3Aactivity%3A6627245877276872704
2020-01-27 12:12:58,LIKE,https://www.linkedin.com/feed/update/urn%3Ali%3Aactivity%3A6626907091934162944
2020-01-25 18:21:48,LIKE,https://www.linkedin.com/feed/update/urn%3Ali%3Aarticle%3A7410404416548885829?commentUrn=urn%3Ali%3Acomment%3A%28article%3A7410404416548885829%2C6626729701480206336%29
2020-01-25 18:20:42,LIKE,https://www.linkedin.com/feed/update/urn%3Ali%3Aarticle%3A7410404416548885829?commentUrn=urn%3Ali%3Acomment%3A%28article%3A7410404416548885829%2C6626883008400015360%29
2020-01-25 18:20:01,LIKE,https://www.linkedin.com/feed/update/urn%3Ali%3Aarticle%3A7410404416548885829?commentUrn=urn%3Ali%3Acomment%3A%28article%3A7410404416548885829%2C6626747509794459648%29
2020-01-25 18:19:16,LIKE,https://www.linkedin.com/feed/update/urn%3Ali%3Aarticle%3A7410404416548885829
2020-01-24 22:11:22,LIKE,https://www.linkedin.com/feed/update/urn%3Ali%3Aactivity%3A6626568392616792065
2020-01-24 16:32:50,LIKE,https://www.linkedin.com/feed/update/urn%3Ali%3Aactivity%3A6626509887193010176
2020-01-24 15:27:29,LIKE,https://www.linkedin.com/feed/update/urn%3Ali%3Aactivity%3A6626466555423145984
2020-01-24 15:27:10,LIKE,https://www.linkedin.com/feed/update/urn%3Ali%3Aactivity%3A6626435466709217280
2020-01-24 15:26:43,LIKE,https://www.linkedin.com/feed/update/urn%3Ali%3Aactivity%3A6626444686456344576
2020-01-24 04:06:41,LIKE,https://www.linkedin.com/feed/update/urn%3Ali%3Aactivity%3A6626221972844011521
2020-01-23 23:57:30,LIKE,https://www.linkedin.com/feed/update/urn%3Ali%3Aactivity%3A6625847740511457280
2020-01-23 02:01:13,LIKE,https://www.linkedin.com/feed/update/urn%3Ali%3Aactivity%3A6625810383833714688
2020-01-23 01:51:39,LIKE,https://www.linkedin.com/feed/update/urn%3Ali%3AugcPost%3A6625839074764693504
2020-01-23 01:15:53,LIKE,https://www.linkedin.com/feed/update/urn%3Ali%3Aactivity%3A6625784701053480962
2020-01-23 00:25:36,LIKE,https://www.linkedin.com/feed/update/urn%3Ali%3Aactivity%3A6625850448580608000
2020-01-23 00:25:04,LIKE,https://www.linkedin.com/feed/update/urn%3Ali%3Aactivity%3A6625872198148075520
2020-01-23 00:25:01,LIKE,https://www.linkedin.com/feed/update/urn%3Ali%3Aarticle%3A7392835559786206674
2020-01-22 20:54:43,LIKE,https://www.linkedin.com/feed/update/urn%3Ali%3Aactivity%3A6625721148741083136
2020-01-22 19:50:10,LIKE,https://www.linkedin.com/feed/update/urn%3Ali%3Aactivity%3A6625527518805970944
2020-01-22 19:49:59,LIKE,https://www.linkedin.com/feed/update/urn%3Ali%3Aactivity%3A6625455093116387328
2020-01-22 16:36:05,LIKE,https://www.linkedin.com/feed/update/urn%3Ali%3Aactivity%3A6625720800785776641
2020-01-22 16:01:51,LIKE,https://www.linkedin.com/feed/update/urn%3Ali%3Aactivity%3A6625625417254518785
2020-01-22 16:01:34,LIKE,https://www.linkedin.com/feed/update/urn%3Ali%3Aactivity%3A6625495621237305344
2020-01-22 05:41:16,LIKE,https://www.linkedin.com/feed/update/urn%3Ali%3Aactivity%3A6625484814969634817
2020-01-22 05:41:10,LIKE,https://www.linkedin.com/feed/update/urn%3Ali%3Aactivity%3A6625486214193655808
2020-01-21 13:48:11,LIKE,https://www.linkedin.com/feed/update/urn%3Ali%3Aactivity%3A6625174991400910848
2020-01-21 06:03:31,LIKE,https://www.linkedin.com/feed/update/urn%3Ali%3Aactivity%3A6625109029507092480
2020-01-21 06:00:22,LIKE,https://www.linkedin.com/feed/update/urn%3Ali%3Aactivity%3A6625163853460234240
2020-01-21 05:46:13,LIKE,https://www.linkedin.com/feed/update/urn%3Ali%3Aactivity%3A6625101762317680640
2020-01-21 02:07:17,LIKE,https://www.linkedin.com/feed/update/urn%3Ali%3Aactivity%3A6622296777431281664
2020-01-21 02:01:35,LIKE,https://www.linkedin.com/feed/update/urn%3Ali%3Aactivity%3A6625137384453398528
2020-01-20 20:45:57,LIKE,https://www.linkedin.com/feed/update/urn%3Ali%3Aactivity%3A6625039750539550720
2020-01-20 17:14:20,LIKE,https://www.linkedin.com/feed/update/urn%3Ali%3Aactivity%3A6625033898831282176
2020-01-20 16:44:40,LIKE,https://www.linkedin.com/feed/update/urn%3Ali%3Aactivity%3A6624820001226403841
2020-01-20 16:44:16,LIKE,https://www.linkedin.com/feed/update/urn%3Ali%3Aarticle%3A7901519138258661153
2020-01-20 16:44:07,LIKE,https://www.linkedin.com/feed/update/urn%3Ali%3Aactivity%3A6624949040872325121
2020-01-20 16:44:00,LIKE,https://www.linkedin.com/feed/update/urn%3Ali%3Aactivity%3A6625056343785115648
2020-01-20 16:43:27,LIKE,https://www.linkedin.com/feed/update/urn%3Ali%3Aactivity%3A6624975050942541824
2020-01-20 16:42:08,LIKE,https://www.linkedin.com/feed/update/urn%3Ali%3Aactivity%3A6625055448481480705
2020-01-20 16:38:59,LIKE,https://www.linkedin.com/feed/update/urn%3Ali%3Aactivity%3A6625023857629675520
2020-01-20 16:35:50,LIKE,https://www.linkedin.com/feed/update/urn%3Ali%3Aactivity%3A6625055946445996032
2020-01-20 15:20:05,LIKE,https://www.linkedin.com/feed/update/urn%3Ali%3Aactivity%3A6624664363670224896
2020-01-20 15:15:47,LIKE,https://www.linkedin.com/feed/update/urn%3Ali%3Aactivity%3A6624672839331008512
2020-01-20 15:14:20,LIKE,https://www.linkedin.com/feed/update/urn%3Ali%3Aactivity%3A6624810890376151040
2020-01-20 15:14:12,LIKE,https://www.linkedin.com/feed/update/urn%3Ali%3Aactivity%3A6624779681193345024
2020-01-20 14:30:33,LIKE,https://www.linkedin.com/feed/update/urn%3Ali%3Aactivity%3A6624859348013330432
2020-01-20 02:26:41,LIKE,https://www.linkedin.com/feed/update/urn%3Ali%3Aactivity%3A6624345742691581952
2020-01-20 02:26:22,LIKE,https://www.linkedin.com/feed/update/urn%3Ali%3Aactivity%3A6624403888952922112
2020-01-19 09:11:53,LIKE,https://www.linkedin.com/feed/update/urn%3Ali%3Aarticle%3A9137775344566797111
2020-01-19 07:27:30,LIKE,https://www.linkedin.com/feed/update/urn%3Ali%3Aactivity%3A6624180390175260672
2020-01-19 07:27:05,LIKE,https://www.linkedin.com/feed/update/urn%3Ali%3Aactivity%3A6624390595236507648
2020-01-19 06:42:35,LIKE,https://www.linkedin.com/feed/update/urn%3Ali%3Aactivity%3A6624360394414714880
2020-01-18 20:10:12,LIKE,https://www.linkedin.com/feed/update/urn%3Ali%3Aactivity%3A6624031798773059584
2020-01-18 20:10:01,LIKE,https://www.linkedin.com/feed/update/urn%3Ali%3AugcPost%3A6623982183935803392
2020-01-18 20:08:56,LIKE,https://www.linkedin.com/feed/update/urn%3Ali%3Aactivity%3A6623987940336947200
2020-01-18 20:08:54,LIKE,https://www.linkedin.com/feed/update/urn%3Ali%3Aarticle%3A7194972378091280263
2020-01-18 20:08:51,LIKE,https://www.linkedin.com/feed/update/urn%3Ali%3Aactivity%3A6623963263409500161
2020-01-16 20:16:23,LIKE,https://www.linkedin.com/feed/update/urn%3Ali%3Aactivity%3A6623301100994916352
2020-01-15 07:40:37,LIKE,https://www.linkedin.com/feed/update/urn%3Ali%3Aactivity%3A6622936302377664512
2020-01-15 07:40:30,LIKE,https://www.linkedin.com/feed/update/urn%3Ali%3Aactivity%3A6622947159794860032
2020-01-15 07:40:27,LIKE,https://www.linkedin.com/feed/update/urn%3Ali%3Aactivity%3A6367081074119438336
2020-01-15 07:40:25,LIKE,https://www.linkedin.com/feed/update/urn%3Ali%3Aactivity%3A6622970828097228800
2020-01-14 13:07:03,LIKE,https://www.linkedin.com/feed/update/urn%3Ali%3Aactivity%3A6622606260657360896
2020-01-14 13:06:52,LIKE,https://www.linkedin.com/feed/update/urn%3Ali%3Aactivity%3A6622600560103305216
2020-01-13 20:46:03,LIKE,https://www.linkedin.com/feed/update/urn%3Ali%3Aactivity%3A6622521269227266048
2020-01-13 20:45:47,LIKE,https://www.linkedin.com/feed/update/urn%3Ali%3Aactivity%3A6546757691933634560
2020-01-13 15:04:11,LIKE,https://www.linkedin.com/feed/update/urn%3Ali%3Aactivity%3A6622273547500871680
2020-01-13 04:59:23,LIKE,https://www.linkedin.com/feed/update/urn%3Ali%3Aactivity%3A6622050676723851264
2020-01-12 03:01:23,LIKE,https://www.linkedin.com/feed/update/urn%3Ali%3Aarticle%3A8981959587924316179
2020-01-12 03:01:16,LIKE,https://www.linkedin.com/feed/update/urn%3Ali%3Aactivity%3A6621816926685528064
2020-01-12 03:01:09,LIKE,https://www.linkedin.com/feed/update/urn%3Ali%3Aactivity%3A6621933247007985664
2020-01-12 02:01:13,LIKE,https://www.linkedin.com/feed/update/urn%3Ali%3Aactivity%3A6621576124461830144
2020-01-12 02:01:01,LIKE,https://www.linkedin.com/feed/update/urn%3Ali%3Aactivity%3A6621447058035486720
2020-01-11 19:55:09,LIKE,https://www.linkedin.com/feed/update/urn%3Ali%3Aactivity%3A6621525582310060032
2020-01-11 19:54:59,LIKE,https://www.linkedin.com/feed/update/urn%3Ali%3Aactivity%3A6621794301959561216
2020-01-11 19:54:12,LIKE,https://www.linkedin.com/feed/update/urn%3Ali%3Aarticle%3A9147227216434842680
2020-01-11 19:37:12,LIKE,https://www.linkedin.com/feed/update/urn%3Ali%3Aactivity%3A6621771631566168064
2020-01-10 04:23:18,LIKE,https://www.linkedin.com/feed/update/urn%3Ali%3Aactivity%3A6621137333842391040
2020-01-10 03:29:38,LIKE,https://www.linkedin.com/feed/update/urn%3Ali%3Aactivity%3A6621142059933929472?commentUrn=urn%3Ali%3Acomment%3A%28activity%3A6621142059933929472%2C6621154767819378688%29
2020-01-10 03:28:01,LIKE,https://www.linkedin.com/feed/update/urn%3Ali%3Aactivity%3A6621142059933929472
2020-01-10 03:25:18,LIKE,https://www.linkedin.com/feed/update/urn%3Ali%3Aactivity%3A6621071380643360768
2020-01-09 23:04:58,LIKE,https://www.linkedin.com/feed/update/urn%3Ali%3Aarticle%3A9194840009136112511
2020-01-09 21:09:34,LIKE,https://www.linkedin.com/feed/update/urn%3Ali%3Aactivity%3A6620758206681616384
2020-01-09 01:23:30,LIKE,https://www.linkedin.com/feed/update/urn%3Ali%3Aactivity%3A6620841632143073280
2020-01-08 23:31:36,LIKE,https://www.linkedin.com/feed/update/urn%3Ali%3Aactivity%3A6620472625477021696
2020-01-08 23:31:31,LIKE,https://www.linkedin.com/feed/update/urn%3Ali%3Aactivity%3A6620415627335127040
2020-01-08 23:31:21,LIKE,https://www.linkedin.com/feed/update/urn%3Ali%3Aactivity%3A6620482310821212160
2020-01-08 23:08:24,LIKE,https://www.linkedin.com/feed/update/urn%3Ali%3Aactivity%3A6620772860065644544
2020-01-08 19:24:31,LIKE,https://www.linkedin.com/feed/update/urn%3Ali%3Aactivity%3A6620455336375648256
2020-01-08 00:33:07,LIKE,https://www.linkedin.com/feed/update/urn%3Ali%3Aactivity%3A6620427500675829760
2020-01-07 22:09:00,LIKE,https://www.linkedin.com/feed/update/urn%3Ali%3Aactivity%3A6620042670377172992
2020-01-07 20:27:32,LIKE,https://www.linkedin.com/feed/update/urn%3Ali%3Aactivity%3A6620282354743205888
2020-01-07 20:19:34,LIKE,https://www.linkedin.com/feed/update/urn%3Ali%3Aactivity%3A6620313439187402752
2020-01-07 19:13:26,LIKE,https://www.linkedin.com/feed/update/urn%3Ali%3Aactivity%3A6620386000269045760
2020-01-06 21:02:59,LIKE,https://www.linkedin.com/feed/update/urn%3Ali%3Aactivity%3A6620010695985631232
2020-01-06 21:02:53,LIKE,https://www.linkedin.com/feed/update/urn%3Ali%3Aactivity%3A6601626903617118208
2020-01-06 20:39:06,LIKE,https://www.linkedin.com/feed/update/urn%3Ali%3Aactivity%3A6620027344239362048
2020-01-06 12:18:36,LIKE,https://www.linkedin.com/feed/update/urn%3Ali%3Aactivity%3A6619732687311691776
2020-01-06 12:18:33,LIKE,https://www.linkedin.com/feed/update/urn%3Ali%3Aactivity%3A6619739554108841984
2020-01-06 12:17:06,LIKE,https://www.linkedin.com/feed/update/urn%3Ali%3Aactivity%3A6619604594341232640
2020-01-05 21:40:34,LIKE,https://www.linkedin.com/feed/update/urn%3Ali%3Aactivity%3A6619311044638625792
2020-01-05 20:05:17,LIKE,https://www.linkedin.com/feed/update/urn%3Ali%3Aactivity%3A6619345711303663616
2020-01-05 03:02:25,LIKE,https://www.linkedin.com/feed/update/urn%3Ali%3Aactivity%3A6619323153296474112
2020-01-05 03:01:59,LIKE,https://www.linkedin.com/feed/update/urn%3Ali%3AugcPost%3A6619072447423574016
2020-01-05 02:52:14,LIKE,https://www.linkedin.com/feed/update/urn%3Ali%3Aactivity%3A6619267193773322241
2020-01-03 21:38:15,LIKE,https://www.linkedin.com/feed/update/urn%3Ali%3Aactivity%3A6618911738190409729
2020-01-03 07:22:35,LIKE,https://www.linkedin.com/feed/update/urn%3Ali%3Aactivity%3A6618527467403517953
2020-01-03 06:51:18,LIKE,https://www.linkedin.com/feed/update/urn%3Ali%3Aarticle%3A7768849218938969160
2020-01-03 06:49:57,LIKE,https://www.linkedin.com/feed/update/urn%3Ali%3Aactivity%3A6618629840784408576
2020-01-03 06:49:54,LIKE,https://www.linkedin.com/feed/update/urn%3Ali%3Aactivity%3A6618633683194658816
2020-01-03 06:49:33,LIKE,https://www.linkedin.com/feed/update/urn%3Ali%3Aactivity%3A6618582564103958528
2020-01-03 06:49:26,LIKE,https://www.linkedin.com/feed/update/urn%3Ali%3Aactivity%3A6618632007666802688
2020-01-02 22:04:05,LIKE,https://www.linkedin.com/feed/update/urn%3Ali%3Aactivity%3A6618357300396720128
2020-01-02 22:03:02,LIKE,https://www.linkedin.com/feed/update/urn%3Ali%3Aactivity%3A6618252775027429376
2020-01-02 15:04:33,LIKE,https://www.linkedin.com/feed/update/urn%3Ali%3Aactivity%3A6618505309096939520
2020-01-01 23:23:23,LIKE,https://www.linkedin.com/feed/update/urn%3Ali%3Aarticle%3A7730593697964412217
2020-01-01 05:28:54,LIKE,https://www.linkedin.com/feed/update/urn%3Ali%3Aactivity%3A6617780525849427968
2020-01-01 05:27:46,LIKE,https://www.linkedin.com/feed/update/urn%3Ali%3Aactivity%3A6617920077348036608
2020-01-01 01:32:25,LIKE,https://www.linkedin.com/feed/update/urn%3Ali%3Aactivity%3A6617812263472635904
2020-01-01 00:05:53,LIKE,https://www.linkedin.com/feed/update/urn%3Ali%3Aactivity%3A6617899650374520832
2020-01-01 00:05:36,LIKE,https://www.linkedin.com/feed/update/urn%3Ali%3Aactivity%3A6617825534879551488
2020-01-01 00:05:16,LIKE,https://www.linkedin.com/feed/update/urn%3Ali%3Aactivity%3A6617824240605417472
2019-12-31 21:48:49,LIKE,https://www.linkedin.com/feed/update/urn%3Ali%3Aactivity%3A6617805594676076544
2019-12-31 21:43:24,LIKE,https://www.linkedin.com/feed/update/urn%3Ali%3Aactivity%3A6617807337346473985
2019-12-31 18:16:04,LIKE,https://www.linkedin.com/feed/update/urn%3Ali%3Aactivity%3A6617807339032506368
2019-12-31 02:27:18,LIKE,https://www.linkedin.com/feed/update/urn%3Ali%3Aactivity%3A6617544043419230208
2019-12-31 00:44:48,LIKE,https://www.linkedin.com/feed/update/urn%3Ali%3Aactivity%3A6617448914876461056
2019-12-30 19:20:10,LIKE,https://www.linkedin.com/feed/update/urn%3Ali%3Aactivity%3A6617169312455229440
2019-12-30 18:41:13,LIKE,https://www.linkedin.com/feed/update/urn%3Ali%3Aactivity%3A6617419476516249600
2019-12-30 18:39:31,LIKE,https://www.linkedin.com/feed/update/urn%3Ali%3Aactivity%3A6617463154148458496
2019-12-30 15:09:45,LIKE,https://www.linkedin.com/feed/update/urn%3Ali%3Aactivity%3A6616761545735053312
2019-12-30 02:18:31,LIKE,https://www.linkedin.com/feed/update/urn%3Ali%3Aactivity%3A6617225214604435456
2019-12-30 00:15:59,LIKE,https://www.linkedin.com/feed/update/urn%3Ali%3AugcPost%3A6616452029353119744
2019-12-28 16:59:20,LIKE,https://www.linkedin.com/feed/update/urn%3Ali%3Aactivity%3A6616329427481698304
2019-12-28 16:58:12,LIKE,https://www.linkedin.com/feed/update/urn%3Ali%3Aactivity%3A6616440305807839232
2019-12-28 06:30:19,LIKE,https://www.linkedin.com/feed/update/urn%3Ali%3Aactivity%3A6616357702601842688
2019-12-27 19:12:33,LIKE,https://www.linkedin.com/feed/update/urn%3Ali%3Aarticle%3A7978370023894437752
2019-12-26 01:46:36,LIKE,https://www.linkedin.com/feed/update/urn%3Ali%3Aactivity%3A6615492389991780352
2019-12-26 01:44:52,LIKE,https://www.linkedin.com/feed/update/urn%3Ali%3AugcPost%3A6615450897155784704
2019-12-25 18:22:47,LIKE,https://www.linkedin.com/feed/update/urn%3Ali%3Aactivity%3A6615662278538854400
2019-12-25 07:09:28,LIKE,https://www.linkedin.com/feed/update/urn%3Ali%3Aarticle%3A8407810158624311746
2019-12-25 07:06:29,LIKE,https://www.linkedin.com/feed/update/urn%3Ali%3Aactivity%3A6615388757401186304
2019-12-25 07:05:15,LIKE,https://www.linkedin.com/feed/update/urn%3Ali%3Aactivity%3A6615225763975307264
2019-12-25 07:00:03,LIKE,https://www.linkedin.com/feed/update/urn%3Ali%3Aarticle%3A7293626686510293727
2019-12-24 18:51:51,LIKE,https://www.linkedin.com/feed/update/urn%3Ali%3Aactivity%3A6614905060658937858
2019-12-24 17:33:48,LIKE,https://www.linkedin.com/feed/update/urn%3Ali%3Aactivity%3A6615063292299788288
2019-12-24 03:12:29,LIKE,https://www.linkedin.com/feed/update/urn%3Ali%3Aactivity%3A6614901537447690240
2019-12-24 03:12:09,LIKE,https://www.linkedin.com/feed/update/urn%3Ali%3Aactivity%3A6614892576963207168
2019-12-24 03:12:05,LIKE,https://www.linkedin.com/feed/update/urn%3Ali%3Aactivity%3A6614879657823207424
2019-12-24 03:11:49,LIKE,https://www.linkedin.com/feed/update/urn%3Ali%3Aactivity%3A6614990485633277952
2019-12-23 20:54:54,LIKE,https://www.linkedin.com/feed/update/urn%3Ali%3Aactivity%3A6614925470377082880
2019-12-23 18:14:16,LIKE,https://www.linkedin.com/feed/update/urn%3Ali%3Aactivity%3A6614573627952160768
2019-12-23 16:29:51,LIKE,https://www.linkedin.com/feed/update/urn%3Ali%3Aarticle%3A8636708505650548678
2019-12-23 16:29:26,LIKE,https://www.linkedin.com/feed/update/urn%3Ali%3Aactivity%3A6614589757508857856
2019-12-22 23:28:25,LIKE,https://www.linkedin.com/feed/update/urn%3Ali%3Aactivity%3A6614211602382110720
2019-12-22 23:28:12,LIKE,https://www.linkedin.com/feed/update/urn%3Ali%3Aactivity%3A6614120784422141953
2019-12-20 23:41:12,LIKE,https://www.linkedin.com/feed/update/urn%3Ali%3Aactivity%3A6613454248426430464
2019-12-20 20:21:33,LIKE,https://www.linkedin.com/feed/update/urn%3Ali%3Aactivity%3A6613880137056342016
2019-12-19 22:06:06,LIKE,https://www.linkedin.com/feed/update/urn%3Ali%3Aarticle%3A6958967506010113202
2019-12-19 21:28:59,LIKE,https://www.linkedin.com/feed/update/urn%3Ali%3Aactivity%3A6613524309220691968
2019-12-19 18:14:36,LIKE,https://www.linkedin.com/feed/update/urn%3Ali%3Aactivity%3A6613483635251175424
2019-12-18 23:21:14,LIKE,https://www.linkedin.com/feed/update/urn%3Ali%3Aactivity%3A6613031295675047936
2019-12-18 15:13:53,LIKE,https://www.linkedin.com/feed/update/urn%3Ali%3Aactivity%3A6612828115704127489
2019-12-18 01:08:43,LIKE,https://www.linkedin.com/feed/update/urn%3Ali%3Aactivity%3A6612714985523081216
2019-12-17 14:30:21,LIKE,https://www.linkedin.com/feed/update/urn%3Ali%3Aactivity%3A6612693745290874880
2019-12-17 14:26:30,LIKE,https://www.linkedin.com/feed/update/urn%3Ali%3Aactivity%3A6612487751096950784
2019-12-15 03:32:49,LIKE,https://www.linkedin.com/feed/update/urn%3Ali%3Aactivity%3A6611680042416119808
2019-12-15 03:26:43,LIKE,https://www.linkedin.com/feed/update/urn%3Ali%3Aactivity%3A6611343097664274432
2019-12-13 18:28:07,LIKE,https://www.linkedin.com/feed/update/urn%3Ali%3Aactivity%3A6611001013140807681
2019-12-13 02:31:10,LIKE,https://www.linkedin.com/feed/update/urn%3Ali%3Aactivity%3A6611053534244851712
2019-12-12 05:08:15,LIKE,https://www.linkedin.com/feed/update/urn%3Ali%3Aactivity%3A6610624826191163392
2019-12-11 17:14:47,LIKE,https://www.linkedin.com/feed/update/urn%3Ali%3Aactivity%3A6610512231291461632
2019-12-11 03:15:35,LIKE,https://www.linkedin.com/feed/update/urn%3Ali%3Aactivity%3A6609882725728030721
2019-12-10 18:25:45,LIKE,https://www.linkedin.com/feed/update/urn%3Ali%3Aactivity%3A6610228363032432640
2019-12-09 20:14:23,LIKE,https://www.linkedin.com/feed/update/urn%3Ali%3Aactivity%3A6609884718236344320
2019-12-09 04:02:12,LIKE,https://www.linkedin.com/feed/update/urn%3Ali%3Aactivity%3A6609350620182913024
2019-12-08 20:15:44,LIKE,https://www.linkedin.com/feed/update/urn%3Ali%3Aactivity%3A6609383909065138176
2019-12-08 04:20:58,LIKE,https://www.linkedin.com/feed/update/urn%3Ali%3Aactivity%3A6609072242674454528?commentUrn=urn%3Ali%3Acomment%3A%28activity%3A6609072242674454528%2C6609083750707970048%29
2019-12-08 04:20:16,LIKE,https://www.linkedin.com/feed/update/urn%3Ali%3Aarticle%3A7597962073945841697
2019-12-08 00:26:08,LIKE,https://www.linkedin.com/feed/update/urn%3Ali%3Aactivity%3A6609101425593073664
2019-12-08 00:05:42,LIKE,https://www.linkedin.com/feed/update/urn%3Ali%3Aarticle%3A7199354073772285325
2019-12-07 22:00:43,LIKE,https://www.linkedin.com/feed/update/urn%3Ali%3Aactivity%3A6608871644301799424
2019-12-07 22:00:15,LIKE,https://www.linkedin.com/feed/update/urn%3Ali%3Aactivity%3A6609129490754920448
2019-12-07 21:59:42,LIKE,https://www.linkedin.com/feed/update/urn%3Ali%3Aactivity%3A6608788531227701249
2019-12-07 21:58:14,LIKE,https://www.linkedin.com/feed/update/urn%3Ali%3Aactivity%3A6609107135588560897
2019-12-07 19:59:54,LIKE,https://www.linkedin.com/feed/update/urn%3Ali%3Aactivity%3A6608745394694303744
2019-12-07 19:13:37,LIKE,https://www.linkedin.com/feed/update/urn%3Ali%3Aactivity%3A6608781023293648896
2019-12-06 21:18:11,LIKE,https://www.linkedin.com/feed/update/urn%3Ali%3Aactivity%3A6608411505618632704
2019-12-06 17:08:24,LIKE,https://www.linkedin.com/feed/update/urn%3Ali%3Aactivity%3A6608734426321027072
2019-12-06 16:41:15,LIKE,https://www.linkedin.com/feed/update/urn%3Ali%3Aactivity%3A6608736610492170240
2019-12-05 22:45:10,LIKE,https://www.linkedin.com/feed/update/urn%3Ali%3Aarticle%3A7705971249453245096
2019-12-05 21:27:34,LIKE,https://www.linkedin.com/feed/update/urn%3Ali%3Aactivity%3A6608349158917095424
2019-12-05 18:05:51,LIKE,https://www.linkedin.com/feed/update/urn%3Ali%3Aactivity%3A6608339360481894400
2019-12-05 18:05:10,LIKE,https://www.linkedin.com/feed/update/urn%3Ali%3Aactivity%3A6608342799907594240
2019-12-05 18:04:56,LIKE,https://www.linkedin.com/feed/update/urn%3Ali%3Aarticle%3A7326592802868845914
2019-12-05 18:04:47,LIKE,https://www.linkedin.com/feed/update/urn%3Ali%3Aactivity%3A6608330020798676993
2019-12-04 20:55:39,LIKE,https://www.linkedin.com/feed/update/urn%3Ali%3Aactivity%3A6608013818884952064
2019-12-04 20:55:14,LIKE,https://www.linkedin.com/feed/update/urn%3Ali%3Aactivity%3A6607991776785629184
2019-12-04 12:56:23,LIKE,https://www.linkedin.com/feed/update/urn%3Ali%3Aactivity%3A6607662994224746496
2019-12-04 12:54:29,LIKE,https://www.linkedin.com/feed/update/urn%3Ali%3Aactivity%3A6607633710382665728
2019-12-03 20:08:31,LIKE,https://www.linkedin.com/feed/update/urn%3Ali%3Aactivity%3A6607648726548914176
2019-12-03 19:55:51,LIKE,https://www.linkedin.com/feed/update/urn%3Ali%3Aactivity%3A6607663869261426688
2019-12-03 19:55:38,LIKE,https://www.linkedin.com/feed/update/urn%3Ali%3Aactivity%3A6607694280133746688?commentUrn=urn%3Ali%3Acomment%3A%28activity%3A6607694280133746688%2C6607699064052166656%29
2019-12-03 19:55:21,LIKE,https://www.linkedin.com/feed/update/urn%3Ali%3Aactivity%3A6607703506306555904
2019-12-03 02:41:57,LIKE,https://www.linkedin.com/feed/update/urn%3Ali%3Aarticle%3A7996535763178989950
2019-12-03 02:41:49,LIKE,https://www.linkedin.com/feed/update/urn%3Ali%3Aactivity%3A6607339915472621568
2019-12-03 02:41:37,LIKE,https://www.linkedin.com/feed/update/urn%3Ali%3Aactivity%3A6607347281119244288
2019-12-03 02:41:30,LIKE,https://www.linkedin.com/feed/update/urn%3Ali%3Aactivity%3A6607388229811388416
2019-12-03 02:41:25,LIKE,https://www.linkedin.com/feed/update/urn%3Ali%3Aactivity%3A6607445316528586752
2019-12-03 02:41:19,LIKE,https://www.linkedin.com/feed/update/urn%3Ali%3Aactivity%3A6607284975681232897
2019-12-03 02:31:41,LIKE,https://www.linkedin.com/feed/update/urn%3Ali%3Aactivity%3A6607390532324982784
2019-12-03 00:13:39,LIKE,https://www.linkedin.com/feed/update/urn%3Ali%3Aactivity%3A6607014363721195520
2019-12-03 00:10:44,LIKE,https://www.linkedin.com/feed/update/urn%3Ali%3Aactivity%3A6607095388296097792
2019-12-02 00:18:15,LIKE,https://www.linkedin.com/feed/update/urn%3Ali%3Aactivity%3A6606919063702650880
2019-12-02 00:17:38,LIKE,https://www.linkedin.com/feed/update/urn%3Ali%3Aarticle%3A7716914712096150652
2019-12-01 19:43:51,LIKE,https://www.linkedin.com/feed/update/urn%3Ali%3Aactivity%3A6606982362209280000
2019-12-01 04:00:12,LIKE,https://www.linkedin.com/feed/update/urn%3Ali%3Aactivity%3A6606627311351578624
2019-11-30 23:02:05,LIKE,https://www.linkedin.com/feed/update/urn%3Ali%3Aactivity%3A6606660338224029696
2019-11-30 21:05:27,LIKE,https://www.linkedin.com/feed/update/urn%3Ali%3Aactivity%3A6606150104690806784
2019-11-30 18:41:48,LIKE,https://www.linkedin.com/feed/update/urn%3Ali%3Aactivity%3A6606595556771016704
2019-11-30 18:25:07,LIKE,https://www.linkedin.com/feed/update/urn%3Ali%3Aactivity%3A6604826770279550976
2019-11-30 03:42:39,LIKE,https://www.linkedin.com/feed/update/urn%3Ali%3Aactivity%3A6606187378723823617
2019-11-30 03:42:13,LIKE,https://www.linkedin.com/feed/update/urn%3Ali%3Aactivity%3A6603474042576076801
2019-11-30 03:42:07,LIKE,https://www.linkedin.com/feed/update/urn%3Ali%3Aactivity%3A6606369255631974400
2019-11-30 01:34:18,LIKE,https://www.linkedin.com/feed/update/urn%3Ali%3Aactivity%3A6606175585037230080
2019-11-30 00:22:20,LIKE,https://www.linkedin.com/feed/update/urn%3Ali%3Aactivity%3A6606260720881410048
2019-11-29 17:23:12,LIKE,https://www.linkedin.com/feed/update/urn%3Ali%3Aactivity%3A6605839372669513728
2019-11-29 07:49:37,LIKE,https://www.linkedin.com/feed/update/urn%3Ali%3Aactivity%3A6605831433313366018
2019-11-29 07:49:20,LIKE,https://www.linkedin.com/feed/update/urn%3Ali%3Aactivity%3A6605465857005101057
2019-11-29 07:49:14,LIKE,https://www.linkedin.com/feed/update/urn%3Ali%3Aactivity%3A6605464166037893120
2019-11-29 07:17:57,LIKE,https://www.linkedin.com/feed/update/urn%3Ali%3Aactivity%3A6606013524177145856
2019-11-29 06:55:49,LIKE,https://www.linkedin.com/feed/update/urn%3Ali%3Aactivity%3A6605154143516573696
2019-11-29 06:55:02,LIKE,https://www.linkedin.com/feed/update/urn%3Ali%3Aactivity%3A6605861819842088961
2019-11-29 03:48:48,LIKE,https://www.linkedin.com/feed/update/urn%3Ali%3Aactivity%3A6605732736403668992
2019-11-29 03:48:16,LIKE,https://www.linkedin.com/feed/update/urn%3Ali%3Aactivity%3A6605823034475454465
2019-11-28 20:18:09,LIKE,https://www.linkedin.com/feed/update/urn%3Ali%3Aactivity%3A6605560852835897344
2019-11-28 20:17:41,LIKE,https://www.linkedin.com/feed/update/urn%3Ali%3Aarticle%3A7664174595896996982
2019-11-28 20:17:30,LIKE,https://www.linkedin.com/feed/update/urn%3Ali%3Aactivity%3A6605575319300689920
2019-11-27 01:54:31,LIKE,https://www.linkedin.com/feed/update/urn%3Ali%3Aactivity%3A6605244994481639424
2019-11-27 01:48:16,LIKE,https://www.linkedin.com/feed/update/urn%3Ali%3Aactivity%3A6605225203175866368
2019-11-27 01:47:41,LIKE,https://www.linkedin.com/feed/update/urn%3Ali%3Aactivity%3A6605190310089883648
2019-11-27 01:47:32,LIKE,https://www.linkedin.com/feed/update/urn%3Ali%3Aactivity%3A6605107927110037504
2019-11-27 00:52:31,LIKE,https://www.linkedin.com/feed/update/urn%3Ali%3Aactivity%3A6605223159178366977
2019-11-27 00:41:47,LIKE,https://www.linkedin.com/feed/update/urn%3Ali%3Aactivity%3A6605200726937473024
2019-11-26 23:38:25,LIKE,https://www.linkedin.com/feed/update/urn%3Ali%3Aactivity%3A6605202668371738624
2019-11-26 23:17:37,LIKE,https://www.linkedin.com/feed/update/urn%3Ali%3Aactivity%3A6604945773157244928
2019-11-25 23:23:10,LIKE,https://www.linkedin.com/feed/update/urn%3Ali%3Aactivity%3A6604747461015801856
2019-11-25 12:23:20,LIKE,https://www.linkedin.com/feed/update/urn%3Ali%3AugcPost%3A6604436039090094080
2019-11-25 12:22:03,LIKE,https://www.linkedin.com/feed/update/urn%3Ali%3Aactivity%3A6604380886454550528
2019-11-25 12:19:37,LIKE,https://www.linkedin.com/feed/update/urn%3Ali%3Aactivity%3A6604428357000142848
2019-11-25 12:18:39,LIKE,https://www.linkedin.com/feed/update/urn%3Ali%3Aactivity%3A6604180090609823744
2019-11-25 01:12:22,LIKE,https://www.linkedin.com/feed/update/urn%3Ali%3AugcPost%3A6604056903846776832?commentUrn=urn%3Ali%3Acomment%3A%28ugcPost%3A6604056903846776832%2C6604061789485441026%29
2019-11-25 01:12:19,LIKE,https://www.linkedin.com/feed/update/urn%3Ali%3AugcPost%3A6604056903846776832?commentUrn=urn%3Ali%3Acomment%3A%28ugcPost%3A6604056903846776832%2C6604152746796961792%29
2019-11-25 01:12:09,LIKE,https://www.linkedin.com/feed/update/urn%3Ali%3AugcPost%3A6604056903846776832
2019-11-24 20:05:08,LIKE,https://www.linkedin.com/feed/update/urn%3Ali%3Aactivity%3A6604084058043494401
2019-11-24 20:04:36,LIKE,https://www.linkedin.com/feed/update/urn%3Ali%3Aactivity%3A6604097187854987264
2019-11-24 18:07:32,LIKE,https://www.linkedin.com/feed/update/urn%3Ali%3Aactivity%3A6604097778891141120
2019-11-24 17:36:56,LIKE,https://www.linkedin.com/feed/update/urn%3Ali%3Aactivity%3A6604416392529747968
2019-11-24 17:08:27,LIKE,https://www.linkedin.com/feed/update/urn%3Ali%3Aactivity%3A6604003840469585920
2019-11-23 19:45:02,LIKE,https://www.linkedin.com/feed/update/urn%3Ali%3Aactivity%3A6603497699687882752
2019-11-23 19:27:51,LIKE,https://www.linkedin.com/feed/update/urn%3Ali%3Aactivity%3A6603767552655052800
2019-11-22 16:56:39,LIKE,https://www.linkedin.com/feed/update/urn%3Ali%3Aactivity%3A6603682479188557824
2019-11-22 14:08:40,LIKE,https://www.linkedin.com/feed/update/urn%3Ali%3Aactivity%3A6603469789170061312
2019-11-22 00:57:30,LIKE,https://www.linkedin.com/feed/update/urn%3Ali%3Aarticle%3A9050543442617028166
2019-11-22 00:53:15,LIKE,https://www.linkedin.com/feed/update/urn%3Ali%3Aactivity%3A6603312870979710976
2019-11-22 00:52:58,LIKE,https://www.linkedin.com/feed/update/urn%3Ali%3Aactivity%3A6603365495599177728
2019-11-22 00:52:50,LIKE,https://www.linkedin.com/feed/update/urn%3Ali%3Aactivity%3A6603321919255171072
2019-11-21 22:31:02,LIKE,https://www.linkedin.com/feed/update/urn%3Ali%3Aactivity%3A6603306900048138240
2019-11-21 12:42:26,LIKE,https://www.linkedin.com/feed/update/urn%3Ali%3Aactivity%3A6603073270470324224?commentUrn=urn%3Ali%3Acomment%3A%28activity%3A6603073270470324224%2C6603073899188011008%29
2019-11-21 12:41:52,LIKE,https://www.linkedin.com/feed/update/urn%3Ali%3Aactivity%3A6603073270470324224
2019-11-21 03:39:37,LIKE,https://www.linkedin.com/feed/update/urn%3Ali%3Aactivity%3A6603066545100861440
2019-11-21 00:22:19,LIKE,https://www.linkedin.com/feed/update/urn%3Ali%3Aactivity%3A6603028111732858880
2019-11-21 00:21:44,LIKE,https://www.linkedin.com/feed/update/urn%3Ali%3Aactivity%3A6603021118368546816
2019-11-20 21:11:16,LIKE,https://www.linkedin.com/feed/update/urn%3Ali%3Aactivity%3A6602924542564286464
2019-11-20 03:13:40,LIKE,https://www.linkedin.com/feed/update/urn%3Ali%3Aactivity%3A6602296715838046208
2019-11-19 16:09:34,LIKE,https://www.linkedin.com/feed/update/urn%3Ali%3Aactivity%3A6602254603041939456
2019-11-19 14:52:13,LIKE,https://www.linkedin.com/feed/update/urn%3Ali%3Aactivity%3A6602292507315367937
2019-11-18 23:26:43,LIKE,https://www.linkedin.com/feed/update/urn%3Ali%3Aactivity%3A6602244992884969472
2019-11-18 23:26:38,LIKE,https://www.linkedin.com/feed/update/urn%3Ali%3Aactivity%3A6602220614818250752
2019-11-18 20:02:51,LIKE,https://www.linkedin.com/feed/update/urn%3Ali%3Aactivity%3A6601193984238899200
2019-11-18 15:14:15,LIKE,https://www.linkedin.com/feed/update/urn%3Ali%3Aactivity%3A6602175686138490880
2019-11-17 19:53:58,LIKE,https://www.linkedin.com/feed/update/urn%3Ali%3Aactivity%3A6601480744105758720
2019-11-17 19:53:13,LIKE,https://www.linkedin.com/feed/update/urn%3Ali%3Aactivity%3A6601903646450028544
2019-11-17 19:52:32,LIKE,https://www.linkedin.com/feed/update/urn%3Ali%3Aactivity%3A6601542297739943936
2019-11-17 16:23:11,LIKE,https://www.linkedin.com/feed/update/urn%3Ali%3Aactivity%3A6601631395364376576
2019-11-17 16:12:59,LIKE,https://www.linkedin.com/feed/update/urn%3Ali%3Aactivity%3A6601605944415703040
2019-11-15 21:47:25,LIKE,https://www.linkedin.com/feed/update/urn%3Ali%3Aactivity%3A6539218612702498816
2019-11-15 21:47:20,LIKE,https://www.linkedin.com/feed/update/urn%3Ali%3Aactivity%3A6601201467628093441
2019-11-15 20:22:25,LIKE,https://www.linkedin.com/feed/update/urn%3Ali%3Aarticle%3A8860046488697311428
2019-11-15 20:22:18,LIKE,https://www.linkedin.com/feed/update/urn%3Ali%3Aactivity%3A6601161215366569984
2019-11-15 20:21:34,LIKE,https://www.linkedin.com/feed/update/urn%3Ali%3Aactivity%3A6601182279568023552
2019-11-15 20:16:56,LIKE,https://www.linkedin.com/feed/update/urn%3Ali%3Aarticle%3A7289774060077970302
2019-11-15 14:07:57,LIKE,https://www.linkedin.com/feed/update/urn%3Ali%3Aactivity%3A6600846856614490112
2019-11-15 12:35:58,LIKE,https://www.linkedin.com/feed/update/urn%3Ali%3Aarticle%3A7307064283517183252
2019-11-15 03:28:08,LIKE,https://www.linkedin.com/feed/update/urn%3Ali%3Aactivity%3A6600905128977530880
2019-11-15 03:28:04,LIKE,https://www.linkedin.com/feed/update/urn%3Ali%3Aactivity%3A6600802137167417344
2019-11-15 03:27:01,LIKE,https://www.linkedin.com/feed/update/urn%3Ali%3Aactivity%3A6600891929171505152
2019-11-15 03:26:50,LIKE,https://www.linkedin.com/feed/update/urn%3Ali%3Aarticle%3A7791837111012418765
2019-11-15 03:00:06,LIKE,https://www.linkedin.com/feed/update/urn%3Ali%3Aactivity%3A6600882849484681216
2019-11-15 02:50:13,LIKE,https://www.linkedin.com/feed/update/urn%3Ali%3Aactivity%3A6600832529241116672
2019-11-14 19:51:02,LIKE,https://www.linkedin.com/feed/update/urn%3Ali%3Aactivity%3A6600517214925791233
2019-11-14 15:22:24,LIKE,https://www.linkedin.com/feed/update/urn%3Ali%3Aactivity%3A6600465180117741568
2019-11-14 01:29:38,LIKE,https://www.linkedin.com/feed/update/urn%3Ali%3Aactivity%3A6600525642222051328
2019-11-13 23:14:54,LIKE,https://www.linkedin.com/feed/update/urn%3Ali%3Aactivity%3A6600417086621700096
2019-11-13 16:10:55,LIKE,https://www.linkedin.com/feed/update/urn%3Ali%3Aactivity%3A6600410551136899072
2019-11-13 00:35:03,LIKE,https://www.linkedin.com/feed/update/urn%3Ali%3Aactivity%3A6599769474575015936
2019-11-13 00:34:35,LIKE,https://www.linkedin.com/feed/update/urn%3Ali%3Aactivity%3A6599741036363333632
2019-11-13 00:34:26,LIKE,https://www.linkedin.com/feed/update/urn%3Ali%3Aactivity%3A6599835180159037440
2019-11-13 00:34:20,LIKE,https://www.linkedin.com/feed/update/urn%3Ali%3Aarticle%3A8452787945922410053
2019-11-11 22:45:52,LIKE,https://www.linkedin.com/feed/update/urn%3Ali%3Aactivity%3A6599775278736687104
2019-11-11 19:57:07,LIKE,https://www.linkedin.com/feed/update/urn%3Ali%3Aactivity%3A6598774593295523840
2019-11-11 18:33:34,LIKE,https://www.linkedin.com/feed/update/urn%3Ali%3Aarticle%3A7983037528581668444
2019-11-11 12:21:19,LIKE,https://www.linkedin.com/feed/update/urn%3Ali%3Aactivity%3A6599394304693805057
2019-11-10 23:03:16,LIKE,https://www.linkedin.com/feed/update/urn%3Ali%3Aactivity%3A6598531970286833664
2019-11-10 23:03:00,LIKE,https://www.linkedin.com/feed/update/urn%3Ali%3Aactivity%3A6598638084441677824
2019-11-10 07:19:46,LIKE,https://www.linkedin.com/feed/update/urn%3Ali%3Aactivity%3A6598926204496080896
2019-11-10 05:37:33,LIKE,https://www.linkedin.com/feed/update/urn%3Ali%3Aactivity%3A6599017768459337728
2019-11-10 05:37:28,LIKE,https://www.linkedin.com/feed/update/urn%3Ali%3Aactivity%3A6598862392925409280
2019-11-10 05:03:22,LIKE,https://www.linkedin.com/feed/update/urn%3Ali%3Aarticle%3A8432982137140180719
2019-11-09 18:56:52,LIKE,https://www.linkedin.com/feed/update/urn%3Ali%3Aarticle%3A8124594037015201107
2019-11-09 18:51:32,LIKE,https://www.linkedin.com/feed/update/urn%3Ali%3Aactivity%3A6598608509602975745
2019-11-09 01:25:51,LIKE,https://www.linkedin.com/feed/update/urn%3Ali%3Aactivity%3A6598215318752018437
2019-11-07 02:03:35,LIKE,https://www.linkedin.com/feed/update/urn%3Ali%3Aactivity%3A6597945564363657216
2019-11-07 01:56:57,LIKE,https://www.linkedin.com/feed/update/urn%3Ali%3Aactivity%3A6597972230573965312
2019-11-07 00:00:38,LIKE,https://www.linkedin.com/feed/update/urn%3Ali%3Aactivity%3A6597908322584788992
2019-11-07 00:00:31,LIKE,https://www.linkedin.com/feed/update/urn%3Ali%3Aactivity%3A6597861643617619968
2019-11-06 19:44:59,LIKE,https://www.linkedin.com/feed/update/urn%3Ali%3Aactivity%3A6597553289183670273
2019-11-05 16:08:37,LIKE,https://www.linkedin.com/feed/update/urn%3Ali%3Aactivity%3A6597193885955481600
2019-11-05 03:27:07,LIKE,https://www.linkedin.com/feed/update/urn%3Ali%3Aactivity%3A6597166268476903424?commentUrn=urn%3Ali%3Acomment%3A%28activity%3A6597166268476903424%2C6597209477714366464%29
2019-11-05 03:27:02,LIKE,https://www.linkedin.com/feed/update/urn%3Ali%3Aactivity%3A6597166268476903424?commentUrn=urn%3Ali%3Acomment%3A%28activity%3A6597166268476903424%2C6597215973504270336%29
2019-11-05 03:26:45,LIKE,https://www.linkedin.com/feed/update/urn%3Ali%3Aactivity%3A6597166268476903424
2019-11-05 03:26:13,LIKE,https://www.linkedin.com/feed/update/urn%3Ali%3Aactivity%3A6597294462228140032
2019-11-05 03:25:26,LIKE,https://www.linkedin.com/feed/update/urn%3Ali%3Aactivity%3A6597140603090292736
2019-11-05 03:03:50,LIKE,https://www.linkedin.com/feed/update/urn%3Ali%3Aactivity%3A6596827738282217472
2019-11-04 20:49:10,LIKE,https://www.linkedin.com/feed/update/urn%3Ali%3AugcPost%3A6597132779190837249
2019-11-01 18:42:51,LIKE,https://www.linkedin.com/feed/update/urn%3Ali%3Aactivity%3A6595667301733842944
2019-10-30 20:57:56,LIKE,https://www.linkedin.com/feed/update/urn%3Ali%3Aactivity%3A6595389577744265216
2019-10-30 20:56:44,LIKE,https://www.linkedin.com/feed/update/urn%3Ali%3Aactivity%3A6595354864803549184
2019-10-27 15:35:59,LIKE,https://www.linkedin.com/feed/update/urn%3Ali%3AugcPost%3A6594163842589171712
2019-10-27 15:35:18,LIKE,https://www.linkedin.com/feed/update/urn%3Ali%3Aactivity%3A6592904894422880256
2019-10-27 15:33:24,LIKE,https://www.linkedin.com/feed/update/urn%3Ali%3Aactivity%3A6594177621360205824
2019-10-27 15:32:55,LIKE,https://www.linkedin.com/feed/update/urn%3Ali%3Aactivity%3A6589544159047221249
2019-10-27 15:32:29,LIKE,https://www.linkedin.com/feed/update/urn%3Ali%3Aarticle%3A7739881259190427833
2019-10-27 15:04:50,LIKE,https://www.linkedin.com/feed/update/urn%3Ali%3Aarticle%3A8436545696996477816
2019-10-23 19:43:49,LIKE,https://www.linkedin.com/feed/update/urn%3Ali%3Aactivity%3A6592840943483912193
2019-10-23 12:15:15,LIKE,https://www.linkedin.com/feed/update/urn%3Ali%3Aactivity%3A6592264481965948928?commentUrn=urn%3Ali%3Acomment%3A%28activity%3A6592264481965948928%2C6592431487822385152%29
2019-10-23 12:14:42,LIKE,https://www.linkedin.com/feed/update/urn%3Ali%3Aactivity%3A6592264481965948928
2019-10-23 12:13:12,LIKE,https://www.linkedin.com/feed/update/urn%3Ali%3Aactivity%3A6592439622289145856
2019-10-21 21:54:22,LIKE,https://www.linkedin.com/feed/update/urn%3Ali%3Aactivity%3A6591866919731761152
2019-10-17 01:08:21,LIKE,https://www.linkedin.com/feed/update/urn%3Ali%3Aactivity%3A6589931083943432192
2019-10-12 02:34:40,LIKE,https://www.linkedin.com/feed/update/urn%3Ali%3Aactivity%3A6588475093448486912
2019-10-11 23:16:25,LIKE,https://www.linkedin.com/feed/update/urn%3Ali%3Aarticle%3A9188055683064281251
2019-10-09 22:38:39,LIKE,https://www.linkedin.com/feed/update/urn%3Ali%3Aactivity%3A6587021499578806272
2019-10-09 21:32:44,LIKE,https://www.linkedin.com/feed/update/urn%3Ali%3Aactivity%3A6587098464402845696
2019-10-09 01:52:14,LIKE,https://www.linkedin.com/feed/update/urn%3Ali%3Aactivity%3A6587426529213464576
2019-10-07 16:36:45,LIKE,https://www.linkedin.com/feed/update/urn%3Ali%3AugcPost%3A6586631318380048384
2019-10-06 22:15:28,LIKE,https://www.linkedin.com/feed/update/urn%3Ali%3Aactivity%3A6585542066347094016
2019-10-05 21:18:19,LIKE,https://www.linkedin.com/feed/update/urn%3Ali%3Aactivity%3A6585951468606631936
2019-10-05 17:55:20,LIKE,https://www.linkedin.com/feed/update/urn%3Ali%3Aactivity%3A6585203833683664896
2019-10-05 17:55:08,LIKE,https://www.linkedin.com/feed/update/urn%3Ali%3Aactivity%3A6586081808767651840
2019-10-05 17:21:28,LIKE,https://www.linkedin.com/feed/update/urn%3Ali%3Aarticle%3A7913091234042106360
2019-10-05 15:04:51,LIKE,https://www.linkedin.com/feed/update/urn%3Ali%3AugcPost%3A6585934300351475712
2019-10-05 15:03:14,LIKE,https://www.linkedin.com/feed/update/urn%3Ali%3Aactivity%3A6586091285063495680
2019-10-05 15:02:54,LIKE,https://www.linkedin.com/feed/update/urn%3Ali%3Aactivity%3A6585523108390797312
2019-10-05 00:36:30,LIKE,https://www.linkedin.com/feed/update/urn%3Ali%3Aactivity%3A6585971708115714049
2019-10-02 17:07:48,LIKE,https://www.linkedin.com/feed/update/urn%3Ali%3Aactivity%3A6584945104895696896
2019-09-24 17:44:56,LIKE,https://www.linkedin.com/feed/update/urn%3Ali%3Aactivity%3A6582299420891721728
2019-09-24 01:53:00,LIKE,https://www.linkedin.com/feed/update/urn%3Ali%3Aactivity%3A6582031226595532801
2019-09-23 23:14:48,LIKE,https://www.linkedin.com/feed/update/urn%3Ali%3AugcPost%3A6581969659623469057
2019-09-23 15:42:17,LIKE,https://www.linkedin.com/feed/update/urn%3Ali%3Aarticle%3A7468408345102272190
2019-09-23 15:18:29,LIKE,https://www.linkedin.com/feed/update/urn%3Ali%3Aactivity%3A6581905708806139904
2019-09-20 14:26:05,LIKE,https://www.linkedin.com/feed/update/urn%3Ali%3Aactivity%3A6580523783952617472
2019-09-20 14:25:22,LIKE,https://www.linkedin.com/feed/update/urn%3Ali%3Aactivity%3A6580706138923290624
2019-09-20 14:24:07,LIKE,https://www.linkedin.com/feed/update/urn%3Ali%3Aactivity%3A6580796026469306368
2019-09-20 14:23:21,LIKE,https://www.linkedin.com/feed/update/urn%3Ali%3Aactivity%3A6580747707130933248
2019-09-19 17:34:10,LIKE,https://www.linkedin.com/feed/update/urn%3Ali%3Aactivity%3A6580074963884142593
2019-09-18 04:45:41,LIKE,https://www.linkedin.com/feed/update/urn%3Ali%3Aarticle%3A8056771056030224135
2019-09-18 04:36:05,LIKE,https://www.linkedin.com/feed/update/urn%3Ali%3Aarticle%3A7863378469422889136
2019-09-18 04:35:59,LIKE,https://www.linkedin.com/feed/update/urn%3Ali%3Aactivity%3A6579741361879298048
2019-09-18 04:35:55,LIKE,https://www.linkedin.com/feed/update/urn%3Ali%3Aactivity%3A6579731880034258944
2019-09-18 04:34:53,LIKE,https://www.linkedin.com/feed/update/urn%3Ali%3Aactivity%3A6579722603299246080
2019-09-17 14:36:56,LIKE,https://www.linkedin.com/feed/update/urn%3Ali%3AugcPost%3A6579380036015529984
2019-09-17 03:41:14,LIKE,https://www.linkedin.com/feed/update/urn%3Ali%3Aactivity%3A6579449876768186368
2019-09-16 14:30:03,LIKE,https://www.linkedin.com/feed/update/urn%3Ali%3Aactivity%3A6579302818685997056
2019-09-16 14:29:15,LIKE,https://www.linkedin.com/feed/update/urn%3Ali%3Aactivity%3A6579008378155081728
2019-09-15 00:41:52,LIKE,https://www.linkedin.com/feed/update/urn%3Ali%3Aactivity%3A6577096211373846528
2019-09-15 00:37:54,LIKE,https://www.linkedin.com/feed/update/urn%3Ali%3Aactivity%3A6578747902137630720
2019-09-15 00:36:01,LIKE,https://www.linkedin.com/feed/update/urn%3Ali%3Aactivity%3A6578718889486675969
2019-09-14 21:57:41,LIKE,https://www.linkedin.com/feed/update/urn%3Ali%3Aactivity%3A6578354305298952195
2019-09-14 21:57:29,LIKE,https://www.linkedin.com/feed/update/urn%3Ali%3Aactivity%3A6578291608406634496
2019-09-14 21:57:03,LIKE,https://www.linkedin.com/feed/update/urn%3Ali%3Aactivity%3A6578325661218336768
2019-09-14 21:56:50,LIKE,https://www.linkedin.com/feed/update/urn%3Ali%3Aactivity%3A6578291264352063490
2019-09-14 21:56:33,LIKE,https://www.linkedin.com/feed/update/urn%3Ali%3Aarticle%3A8058899728237685394
2019-09-10 20:38:17,LIKE,https://www.linkedin.com/feed/update/urn%3Ali%3Aactivity%3A6576882929912295424
2019-08-17 18:33:57,LIKE,https://www.linkedin.com/feed/update/urn%3Ali%3Aactivity%3A6567128096326066176
2019-08-11 01:34:05,LIKE,https://www.linkedin.com/feed/update/urn%3Ali%3Aactivity%3A6565877713553375232
2019-07-20 05:07:51,LIKE,https://www.linkedin.com/feed/update/urn%3Ali%3Aactivity%3A6557478080766709760
2019-06-18 00:03:27,LIKE,https://www.linkedin.com/feed/update/urn%3Ali%3Aactivity%3A6544903369939525632
2019-06-05 15:31:43,LIKE,https://www.linkedin.com/feed/update/urn%3Ali%3Aactivity%3A6538151906169225216
2019-06-05 15:31:27,LIKE,https://www.linkedin.com/feed/update/urn%3Ali%3Aactivity%3A6538542871593701376
2019-05-31 02:41:17,LIKE,https://www.linkedin.com/feed/update/urn%3Ali%3Aactivity%3A6498594007973654528
2019-05-31 02:40:44,LIKE,https://www.linkedin.com/feed/update/urn%3Ali%3Aactivity%3A6529705289887813632
2019-05-31 02:40:28,LIKE,https://www.linkedin.com/feed/update/urn%3Ali%3Aactivity%3A6529746474543214592
2019-05-30 19:08:56,LIKE,https://www.linkedin.com/feed/update/urn%3Ali%3Aactivity%3A6539836673973465089
2019-05-26 01:09:20,LIKE,https://www.linkedin.com/feed/update/urn%3Ali%3Aactivity%3A6537780628815966208
2019-05-18 23:26:00,LIKE,https://www.linkedin.com/feed/update/urn%3Ali%3Aactivity%3A6535513904951369728
2019-05-18 23:14:53,LIKE,https://www.linkedin.com/feed/update/urn%3Ali%3Aactivity%3A6535191082957963265
2019-05-08 03:33:26,LIKE,https://www.linkedin.com/feed/update/urn%3Ali%3Aarticle%3A7303217175535728790
2019-05-08 03:33:04,LIKE,https://www.linkedin.com/feed/update/urn%3Ali%3Aactivity%3A6531324073245491200
2019-05-08 03:27:10,LIKE,https://www.linkedin.com/feed/update/urn%3Ali%3Aactivity%3A6529017674142486529
2019-05-08 03:26:57,LIKE,https://www.linkedin.com/feed/update/urn%3Ali%3Aactivity%3A6528727011660300289
2019-05-07 18:27:29,LIKE,https://www.linkedin.com/feed/update/urn%3Ali%3Aactivity%3A6526863516350062592
2019-05-07 16:53:13,LIKE,https://www.linkedin.com/feed/update/urn%3Ali%3AugcPost%3A6529571738492239872
2019-05-07 16:50:40,LIKE,https://www.linkedin.com/feed/update/urn%3Ali%3Aactivity%3A6531201558963642368
2019-05-07 07:18:36,LIKE,https://www.linkedin.com/feed/update/urn%3Ali%3Aarticle%3A7470542938323025064
2019-05-07 06:49:07,LIKE,https://www.linkedin.com/feed/update/urn%3Ali%3AugcPost%3A6531266991611879424
2019-05-07 02:57:26,LIKE,https://www.linkedin.com/feed/update/urn%3Ali%3Aactivity%3A6526097780019122176
2019-05-07 02:56:43,LIKE,https://www.linkedin.com/feed/update/urn%3Ali%3Aactivity%3A6530178600983945216
2019-05-07 02:56:16,LIKE,https://www.linkedin.com/feed/update/urn%3Ali%3Aactivity%3A6526874667859402752
2019-05-05 23:16:22,LIKE,https://www.linkedin.com/feed/update/urn%3Ali%3Aactivity%3A6527271678777581568
2019-05-05 23:10:29,LIKE,https://www.linkedin.com/feed/update/urn%3Ali%3Aactivity%3A6530112854287360000
2019-05-04 21:58:05,LIKE,https://www.linkedin.com/feed/update/urn%3Ali%3Aactivity%3A6526864348118286336
2019-05-04 21:57:46,LIKE,https://www.linkedin.com/feed/update/urn%3Ali%3Aarticle%3A7743911229643414187
2019-05-02 17:55:11,LIKE,https://www.linkedin.com/feed/update/urn%3Ali%3Aactivity%3A6528025121955803136
2019-05-02 17:54:50,LIKE,https://www.linkedin.com/feed/update/urn%3Ali%3Aactivity%3A6525390744168001536
2019-05-01 16:17:02,LIKE,https://www.linkedin.com/feed/update/urn%3Ali%3Aactivity%3A6524667027985096704
2019-05-01 16:15:41,LIKE,https://www.linkedin.com/feed/update/urn%3Ali%3Aactivity%3A6529323959190646784
2019-04-30 23:26:49,LIKE,https://www.linkedin.com/feed/update/urn%3Ali%3Aactivity%3A6525905670653440000
2019-04-30 23:03:46,LIKE,https://www.linkedin.com/feed/update/urn%3Ali%3Aactivity%3A6527759217418391552
2019-04-30 15:32:20,LIKE,https://www.linkedin.com/feed/update/urn%3Ali%3Aactivity%3A6524683145151942656
2019-04-26 17:19:10,LIKE,https://www.linkedin.com/feed/update/urn%3Ali%3AugcPost%3A6527508352480657409
2019-04-26 17:07:30,LIKE,https://www.linkedin.com/feed/update/urn%3Ali%3Aarticle%3A8881287981274723189
2019-04-26 17:06:02,LIKE,https://www.linkedin.com/feed/update/urn%3Ali%3Aactivity%3A6524742948846997504
2019-04-24 13:56:36,LIKE,https://www.linkedin.com/feed/update/urn%3Ali%3Aactivity%3A6523946239845896192
2019-04-24 13:56:23,LIKE,https://www.linkedin.com/feed/update/urn%3Ali%3Aactivity%3A6526169990129815552
2019-04-24 13:56:03,LIKE,https://www.linkedin.com/feed/update/urn%3Ali%3AugcPost%3A6522128265413488640
2019-04-22 05:05:44,LIKE,https://www.linkedin.com/feed/update/urn%3Ali%3Aactivity%3A6525764315608338432
2019-04-21 15:07:51,LIKE,https://www.linkedin.com/feed/update/urn%3Ali%3Aactivity%3A6525349207161786368
2019-04-18 15:15:30,LIKE,https://www.linkedin.com/feed/update/urn%3Ali%3Aactivity%3A6524280499047927808
2019-04-08 22:00:31,LIKE,https://www.linkedin.com/feed/update/urn%3Ali%3AugcPost%3A6486373405942775808
2019-04-07 20:38:56,LIKE,https://www.linkedin.com/feed/update/urn%3Ali%3Aactivity%3A6519560206555447296
2019-04-03 18:33:46,LIKE,https://www.linkedin.com/feed/update/urn%3Ali%3Aactivity%3A6514912345456726016
2019-04-03 18:27:57,LIKE,https://www.linkedin.com/feed/update/urn%3Ali%3Aarticle%3A8790716256361279908
2019-03-29 21:18:24,LIKE,https://www.linkedin.com/feed/update/urn%3Ali%3Aactivity%3A6517100583302889472
2019-03-21 21:39:26,LIKE,https://www.linkedin.com/feed/update/urn%3Ali%3AugcPost%3A6514592798568693760
2019-03-21 21:39:00,LIKE,https://www.linkedin.com/feed/update/urn%3Ali%3Aactivity%3A6514598916716064768
2019-03-19 16:55:58,LIKE,https://www.linkedin.com/feed/update/urn%3Ali%3Aactivity%3A6511716633394974720
2019-03-15 19:28:35,LIKE,https://www.linkedin.com/feed/update/urn%3Ali%3Aactivity%3A6512010947819765760
2019-03-05 20:21:28,LIKE,https://www.linkedin.com/feed/update/urn%3Ali%3Aactivity%3A6508374434208980992
2019-02-26 16:58:00,LIKE,https://www.linkedin.com/feed/update/urn%3Ali%3Aactivity%3A6506195776794951680
2019-02-19 17:23:06,LIKE,https://www.linkedin.com/feed/update/urn%3Ali%3Aactivity%3A6503009767936573440
2019-02-19 17:23:00,LIKE,https://www.linkedin.com/feed/update/urn%3Ali%3Aactivity%3A6503329609537384449
2019-02-19 17:19:37,LIKE,https://www.linkedin.com/feed/update/urn%3Ali%3Aactivity%3A6501149559278960641
2019-02-07 16:41:12,LIKE,https://www.linkedin.com/feed/update/urn%3Ali%3Aactivity%3A6499300782716837888
2019-02-01 03:48:04,LIKE,https://www.linkedin.com/feed/update/urn%3Ali%3AugcPost%3A6494037076810489856?commentUrn=urn%3Ali%3Acomment%3A%28ugcPost%3A6494037076810489856%2C6494063556487626752%29
2019-02-01 03:47:52,LIKE,https://www.linkedin.com/feed/update/urn%3Ali%3AugcPost%3A6494037076810489856
2019-01-18 21:35:09,LIKE,https://www.linkedin.com/feed/update/urn%3Ali%3Aactivity%3A6492030937830817792
2019-01-04 22:38:53,LIKE,https://www.linkedin.com/feed/update/urn%3Ali%3Aactivity%3A6486612648313135104?commentUrn=urn%3Ali%3Acomment%3A%28activity%3A6486612648313135104%2C6486697907658457088%29
2019-01-04 00:06:10,LIKE,https://www.linkedin.com/feed/update/urn%3Ali%3Aactivity%3A6486737154973138944
2018-12-27 17:32:34,LIKE,https://www.linkedin.com/feed/update/urn%3Ali%3Aactivity%3A6483776037493706752
2018-12-19 16:58:31,LIKE,https://www.linkedin.com/feed/update/urn%3Ali%3Aactivity%3A6478958675720572928
2018-12-14 22:21:49,LIKE,https://www.linkedin.com/feed/update/urn%3Ali%3Aactivity%3A6479458644038684672
2018-12-12 22:49:03,LIKE,https://www.linkedin.com/feed/update/urn%3Ali%3Aactivity%3A6478711881182769152
2018-12-12 04:03:57,LIKE,https://www.linkedin.com/feed/update/urn%3Ali%3Aactivity%3A6478248970849173504?commentUrn=urn%3Ali%3Acomment%3A%28activity%3A6478248970849173504%2C6478261541387976705%29
2018-11-29 15:33:22,LIKE,https://www.linkedin.com/feed/update/urn%3Ali%3Aactivity%3A6473483811958059008
2018-11-18 20:29:55,LIKE,https://www.linkedin.com/feed/update/urn%3Ali%3AugcPost%3A6467914013115191296
2018-11-18 20:29:22,LIKE,https://www.linkedin.com/feed/update/urn%3Ali%3AugcPost%3A6467810761065459712
2018-10-27 20:35:53,LIKE,https://www.linkedin.com/feed/update/urn%3Ali%3AugcPost%3A6461951293056442369
2018-10-27 20:35:39,LIKE,https://www.linkedin.com/feed/update/urn%3Ali%3Aarticle%3A7247653800078731952
2018-10-27 20:34:41,LIKE,https://www.linkedin.com/feed/update/urn%3Ali%3AugcPost%3A6461236163805007872
2018-10-27 20:34:12,LIKE,https://www.linkedin.com/feed/update/urn%3Ali%3Aarticle%3A8099132654544251912
2018-10-27 20:34:02,LIKE,https://www.linkedin.com/feed/update/urn%3Ali%3AugcPost%3A6461648914239012864
2018-10-26 18:38:26,LIKE,https://www.linkedin.com/feed/update/urn%3Ali%3Aactivity%3A6461615238222528512
2018-10-13 22:06:31,LIKE,https://www.linkedin.com/feed/update/urn%3Ali%3AugcPost%3A6456547751353294848
2018-10-03 22:24:41,LIKE,https://www.linkedin.com/feed/update/urn%3Ali%3AugcPost%3A6453358942218182656
2018-09-20 20:01:23,LIKE,https://www.linkedin.com/feed/update/urn%3Ali%3Aactivity%3A6448597196475494401
2018-09-20 20:01:04,LIKE,https://www.linkedin.com/feed/update/urn%3Ali%3AugcPost%3A6448586792609345536
2018-09-19 20:19:36,LIKE,https://www.linkedin.com/feed/update/urn%3Ali%3Aactivity%3A6448209139066896384
2018-09-19 16:06:30,LIKE,https://www.linkedin.com/feed/update/urn%3Ali%3Aactivity%3A6448151693824663552
2018-09-19 16:06:20,LIKE,https://www.linkedin.com/feed/update/urn%3Ali%3AugcPost%3A6445008732555345920
2018-09-19 15:44:35,LIKE,https://www.linkedin.com/feed/update/urn%3Ali%3Aactivity%3A6448164031353098240
2018-09-19 15:19:01,LIKE,https://www.linkedin.com/feed/update/urn%3Ali%3Aactivity%3A6447858452298506240
2018-09-18 22:34:51,LIKE,https://www.linkedin.com/feed/update/urn%3Ali%3AugcPost%3A6447834944436793344
2018-09-18 20:57:44,LIKE,https://www.linkedin.com/feed/update/urn%3Ali%3AugcPost%3A6447913389355200512
2018-09-14 19:02:00,LIKE,https://www.linkedin.com/feed/update/urn%3Ali%3Aarticle%3A7654398332436067284
2018-09-12 21:01:48,LIKE,https://www.linkedin.com/feed/update/urn%3Ali%3Aactivity%3A6445687538505052160
2018-09-09 01:08:31,LIKE,https://www.linkedin.com/feed/update/urn%3Ali%3Aactivity%3A6444157986255499264
2018-09-05 03:17:50,LIKE,https://www.linkedin.com/feed/update/urn%3Ali%3Aactivity%3A6438036053713526784
2018-09-05 00:52:19,LIKE,https://www.linkedin.com/feed/update/urn%3Ali%3Aarticle%3A8997114136880632742
2018-09-02 15:29:10,LIKE,https://www.linkedin.com/feed/update/urn%3Ali%3Aactivity%3A6441371020761800704
2018-08-10 16:03:43,LIKE,https://www.linkedin.com/feed/update/urn%3Ali%3Aactivity%3A6433575473934012417
2018-07-23 17:58:36,LIKE,https://www.linkedin.com/feed/update/urn%3Ali%3Aactivity%3A6426888761027624960
2018-07-19 20:08:25,LIKE,https://www.linkedin.com/feed/update/urn%3Ali%3Aactivity%3A6425408241647263744
2018-07-03 16:54:48,LIKE,https://www.linkedin.com/feed/update/urn%3Ali%3Aactivity%3A6419679670911922176?commentUrn=urn%3Ali%3Acomment%3A%28activity%3A6419679670911922176%2C6419938879758954496%29
2018-07-03 16:37:18,LIKE,https://www.linkedin.com/feed/update/urn%3Ali%3Aactivity%3A6419581841736556544
2018-06-21 19:45:45,LIKE,https://www.linkedin.com/feed/update/urn%3Ali%3AugcPost%3A6414838081882451968
2018-06-20 12:15:37,LIKE,https://www.linkedin.com/feed/update/urn%3Ali%3AugcPost%3A6414181437989363712?commentUrn=urn%3Ali%3Acomment%3A%28ugcPost%3A6414181437989363712%2C6414300193428119552%29
2018-06-20 12:12:48,LIKE,https://www.linkedin.com/feed/update/urn%3Ali%3AugcPost%3A6413385131100250112?commentUrn=urn%3Ali%3Acomment%3A%28ugcPost%3A6413385131100250112%2C6414467421561716736%29
2018-06-20 12:11:22,LIKE,https://www.linkedin.com/feed/update/urn%3Ali%3Aarticle%3A7636447531987073150
2018-06-20 12:07:48,LIKE,https://www.linkedin.com/feed/update/urn%3Ali%3Aactivity%3A6414368776963313665
2018-06-17 22:52:34,LIKE,https://www.linkedin.com/feed/update/urn%3Ali%3Aactivity%3A6413773213448441856
2018-06-16 14:52:52,LIKE,https://www.linkedin.com/feed/update/urn%3Ali%3Aactivity%3A6413372153093246976
2018-06-15 23:29:15,LIKE,https://www.linkedin.com/feed/update/urn%3Ali%3Aactivity%3A6413395560736268288
2018-06-15 23:25:18,LIKE,https://www.linkedin.com/feed/update/urn%3Ali%3Aactivity%3A6412821619298881536
2018-06-15 02:49:06,LIKE,https://www.linkedin.com/feed/update/urn%3Ali%3AugcPost%3A6411627201673908224
2018-06-15 02:47:14,LIKE,https://www.linkedin.com/feed/update/urn%3Ali%3AugcPost%3A6412716068720246784
2018-06-15 02:47:01,LIKE,https://www.linkedin.com/feed/update/urn%3Ali%3Aactivity%3A6412789430393937920
2018-06-05 04:19:00,LIKE,https://www.linkedin.com/feed/update/urn%3Ali%3Aactivity%3A6409599397524439040
2018-05-30 04:24:48,LIKE,https://www.linkedin.com/feed/update/urn%3Ali%3Aactivity%3A6407385499559874560
2018-05-30 04:23:28,LIKE,https://www.linkedin.com/feed/update/urn%3Ali%3Aactivity%3A6407321991359057921
2018-05-29 20:10:05,LIKE,https://www.linkedin.com/feed/update/urn%3Ali%3Aactivity%3A6406779401664585728?commentUrn=urn%3Ali%3Acomment%3A%28activity%3A6406779401664585728%2C6407122905192296448%29
2018-05-23 19:03:38,LIKE,https://www.linkedin.com/feed/update/urn%3Ali%3Aactivity%3A6405039637366132736
2018-05-22 20:57:09,LIKE,https://www.linkedin.com/feed/update/urn%3Ali%3Aactivity%3A6404675360625086464
2018-05-22 20:56:34,LIKE,https://www.linkedin.com/feed/update/urn%3Ali%3Aactivity%3A6404668285358530560
2018-05-11 20:19:16,LIKE,https://www.linkedin.com/feed/update/urn%3Ali%3Aactivity%3A6400764976646094848
2018-05-11 20:19:07,LIKE,https://www.linkedin.com/feed/update/urn%3Ali%3AugcPost%3A6400704372996599808
2018-04-30 07:15:12,LIKE,https://www.linkedin.com/feed/update/urn%3Ali%3AcontentTopic%3A1134907?commentUrn=urn%3Ali%3Acomment%3A%28contentTopic%3A1134907%2C6396535340219404288%29
2018-04-30 06:07:20,LIKE,https://www.linkedin.com/feed/update/urn%3Ali%3AugcPost%3A6396108261543673856?commentUrn=urn%3Ali%3Acomment%3A%28ugcPost%3A6396108261543673856%2C6396378283868454912%29
2018-04-19 15:39:19,LIKE,https://www.linkedin.com/feed/update/urn%3Ali%3Aactivity%3A6392357723748470784
2018-04-09 20:53:14,LIKE,https://www.linkedin.com/feed/update/urn%3Ali%3Aactivity%3A6389141484184096768
2018-04-09 16:30:54,LIKE,https://www.linkedin.com/feed/update/urn%3Ali%3Aactivity%3A6388866695389335552
2018-04-07 00:58:27,LIKE,https://www.linkedin.com/feed/update/urn%3Ali%3Aactivity%3A6382957745934520320
2018-04-06 06:26:45,LIKE,https://www.linkedin.com/feed/update/urn%3Ali%3Aactivity%3A6387763409613570048
2018-04-06 00:36:31,LIKE,https://www.linkedin.com/feed/update/urn%3Ali%3Aactivity%3A6387698165541273600
2018-04-06 00:36:17,LIKE,https://www.linkedin.com/feed/update/urn%3Ali%3AugcPost%3A6387360599503888385
2018-04-04 20:26:42,LIKE,https://www.linkedin.com/feed/update/urn%3Ali%3AugcPost%3A6387102811598962688
2018-03-30 21:39:22,LIKE,https://www.linkedin.com/feed/update/urn%3Ali%3Aactivity%3A6385508761628344320
2018-03-25 20:22:50,LIKE,https://www.linkedin.com/feed/update/urn%3Ali%3AugcPost%3A6381000563169067008
2018-03-14 04:06:53,LIKE,https://www.linkedin.com/feed/update/urn%3Ali%3Aactivity%3A6379033397033082880
2018-03-14 03:24:33,LIKE,https://www.linkedin.com/feed/update/urn%3Ali%3AugcPost%3A6377133468517756928
2018-03-14 03:22:55,LIKE,https://www.linkedin.com/feed/update/urn%3Ali%3Aactivity%3A6379427969810657280
2018-02-25 08:04:17,LIKE,https://www.linkedin.com/feed/update/urn%3Ali%3Aactivity%3A6373003184150970368
2018-02-21 17:53:07,LIKE,https://www.linkedin.com/feed/update/urn%3Ali%3Aactivity%3A6370308582382059520
2018-02-19 06:00:09,LIKE,https://www.linkedin.com/feed/update/urn%3Ali%3AugcPost%3A6371102585906094080
2018-02-13 03:16:21,LIKE,https://www.linkedin.com/feed/update/urn%3Ali%3Aactivity%3A6367578095360176128?commentUrn=urn%3Ali%3Acomment%3A%28activity%3A6367578095360176128%2C6368866540825165824%29
2018-02-13 03:15:46,LIKE,https://www.linkedin.com/feed/update/urn%3Ali%3AugcPost%3A6368946786685452289
2018-02-13 03:14:16,LIKE,https://www.linkedin.com/feed/update/urn%3Ali%3Aactivity%3A6368874335603609600?commentUrn=urn%3Ali%3Acomment%3A%28activity%3A6368874335603609600%2C6368886911523786752%29
2018-02-12 17:40:12,LIKE,https://www.linkedin.com/feed/update/urn%3Ali%3Aactivity%3A6368835411153870848?commentUrn=urn%3Ali%3Acomment%3A%28activity%3A6368835411153870848%2C6368842220887511040%29
2018-02-12 17:39:22,LIKE,https://www.linkedin.com/feed/update/urn%3Ali%3Aactivity%3A6368099535490813952
2018-02-05 17:59:06,LIKE,https://www.linkedin.com/feed/update/urn%3Ali%3Aactivity%3A6366072920866988032
2018-02-04 06:37:15,LIKE,https://www.linkedin.com/feed/update/urn%3Ali%3Aactivity%3A6365562088831754240
2018-02-04 06:36:28,LIKE,https://www.linkedin.com/feed/update/urn%3Ali%3Aactivity%3A6365627676505497601
2018-02-02 21:18:33,LIKE,https://www.linkedin.com/feed/update/urn%3Ali%3Aactivity%3A6365261560490835968
2018-02-02 10:21:36,LIKE,https://www.linkedin.com/feed/update/urn%3Ali%3Aactivity%3A6364993965372030976
2018-02-02 01:28:25,LIKE,https://www.linkedin.com/feed/update/urn%3Ali%3Aactivity%3A6363749445087096832
2018-01-26 20:13:41,LIKE,https://www.linkedin.com/feed/update/urn%3Ali%3Aactivity%3A6362418132975386624
2018-01-26 20:12:21,LIKE,https://www.linkedin.com/feed/update/urn%3Ali%3Aactivity%3A6362531989203013632?commentUrn=urn%3Ali%3Acomment%3A%28activity%3A6362531989203013632%2C6362657555445010433%29
2018-01-24 04:04:26,LIKE,https://www.linkedin.com/feed/update/urn%3Ali%3Aactivity%3A6361075396783464448
2018-01-22 03:14:24,LIKE,https://www.linkedin.com/feed/update/urn%3Ali%3Aactivity%3A6359805661643108352
2017-11-28 22:30:47,LIKE,https://www.linkedin.com/feed/update/urn%3Ali%3Aactivity%3A6338475296689311744
2017-11-20 19:55:47,LIKE,https://www.linkedin.com/feed/update/urn%3Ali%3AugcPost%3A6337305678868205568
2017-11-18 23:41:19,LIKE,https://www.linkedin.com/feed/update/urn%3Ali%3Aactivity%3A6337684748005179392
2017-11-18 17:08:15,LIKE,https://www.linkedin.com/feed/update/urn%3Ali%3Aactivity%3A6336210487679737856
2017-11-18 17:07:01,LIKE,https://www.linkedin.com/feed/update/urn%3Ali%3Aarticle%3A7126170469002948125
2017-11-08 13:57:43,LIKE,https://www.linkedin.com/feed/update/urn%3Ali%3Aactivity%3A6333113082230894592
2017-11-08 13:57:36,LIKE,https://www.linkedin.com/feed/update/urn%3Ali%3Aactivity%3A6333222443683057664
2017-11-08 13:54:00,LIKE,https://www.linkedin.com/feed/update/urn%3Ali%3Aactivity%3A6333114419131748352
2017-11-05 21:40:44,LIKE,https://www.linkedin.com/feed/update/urn%3Ali%3Aactivity%3A6332678741449285632
2017-10-31 16:29:24,LIKE,https://www.linkedin.com/feed/update/urn%3Ali%3Aarticle%3A7078503985633781457
2017-10-06 18:16:36,LIKE,https://www.linkedin.com/feed/update/urn%3Ali%3Aactivity%3A6322103700248686592
2017-10-06 15:43:35,LIKE,https://www.linkedin.com/feed/update/urn%3Ali%3Aactivity%3A6321815336660406273
2017-09-28 16:03:25,LIKE,https://www.linkedin.com/feed/update/urn%3Ali%3Aactivity%3A6318975344288235521
2017-09-20 14:34:01,LIKE,https://www.linkedin.com/feed/update/urn%3Ali%3Aactivity%3A6315954852845359104
2017-09-19 20:04:22,LIKE,https://www.linkedin.com/feed/update/urn%3Ali%3Aactivity%3A6315721104094830592
2017-08-31 18:58:11,LIKE,https://www.linkedin.com/feed/update/urn%3Ali%3Aactivity%3A6309074425790689280
2017-08-21 14:46:38,LIKE,https://www.linkedin.com/feed/update/urn%3Ali%3Aactivity%3A6305023335881285633
2017-08-21 01:40:43,LIKE,https://www.linkedin.com/feed/update/urn%3Ali%3Aactivity%3A6303064325288525824
2017-08-21 01:23:21,LIKE,https://www.linkedin.com/feed/update/urn%3Ali%3Aactivity%3A6303064325288525824?commentUrn=urn%3Ali%3Acomment%3A%28activity%3A6303064325288525824%2C6305118630027755520%29
2017-08-21 01:12:51,LIKE,https://www.linkedin.com/feed/update/urn%3Ali%3Aactivity%3A6304720723394990080?commentUrn=urn%3Ali%3Acomment%3A%28activity%3A6304720723394990080%2C6305198411541024768%29
2017-08-21 01:12:21,LIKE,https://www.linkedin.com/feed/update/urn%3Ali%3Aactivity%3A6304720723394990080?commentUrn=urn%3Ali%3Acomment%3A%28activity%3A6304720723394990080%2C6305197795372519424%29
2017-08-20 19:38:51,LIKE,https://www.linkedin.com/feed/update/urn%3Ali%3Aactivity%3A6304106889768636416
2017-08-16 18:54:50,LIKE,https://www.linkedin.com/feed/update/urn%3Ali%3Aarticle%3A9076528008736913453
2017-08-13 23:45:33,LIKE,https://www.linkedin.com/feed/update/urn%3Ali%3Aactivity%3A6301802755421937664
2017-08-09 04:11:58,LIKE,https://www.linkedin.com/feed/update/urn%3Ali%3Aactivity%3A6300842933507616768
2017-07-31 01:23:13,LIKE,https://www.linkedin.com/feed/update/urn%3Ali%3Aactivity%3A6297490405147570176
2017-07-30 19:28:23,LIKE,https://www.linkedin.com/feed/update/urn%3Ali%3Aactivity%3A6297243563109412864
2017-07-28 16:09:11,LIKE,https://www.linkedin.com/feed/update/urn%3Ali%3Aactivity%3A6296472968914706432
2017-07-26 20:04:03,LIKE,https://www.linkedin.com/feed/update/urn%3Ali%3Aactivity%3A6295615795737161728
2017-07-26 00:01:22,LIKE,https://www.linkedin.com/feed/update/urn%3Ali%3Aactivity%3A6295235507790057472
2017-07-24 11:36:42,LIKE,https://www.linkedin.com/feed/update/urn%3Ali%3Aactivity%3A6294670585389678592
2017-07-09 18:20:46,LIKE,https://www.linkedin.com/feed/update/urn%3Ali%3Aactivity%3A6289144163908755457
2017-06-13 15:58:37,LIKE,https://www.linkedin.com/feed/update/urn%3Ali%3Aactivity%3A6278968545200078848
2017-06-02 16:45:31,LIKE,https://www.linkedin.com/feed/update/urn%3Ali%3Aactivity%3A6275793415984812032
2017-06-02 16:45:13,LIKE,https://www.linkedin.com/feed/update/urn%3Ali%3Aactivity%3A6276431700624973824
2017-06-02 16:44:39,LIKE,https://www.linkedin.com/feed/update/urn%3Ali%3Aactivity%3A6276035893723693056
2017-05-30 17:31:11,LIKE,https://www.linkedin.com/feed/update/urn%3Ali%3Aactivity%3A6273009163438166017
2017-05-27 21:21:29,LIKE,https://www.linkedin.com/feed/update/urn%3Ali%3Aactivity%3A6274012339578630144
2017-05-26 22:42:07,LIKE,https://www.linkedin.com/feed/update/urn%3Ali%3Aactivity%3A6273875949775790080
2017-05-26 01:53:39,LIKE,https://www.linkedin.com/feed/update/urn%3Ali%3Aactivity%3A6273346835708944384
2017-05-26 01:52:31,LIKE,https://www.linkedin.com/feed/update/urn%3Ali%3Aactivity%3A6273506845357285377
2017-05-14 19:30:21,LIKE,https://www.linkedin.com/feed/update/urn%3Ali%3Aactivity%3A6269238276717191168
2017-05-13 19:20:47,LIKE,https://www.linkedin.com/feed/update/urn%3Ali%3Aactivity%3A6268905215097872384
2017-05-13 01:47:12,LIKE,https://www.linkedin.com/feed/update/urn%3Ali%3Aactivity%3A6268726679854678016
2017-05-09 03:04:22,LIKE,https://www.linkedin.com/feed/update/urn%3Ali%3Aactivity%3A6262652797724958720
2017-05-05 02:58:12,LIKE,https://www.linkedin.com/feed/update/urn%3Ali%3Aactivity%3A6265662610440482816
2017-05-05 02:58:08,LIKE,https://www.linkedin.com/feed/update/urn%3Ali%3Aactivity%3A6265613255734030337
2017-05-05 02:55:38,LIKE,https://www.linkedin.com/feed/update/urn%3Ali%3Aactivity%3A6265781033984233472
2017-05-02 13:04:42,LIKE,https://www.linkedin.com/feed/update/urn%3Ali%3Aactivity%3A6264069434651049984
2017-05-02 13:04:06,LIKE,https://www.linkedin.com/feed/update/urn%3Ali%3Aactivity%3A6264836788708220928
2017-04-23 21:32:00,LIKE,https://www.linkedin.com/feed/update/urn%3Ali%3Aactivity%3A6261964625898803200?commentUrn=urn%3Ali%3Acomment%3A%28activity%3A6261964625898803200%2C6262023915640487936%29
2017-03-30 15:52:14,LIKE,https://www.linkedin.com/feed/update/urn%3Ali%3Aactivity%3A6250866774196121600
2017-03-29 07:21:21,LIKE,https://www.linkedin.com/feed/update/urn%3Ali%3Aarticle%3A7539205996812670959
2017-02-27 19:40:20,LIKE,https://www.linkedin.com/feed/update/urn%3Ali%3Aactivity%3A6242054313347153920
2017-02-21 23:16:13,LIKE,https://www.linkedin.com/feed/update/urn%3Ali%3Aactivity%3A6239505049056219136?commentUrn=urn%3Ali%3Acomment%3A%28activity%3A6239505049056219136%2C6239869853721726976%29
2017-02-21 16:13:00,LIKE,https://www.linkedin.com/feed/update/urn%3Ali%3Aactivity%3A6239820426944475136
2017-02-21 16:12:57,LIKE,https://www.linkedin.com/feed/update/urn%3Ali%3Aactivity%3A6239650548727967744
2017-02-21 16:04:42,LIKE,https://www.linkedin.com/feed/update/urn%3Ali%3Aactivity%3A6239834282349600768
2017-02-17 17:28:25,LIKE,https://www.linkedin.com/feed/update/urn%3Ali%3Aactivity%3A6238090331150258176?commentUrn=urn%3Ali%3Acomment%3A%28activity%3A6238090331150258176%2C6238401079625740288%29
2017-02-16 18:08:19,LIKE,https://www.linkedin.com/feed/update/urn%3Ali%3Aactivity%3A6237375611266965504
2017-02-16 18:07:37,LIKE,https://www.linkedin.com/feed/update/urn%3Ali%3Aactivity%3A6237646426801737728
2017-02-16 18:07:31,LIKE,https://www.linkedin.com/feed/update/urn%3Ali%3Aactivity%3A6237479699430273024
2017-02-16 18:07:29,LIKE,https://www.linkedin.com/feed/update/urn%3Ali%3Aactivity%3A6237770793338572800
2017-02-16 18:07:25,LIKE,https://www.linkedin.com/feed/update/urn%3Ali%3Aactivity%3A6237478953007751168
2017-02-16 18:07:20,LIKE,https://www.linkedin.com/feed/update/urn%3Ali%3Aactivity%3A6237811554939596800
2017-02-09 17:04:29,LIKE,https://www.linkedin.com/feed/update/urn%3Ali%3Aactivity%3A6235497464028237824
2017-02-08 16:18:53,LIKE,https://www.linkedin.com/feed/update/urn%3Ali%3Aactivity%3A6234512316537278464
2017-01-19 06:22:47,LIKE,https://www.linkedin.com/feed/update/urn%3Ali%3Aarticle%3A8589841348622451960
2017-01-06 16:44:50,LIKE,https://www.linkedin.com/feed/update/urn%3Ali%3Aactivity%3A6223156523233734656
2017-01-05 14:36:01,LIKE,https://www.linkedin.com/feed/update/urn%3Ali%3Aactivity%3A6221893492168232960
2017-01-05 14:35:59,LIKE,https://www.linkedin.com/feed/update/urn%3Ali%3Aactivity%3A6222744457603743744
2017-01-05 14:35:57,LIKE,https://www.linkedin.com/feed/update/urn%3Ali%3Aactivity%3A6222259632157523968
2017-01-05 14:35:54,LIKE,https://www.linkedin.com/feed/update/urn%3Ali%3Aactivity%3A6221559159356170240
2017-01-05 14:35:49,LIKE,https://www.linkedin.com/feed/update/urn%3Ali%3Aactivity%3A6221891733358157824
2016-12-15 21:06:52,LIKE,https://www.linkedin.com/feed/update/urn%3Ali%3Aarticle%3A8289887557236791696?commentUrn=urn%3Ali%3Acomment%3A%28article%3A8289887557236791696%2C6215266206698471424%29
2016-12-12 13:04:48,LIKE,https://www.linkedin.com/feed/update/urn%3Ali%3Aactivity%3A6212005778488860672
2016-12-08 02:00:35,LIKE,https://www.linkedin.com/feed/update/urn%3Ali%3Aactivity%3A6212373364074389504
2016-12-01 19:32:07,LIKE,https://www.linkedin.com/feed/update/urn%3Ali%3Aactivity%3A6209346516667101184
2016-12-01 19:31:51,LIKE,https://www.linkedin.com/feed/update/urn%3Ali%3Aactivity%3A6209572119659966464
2016-12-01 19:31:38,LIKE,https://www.linkedin.com/feed/update/urn%3Ali%3Aactivity%3A6209862351156453376
2016-12-01 19:22:19,LIKE,https://www.linkedin.com/feed/update/urn%3Ali%3Aactivity%3A6209398741796036608?commentUrn=urn%3Ali%3Acomment%3A%28activity%3A6209398741796036608%2C6210144018223939584%29
2016-12-01 19:21:01,LIKE,https://www.linkedin.com/feed/update/urn%3Ali%3Aactivity%3A6209398741796036608
2016-11-30 15:59:37,LIKE,https://www.linkedin.com/feed/update/urn%3Ali%3Aactivity%3A6207278260561281024?commentUrn=urn%3Ali%3Acomment%3A%28activity%3A6207278260561281024%2C6209757136793198592%29
2016-11-30 15:59:33,LIKE,https://www.linkedin.com/feed/update/urn%3Ali%3Aactivity%3A6207278260561281024?commentUrn=urn%3Ali%3Acomment%3A%28activity%3A6207278260561281024%2C6209755857580892161%29
2016-11-30 15:59:15,LIKE,https://www.linkedin.com/feed/update/urn%3Ali%3Aactivity%3A6207278260561281024
2016-11-30 07:27:36,LIKE,https://www.linkedin.com/feed/update/urn%3Ali%3Aactivity%3A6206406337149050880
2016-11-25 21:55:19,LIKE,https://www.linkedin.com/feed/update/urn%3Ali%3AgroupPost%3A2877-6184129052081733632?commentUrn=urn%3Ali%3Acomment%3A%28groupPost%3A2877-6184129052081733632%2C6207345319416602624%29
2016-11-23 19:58:32,LIKE,https://www.linkedin.com/feed/update/urn%3Ali%3Aactivity%3A6204494578163150848
2016-11-22 00:29:52,LIKE,https://www.linkedin.com/feed/update/urn%3Ali%3Aactivity%3A6204981543522308096
2016-11-22 00:28:52,LIKE,https://www.linkedin.com/feed/update/urn%3Ali%3Aactivity%3A6204782454788759552
2016-11-22 00:28:51,LIKE,https://www.linkedin.com/feed/update/urn%3Ali%3Aactivity%3A6206612742133030913
2016-11-22 00:28:49,LIKE,https://www.linkedin.com/feed/update/urn%3Ali%3Aactivity%3A6204371331019087876
2016-11-22 00:28:47,LIKE,https://www.linkedin.com/feed/update/urn%3Ali%3Aactivity%3A6206612216725147649
2016-11-22 00:28:46,LIKE,https://www.linkedin.com/feed/update/urn%3Ali%3Aactivity%3A6205890898606247936
2016-11-22 00:28:44,LIKE,https://www.linkedin.com/feed/update/urn%3Ali%3Aactivity%3A6204858877645713408
2016-11-22 00:28:33,LIKE,https://www.linkedin.com/feed/update/urn%3Ali%3Aactivity%3A6206611528339197953
2016-11-22 00:28:32,LIKE,https://www.linkedin.com/feed/update/urn%3Ali%3Aactivity%3A6204468613143891968
2016-11-22 00:28:30,LIKE,https://www.linkedin.com/feed/update/urn%3Ali%3Aactivity%3A6204373970616098816
2016-11-22 00:28:28,LIKE,https://www.linkedin.com/feed/update/urn%3Ali%3Aactivity%3A6205949863243325440
2016-11-22 00:28:15,LIKE,https://www.linkedin.com/feed/update/urn%3Ali%3Aactivity%3A6206612833489158144
2016-11-18 16:06:17,LIKE,https://www.linkedin.com/feed/update/urn%3Ali%3Aactivity%3A6204367164510658560
2016-11-14 21:46:04,LIKE,https://www.linkedin.com/feed/update/urn%3Ali%3Aactivity%3A6204023205867462656
2016-11-14 20:52:19,LIKE,https://www.linkedin.com/feed/update/urn%3Ali%3Aactivity%3A6203006824787120128
2016-11-14 20:52:00,LIKE,https://www.linkedin.com/feed/update/urn%3Ali%3Aactivity%3A6204007339209609217
2016-11-14 20:51:35,LIKE,https://www.linkedin.com/feed/update/urn%3Ali%3Aactivity%3A6204017191994609664
2016-11-14 18:54:16,LIKE,https://www.linkedin.com/feed/update/urn%3Ali%3Aarticle%3A8132665400629177142
2016-11-14 18:53:15,LIKE,https://www.linkedin.com/feed/update/urn%3Ali%3Aactivity%3A6203563526863286272
2016-11-14 18:52:50,LIKE,https://www.linkedin.com/feed/update/urn%3Ali%3Aactivity%3A6203985112288292864
2016-11-14 18:02:15,LIKE,https://www.linkedin.com/feed/update/urn%3Ali%3Aactivity%3A6201963800032210944
2016-11-14 18:02:12,LIKE,https://www.linkedin.com/feed/update/urn%3Ali%3Aactivity%3A6201965015818346496
2016-11-14 18:02:10,LIKE,https://www.linkedin.com/feed/update/urn%3Ali%3Aactivity%3A6202182061797756928
2016-11-14 18:02:06,LIKE,https://www.linkedin.com/feed/update/urn%3Ali%3Aactivity%3A6202320622949793792
2016-11-14 18:01:58,LIKE,https://www.linkedin.com/feed/update/urn%3Ali%3Aactivity%3A6202984920214704128
2016-11-14 18:01:47,LIKE,https://www.linkedin.com/feed/update/urn%3Ali%3Aactivity%3A6203954042343825408
2016-11-14 17:57:57,LIKE,https://www.linkedin.com/feed/update/urn%3Ali%3Aactivity%3A6202572708883021824
2016-11-14 17:55:14,LIKE,https://www.linkedin.com/feed/update/urn%3Ali%3Aactivity%3A6203568353496432640
2016-11-11 21:08:33,LIKE,https://www.linkedin.com/feed/update/urn%3Ali%3Aactivity%3A6202519436616826881
2016-11-08 21:01:51,LIKE,https://www.linkedin.com/feed/update/urn%3Ali%3Aactivity%3A6201403855276699648
2016-11-07 16:26:20,LIKE,https://www.linkedin.com/feed/update/urn%3Ali%3Aactivity%3A6196580995244843008
2016-11-03 02:54:34,LIKE,https://www.linkedin.com/feed/update/urn%3Ali%3Aarticle%3A8160729363883387737?commentUrn=urn%3Ali%3Acomment%3A%28article%3A8160729363883387737%2C6198961961468776449%29
2016-11-02 21:09:39,LIKE,https://www.linkedin.com/feed/update/urn%3Ali%3Aarticle%3A8584297748206556758
2016-11-02 18:02:27,LIKE,https://www.linkedin.com/feed/update/urn%3Ali%3Aactivity%3A6198874336586125312
2016-11-02 16:45:08,LIKE,https://www.linkedin.com/feed/update/urn%3Ali%3Aactivity%3A6198980537403604992
2016-11-02 16:44:58,LIKE,https://www.linkedin.com/feed/update/urn%3Ali%3Aactivity%3A6198876868616167424
2016-11-02 04:15:31,LIKE,https://www.linkedin.com/feed/update/urn%3Ali%3Aactivity%3A6196364817872216064
2016-11-02 04:15:06,LIKE,https://www.linkedin.com/feed/update/urn%3Ali%3Aactivity%3A6199355221592932352
2016-10-29 23:24:32,LIKE,https://www.linkedin.com/feed/update/urn%3Ali%3Aactivity%3A6197633072725401600
2016-10-29 23:24:29,LIKE,https://www.linkedin.com/feed/update/urn%3Ali%3Aactivity%3A6197755516551180288
2016-10-28 20:42:38,LIKE,https://www.linkedin.com/feed/update/urn%3Ali%3Aactivity%3A6197855587452145665?commentUrn=urn%3Ali%3Acomment%3A%28activity%3A6197855587452145665%2C6197862683811807232%29
2016-10-28 02:07:16,LIKE,https://www.linkedin.com/feed/update/urn%3Ali%3Aactivity%3A6194555803907682304
2016-10-27 20:15:02,LIKE,https://www.linkedin.com/feed/update/urn%3Ali%3Aactivity%3A6193996543582830592
2016-10-27 20:15:01,LIKE,https://www.linkedin.com/feed/update/urn%3Ali%3Aactivity%3A6193630936156905472
2016-10-27 20:14:59,LIKE,https://www.linkedin.com/feed/update/urn%3Ali%3Aactivity%3A6195266081234440193
2016-10-27 20:14:57,LIKE,https://www.linkedin.com/feed/update/urn%3Ali%3Aactivity%3A6197064633291993088
2016-10-27 20:14:53,LIKE,https://www.linkedin.com/feed/update/urn%3Ali%3Aactivity%3A6197265817302757376
2016-10-27 20:14:49,LIKE,https://www.linkedin.com/feed/update/urn%3Ali%3Aactivity%3A6197265547877453824
2016-10-27 16:51:41,LIKE,https://www.linkedin.com/feed/update/urn%3Ali%3Aarticle%3A7957161668993638708?commentUrn=urn%3Ali%3Acomment%3A%28article%3A7957161668993638708%2C6197448887070912512%29
2016-10-25 20:17:10,LIKE,https://www.linkedin.com/feed/update/urn%3Ali%3Aactivity%3A6193995516800434177
2016-10-25 20:17:08,LIKE,https://www.linkedin.com/feed/update/urn%3Ali%3Aactivity%3A6193786955881373696
2016-10-25 20:17:07,LIKE,https://www.linkedin.com/feed/update/urn%3Ali%3Aactivity%3A6193631706256277506
2016-10-25 20:17:05,LIKE,https://www.linkedin.com/feed/update/urn%3Ali%3Aactivity%3A6193789881370578944
2016-10-25 20:17:03,LIKE,https://www.linkedin.com/feed/update/urn%3Ali%3Aactivity%3A6194719864993648640
2016-10-25 20:17:01,LIKE,https://www.linkedin.com/feed/update/urn%3Ali%3Aactivity%3A6195228666394353664
2016-10-25 20:16:59,LIKE,https://www.linkedin.com/feed/update/urn%3Ali%3Aactivity%3A6196168826896285696
2016-10-25 20:16:57,LIKE,https://www.linkedin.com/feed/update/urn%3Ali%3Aactivity%3A6196168415355379714
2016-10-25 20:16:55,LIKE,https://www.linkedin.com/feed/update/urn%3Ali%3Aactivity%3A6195736141392596992
2016-10-25 20:16:53,LIKE,https://www.linkedin.com/feed/update/urn%3Ali%3Aactivity%3A6196529831102939136
2016-10-24 18:42:42,LIKE,https://www.linkedin.com/feed/update/urn%3Ali%3Aactivity%3A6194509420865609728
2016-10-24 18:32:05,LIKE,https://www.linkedin.com/feed/update/urn%3Ali%3Aactivity%3A6196289082306359296
2016-10-21 17:35:40,LIKE,https://www.linkedin.com/feed/update/urn%3Ali%3Aactivity%3A6194620466238414849
2016-10-21 07:09:28,LIKE,https://www.linkedin.com/feed/update/urn%3Ali%3Aactivity%3A6192221511177342976
2016-10-20 20:14:01,LIKE,https://www.linkedin.com/feed/update/urn%3Ali%3Aactivity%3A6194196025377333248
2016-10-20 16:44:18,LIKE,https://www.linkedin.com/feed/update/urn%3Ali%3Aactivity%3A6188999702986493952
2016-10-20 16:43:11,LIKE,https://www.linkedin.com/feed/update/urn%3Ali%3Aactivity%3A6121330887318650880
2016-10-20 02:22:26,LIKE,https://www.linkedin.com/feed/update/urn%3Ali%3Aarticle%3A8185277556685182099?commentUrn=urn%3Ali%3Acomment%3A%28article%3A8185277556685182099%2C6194680163561725952%29
2016-10-19 22:36:52,LIKE,https://www.linkedin.com/feed/update/urn%3Ali%3Aactivity%3A6184768829168586752
2016-10-19 20:58:25,LIKE,https://www.linkedin.com/feed/update/urn%3Ali%3Aarticle%3A8306993066919258770?commentUrn=urn%3Ali%3Acomment%3A%28article%3A8306993066919258770%2C6194254605128318976%29
2016-10-15 21:10:51,LIKE,https://www.linkedin.com/feed/update/urn%3Ali%3AgroupPost%3A66325-6171458217629986820
2016-10-07 17:37:56,LIKE,https://www.linkedin.com/feed/update/urn%3Ali%3Aactivity%3A6187718143738146816
2016-10-06 19:30:43,LIKE,https://www.linkedin.com/feed/update/urn%3Ali%3Aactivity%3A6186159716494774274
2016-10-05 01:12:18,LIKE,https://www.linkedin.com/feed/update/urn%3Ali%3Aactivity%3A6184709676760858626
2016-10-05 01:12:17,LIKE,https://www.linkedin.com/feed/update/urn%3Ali%3Aactivity%3A6186506518804865024
2016-10-05 01:12:15,LIKE,https://www.linkedin.com/feed/update/urn%3Ali%3Aactivity%3A6186159548265431040
2016-10-05 01:12:13,LIKE,https://www.linkedin.com/feed/update/urn%3Ali%3Aactivity%3A6184468354904924160
2016-10-05 01:12:10,LIKE,https://www.linkedin.com/feed/update/urn%3Ali%3Aactivity%3A6186635718601748480
2016-10-05 01:12:08,LIKE,https://www.linkedin.com/feed/update/urn%3Ali%3Aactivity%3A6186231826047074304
2016-10-05 01:12:00,LIKE,https://www.linkedin.com/feed/update/urn%3Ali%3Aactivity%3A6188488131298238464
2016-10-05 01:11:55,LIKE,https://www.linkedin.com/feed/update/urn%3Ali%3Aactivity%3A6189066558447411200
2016-09-28 15:18:06,LIKE,https://www.linkedin.com/feed/update/urn%3Ali%3Aactivity%3A6185684774573592576
